-- MySQL dump 10.13  Distrib 8.0.36, for Win64 (x86_64)
--
-- Host: k10e206.p.ssafy.io    Database: ggomal
-- ------------------------------------------------------
-- Server version	8.0.33

/*!40101 SET @OLD_CHARACTER_SET_CLIENT=@@CHARACTER_SET_CLIENT */;
/*!40101 SET @OLD_CHARACTER_SET_RESULTS=@@CHARACTER_SET_RESULTS */;
/*!40101 SET @OLD_COLLATION_CONNECTION=@@COLLATION_CONNECTION */;
/*!50503 SET NAMES utf8 */;
/*!40103 SET @OLD_TIME_ZONE=@@TIME_ZONE */;
/*!40103 SET TIME_ZONE='+00:00' */;
/*!40014 SET @OLD_UNIQUE_CHECKS=@@UNIQUE_CHECKS, UNIQUE_CHECKS=0 */;
/*!40014 SET @OLD_FOREIGN_KEY_CHECKS=@@FOREIGN_KEY_CHECKS, FOREIGN_KEY_CHECKS=0 */;
/*!40101 SET @OLD_SQL_MODE=@@SQL_MODE, SQL_MODE='NO_AUTO_VALUE_ON_ZERO' */;
/*!40111 SET @OLD_SQL_NOTES=@@SQL_NOTES, SQL_NOTES=0 */;

--
-- Table structure for table `bear_record`
--

DROP TABLE IF EXISTS `bear_record`;
/*!40101 SET @saved_cs_client     = @@character_set_client */;
/*!50503 SET character_set_client = utf8mb4 */;
CREATE TABLE `bear_record` (
  `bear_record_id` bigint NOT NULL AUTO_INCREMENT,
  `member_id` bigint NOT NULL COMMENT '아이 관리번호',
  `word_id` bigint NOT NULL COMMENT '아이가 발음한 단어',
  `game_num` bigint NOT NULL COMMENT '게임 번호',
  `pronunciation` varchar(255) DEFAULT NULL COMMENT '아이가 발음한 것을 STT로 변환한 기록',
  `pron_count` tinyint DEFAULT NULL,
  `score` float DEFAULT NULL COMMENT '아이가 발음한 것을 발음평가 api 사용하여 평가한 점수',
  `created_at` timestamp NOT NULL DEFAULT CURRENT_TIMESTAMP,
  `modified_at` timestamp NOT NULL DEFAULT CURRENT_TIMESTAMP ON UPDATE CURRENT_TIMESTAMP,
  `deleted_at` timestamp NULL DEFAULT NULL,
  PRIMARY KEY (`bear_record_id`)
) ENGINE=InnoDB AUTO_INCREMENT=71 DEFAULT CHARSET=utf8mb4 COLLATE=utf8mb4_0900_ai_ci;
/*!40101 SET character_set_client = @saved_cs_client */;

--
-- Dumping data for table `bear_record`
--

LOCK TABLES `bear_record` WRITE;
/*!40000 ALTER TABLE `bear_record` DISABLE KEYS */;
INSERT INTO `bear_record` VALUES (1,4,1,1,'치즈',3,3.93264,'2024-05-06 13:11:33','2024-05-06 13:11:33',NULL),(2,4,1,1,'햄버거',2,2.51902,'2024-05-07 00:22:22','2024-05-07 00:22:22',NULL),(3,4,1,1,'햄버거',2,2.51902,'2024-05-07 00:26:41','2024-05-07 00:26:41',NULL),(4,4,1,1,'햄버거',2,2.51902,'2024-05-07 08:42:27','2024-05-07 08:42:27',NULL),(5,4,11,14,'햄버거',21,1,'2024-05-07 08:43:25','2024-05-07 08:43:25',NULL),(6,4,11,14,'햄버거',21,1,'2024-05-07 08:44:40','2024-05-07 08:44:40',NULL),(7,4,11,14,'햄버거',21,0,'2024-05-07 08:45:27','2024-05-07 08:45:27',NULL),(8,4,11,14,'햄버거',21,0,'2024-05-07 08:51:43','2024-05-07 08:51:43',NULL),(9,4,11,14,'햄버거',21,1.56287,'2024-05-07 08:52:09','2024-05-07 08:52:09',NULL),(10,4,11,14,'햄버거',21,1.56287,'2024-05-09 08:58:10','2024-05-09 08:58:10',NULL),(11,4,11,14,'햄버거',21,0,'2024-05-09 08:59:20','2024-05-09 08:59:20',NULL),(12,4,11,14,'햄버거',21,1.56287,'2024-05-09 08:59:27','2024-05-09 08:59:27',NULL),(13,4,11,14,'햄버거',21,1.56287,'2024-05-09 08:59:39','2024-05-09 08:59:39',NULL),(14,4,11,14,'햄버거',21,0,'2024-05-09 08:59:56','2024-05-09 08:59:56',NULL),(15,4,11,14,'햄버거',21,1.94449,'2024-05-10 01:01:29','2024-05-10 01:01:29',NULL),(16,4,11,14,'햄버거',21,1.94449,'2024-05-10 01:01:45','2024-05-10 01:01:45',NULL),(17,4,11,14,'햄버거',21,1.94449,'2024-05-09 16:03:00','2024-05-09 16:03:00',NULL),(18,4,11,14,'햄버거',21,1.94449,'2024-05-10 01:17:13','2024-05-10 01:17:13',NULL),(19,4,11,14,'햄버거',21,0,'2024-05-10 01:49:04','2024-05-10 01:49:04',NULL),(20,4,11,14,'햄버거',21,1,'2024-05-10 01:49:13','2024-05-10 01:49:13',NULL),(21,4,11,14,'햄버거',21,1,'2024-05-10 02:01:58','2024-05-10 02:01:58',NULL),(22,4,11,14,'햄버거',21,1,'2024-05-10 02:04:15','2024-05-10 02:04:15',NULL),(23,4,11,14,'햄버거',21,1.94449,'2024-05-10 02:04:31','2024-05-10 02:04:31',NULL),(24,4,11,14,'햄버거',21,0,'2024-05-10 02:04:39','2024-05-10 02:04:39',NULL),(25,4,11,14,'햄버거',21,1,'2024-05-10 02:04:48','2024-05-10 02:04:48',NULL),(26,4,11,14,'햄버거',21,1.25654,'2024-05-10 02:04:55','2024-05-10 02:04:55',NULL),(27,4,11,14,'햄버거',21,1.25654,'2024-05-10 02:23:03','2024-05-10 02:23:03',NULL),(28,4,11,14,'햄버거',21,1.25654,'2024-05-10 03:02:49','2024-05-10 03:02:49',NULL),(29,4,11,14,'토마토로 주세요',21,0,'2024-05-10 03:06:36','2024-05-10 03:06:36',NULL),(30,4,11,14,'토마토로 주세요',21,1.80429,'2024-05-10 03:07:04','2024-05-10 03:07:04',NULL),(31,4,3,3,'치즈',3,64,'2024-05-12 06:53:33','2024-05-12 06:53:33',NULL),(32,4,3,3,'치즈',3,49,'2024-05-12 06:58:08','2024-05-12 06:58:08',NULL),(33,4,3,3,'치즈',3,70,'2024-05-12 06:58:47','2024-05-12 06:58:47',NULL),(34,4,3,3,'피망 넣어 주세요',3,94,'2024-05-12 07:14:17','2024-05-12 07:14:17',NULL),(35,4,3,3,'어른',3,72,'2024-05-12 07:16:12','2024-05-12 07:16:12',NULL),(36,4,3,3,'어른',3,72,'2024-05-11 22:39:51','2024-05-11 22:39:51',NULL),(37,4,3,3,'피망 넣어 주세요',3,10,'2024-05-11 22:40:37','2024-05-11 22:40:37',NULL),(38,4,3,3,'피망 넣어 주세요',3,94,'2024-05-11 22:40:50','2024-05-11 22:40:50',NULL),(39,4,3,3,'피망 넣어 주세요',3,91,'2024-05-11 22:41:00','2024-05-11 22:41:00',NULL),(40,4,3,3,'피망 넣어 주세요',3,80,'2024-05-11 22:41:06','2024-05-11 22:41:06',NULL),(41,4,3,3,'피망 넣어 주세요',3,53,'2024-05-11 22:41:45','2024-05-11 22:41:45',NULL),(42,4,3,3,'피망 넣어 주세요',3,64,'2024-05-11 22:42:21','2024-05-11 22:42:21',NULL),(43,4,3,3,'피망 넣어 주세요',3,64,'2024-05-11 22:45:05','2024-05-11 22:45:05',NULL),(44,4,3,3,'피망 넣어 주세요',3,64,'2024-05-11 22:48:13','2024-05-11 22:48:13',NULL),(45,4,11,14,'토마토로 주세요',21,95,'2024-05-13 00:48:55','2024-05-13 00:48:55',NULL),(46,4,9,9,'기탁',3,2,'2024-05-14 22:45:04','2024-05-14 22:45:04',NULL),(47,4,3,3,'어른',3,72,'2024-05-15 17:02:03','2024-05-15 17:02:03',NULL),(48,4,24,1,'선인장',3,40,'2024-05-16 12:13:39','2024-05-19 12:18:12',NULL),(49,4,51,1,'청소기',3,55,'2024-05-17 12:13:39','2024-05-19 12:18:12',NULL),(50,4,134,1,'사다리',3,70,'2024-05-18 12:13:39','2024-05-19 12:18:12',NULL),(51,4,135,1,'샌드위치',3,85,'2024-05-19 12:13:39','2024-05-19 12:17:41',NULL),(52,4,136,1,'세면대',3,90,'2024-05-19 12:13:39','2024-05-19 12:18:12',NULL),(53,4,6,1,'공룡',3,30,'2024-05-13 12:24:09','2024-05-19 12:25:21',NULL),(54,4,7,1,'냉장고',3,38,'2024-05-14 12:24:09','2024-05-19 12:25:21',NULL),(55,4,8,1,'단풍',3,50,'2024-05-15 12:24:09','2024-05-19 12:25:21',NULL),(56,4,28,1,'쓰레기통',3,45,'2024-05-16 12:24:09','2024-05-19 12:25:21',NULL),(57,4,47,1,'저금통',3,57,'2024-05-17 12:24:09','2024-05-19 12:25:21',NULL),(58,4,55,1,'탕후루',3,70,'2024-05-18 12:24:09','2024-05-19 12:25:21',NULL),(59,4,96,1,'다람쥐',3,77,'2024-05-19 12:24:09','2024-05-19 12:24:09',NULL),(60,4,111,1,'가로등',3,80,'2024-05-19 12:24:09','2024-05-19 12:24:09',NULL),(61,4,40,1,'유령',3,30,'2024-05-15 12:30:16','2024-05-19 12:33:30',NULL),(62,4,60,1,'호랑이',3,38,'2024-05-15 12:30:16','2024-05-19 12:33:30',NULL),(63,4,50,1,'지렁이',3,50,'2024-05-16 12:30:16','2024-05-19 12:33:30',NULL),(64,4,130,1,'루돌프',3,45,'2024-05-16 12:30:16','2024-05-19 12:33:30',NULL),(65,4,290,1,'립스틱',3,57,'2024-05-16 12:30:16','2024-05-19 12:34:26',NULL),(66,4,552,1,'개나리',3,70,'2024-05-17 12:30:16','2024-05-19 12:33:30',NULL),(67,4,523,1,'고래',3,77,'2024-05-18 12:30:16','2024-05-19 12:33:30',NULL),(68,4,526,1,'기린',3,65,'2024-05-18 12:30:16','2024-05-19 12:34:01',NULL),(69,4,527,1,'너구리',3,80,'2024-05-19 12:30:16','2024-05-19 12:30:16',NULL),(70,4,551,1,'병아리',3,85,'2024-05-19 12:30:16','2024-05-19 12:30:16',NULL);
/*!40000 ALTER TABLE `bear_record` ENABLE KEYS */;
UNLOCK TABLES;

--
-- Table structure for table `chick_recognition`
--

DROP TABLE IF EXISTS `chick_recognition`;
/*!40101 SET @saved_cs_client     = @@character_set_client */;
/*!50503 SET character_set_client = utf8mb4 */;
CREATE TABLE `chick_recognition` (
  `chick_recognition_id` bigint NOT NULL AUTO_INCREMENT,
  `origin_text` varchar(45) COLLATE utf8mb4_unicode_ci NOT NULL,
  `recognition_scope` varchar(45) COLLATE utf8mb4_unicode_ci NOT NULL,
  PRIMARY KEY (`chick_recognition_id`)
) ENGINE=InnoDB AUTO_INCREMENT=39 DEFAULT CHARSET=utf8mb4 COLLATE=utf8mb4_unicode_ci;
/*!40101 SET character_set_client = @saved_cs_client */;

--
-- Dumping data for table `chick_recognition`
--

LOCK TABLES `chick_recognition` WRITE;
/*!40000 ALTER TABLE `chick_recognition` DISABLE KEYS */;
INSERT INTO `chick_recognition` VALUES (1,'햄','햄'),(2,'햄 넣어','햄 넣어'),(3,'햄 넣어','햄넣어'),(4,'피자','피자'),(5,'피자 넣어','피자 넣어'),(6,'피자 넣어','피자넣어'),(7,'넣어','넣어'),(8,'토마토','토마토'),(9,'토마토 넣어','토마토 넣어'),(10,'토마토 넣어','토마토넣어'),(11,'올리브','올리브'),(12,'올리브 넣어','올리브 넣어'),(13,'올리브 넣어','올리브넣어'),(14,'햄 넣어','햄 너어'),(15,'햄 넣어','햄너어'),(16,'피자 넣어','피자 너어'),(17,'피자 넣어','피자너어'),(18,'고기 넣어','고기 너어'),(19,'고기 넣어','고기너어'),(20,'버섯 넣어','버섯 너어'),(21,'버섯 넣어','버섯너어'),(22,'토마토 넣어','토마토 너어'),(23,'토마토 넣어','토마토너어'),(24,'올리브 넣어','올리브 너어'),(25,'올리브 넣어','올리브너어'),(26,'이불 치워','이불 치워'),(27,'이불 치워','이불치워'),(28,'돌 치워','돌 치워'),(29,'물 치워','물치워'),(30,'안경 치워','안경 치워'),(31,'안경 치워','안경치워'),(32,'넣어','너어'),(33,'피망 넣어','희망로'),(34,'피망 넣어','희망로 5'),(35,'안경 정리 해주세요','안경 정리 해주세요'),(36,'안경 정리 해주세요','안경 정리해주세요'),(37,'피망 넣어주세요','피망 넣어주세요'),(38,'토마토 넣어주세요','토마토 넣어주세요');
/*!40000 ALTER TABLE `chick_recognition` ENABLE KEYS */;
UNLOCK TABLES;

--
-- Table structure for table `chick_record`
--

DROP TABLE IF EXISTS `chick_record`;
/*!40101 SET @saved_cs_client     = @@character_set_client */;
/*!50503 SET character_set_client = utf8mb4 */;
CREATE TABLE `chick_record` (
  `chick_record_id` bigint NOT NULL AUTO_INCREMENT,
  `member_id` bigint NOT NULL,
  `game_num` bigint NOT NULL,
  `pronunciation` varchar(255) DEFAULT NULL,
  `score` float DEFAULT NULL,
  `created_at` timestamp NOT NULL DEFAULT CURRENT_TIMESTAMP,
  `modified_at` timestamp NOT NULL DEFAULT CURRENT_TIMESTAMP ON UPDATE CURRENT_TIMESTAMP,
  `deleted_at` timestamp NULL DEFAULT NULL,
  PRIMARY KEY (`chick_record_id`)
) ENGINE=InnoDB AUTO_INCREMENT=1518 DEFAULT CHARSET=utf8mb4 COLLATE=utf8mb4_0900_ai_ci;
/*!40101 SET character_set_client = @saved_cs_client */;

--
-- Dumping data for table `chick_record`
--

LOCK TABLES `chick_record` WRITE;
/*!40000 ALTER TABLE `chick_record` DISABLE KEYS */;
INSERT INTO `chick_record` VALUES (1,4,1,'어른',3.12111,'2024-05-08 22:47:06','2024-05-08 22:47:06',NULL),(2,4,1,'',0,'2024-05-08 23:04:13','2024-05-08 23:04:13',NULL),(3,4,1,'',0,'2024-05-08 23:07:18','2024-05-08 23:07:18',NULL),(4,4,1,'',0,'2024-05-08 23:07:27','2024-05-08 23:07:27',NULL),(5,4,1,'',0,'2024-05-08 23:07:32','2024-05-08 23:07:32',NULL),(6,4,1,'',0,'2024-05-08 23:10:07','2024-05-08 23:10:07',NULL),(7,4,1,'',0,'2024-05-08 23:10:16','2024-05-08 23:10:16',NULL),(8,4,1,'',0,'2024-05-08 23:11:35','2024-05-08 23:11:35',NULL),(9,4,1,'햄머',0,'2024-05-08 23:24:43','2024-05-08 23:24:43',NULL),(10,4,1,'세모',0,'2024-05-08 23:24:54','2024-05-08 23:24:54',NULL),(11,4,1,'희망로',0,'2024-05-08 23:25:28','2024-05-08 23:25:28',NULL),(12,4,1,'임항로',0,'2024-05-08 23:25:41','2024-05-08 23:25:41',NULL),(13,4,1,'',0,'2024-05-08 23:26:21','2024-05-08 23:26:21',NULL),(14,4,1,'',0,'2024-05-08 23:27:28','2024-05-08 23:27:28',NULL),(15,4,1,'',0,'2024-05-08 23:27:35','2024-05-08 23:27:35',NULL),(16,4,1,'',0,'2024-05-08 23:27:37','2024-05-08 23:27:37',NULL),(17,4,1,'',0,'2024-05-08 23:27:48','2024-05-08 23:27:48',NULL),(18,4,1,'',0,'2024-05-08 23:27:59','2024-05-08 23:27:59',NULL),(19,4,1,'보삼로',0,'2024-05-08 23:29:26','2024-05-08 23:29:26',NULL),(20,4,1,'',0,'2024-05-08 23:29:40','2024-05-08 23:29:40',NULL),(21,4,1,'버섯 넣어',0,'2024-05-08 23:29:49','2024-05-08 23:29:49',NULL),(22,4,1,'',0,'2024-05-08 23:29:57','2024-05-08 23:29:57',NULL),(23,4,1,'버섯',0,'2024-05-08 23:30:04','2024-05-08 23:30:04',NULL),(24,4,1,'팬더',0,'2024-05-08 23:30:18','2024-05-08 23:30:18',NULL),(25,4,1,'',0,'2024-05-08 23:32:52','2024-05-08 23:32:52',NULL),(26,4,1,'헬로',0,'2024-05-08 23:33:13','2024-05-08 23:33:13',NULL),(27,4,1,'엠로',0,'2024-05-08 23:33:18','2024-05-08 23:33:18',NULL),(28,4,1,'햄버거',0,'2024-05-08 23:33:46','2024-05-08 23:33:46',NULL),(29,4,1,'햄 록',0,'2024-05-08 23:34:17','2024-05-08 23:34:17',NULL),(30,4,1,'고기로',0,'2024-05-08 23:34:24','2024-05-08 23:34:24',NULL),(31,4,1,'꺼',0,'2024-05-08 23:34:37','2024-05-08 23:34:37',NULL),(32,4,1,'버섯 노래',0,'2024-05-08 23:35:03','2024-05-08 23:35:03',NULL),(33,4,1,'olive young',0,'2024-05-08 23:35:20','2024-05-08 23:35:20',NULL),(34,4,1,'',0,'2024-05-08 23:36:00','2024-05-08 23:36:00',NULL),(35,4,1,'희망로 5',0,'2024-05-08 23:36:15','2024-05-08 23:36:15',NULL),(36,4,1,'희망로',0,'2024-05-08 23:36:32','2024-05-08 23:36:32',NULL),(37,4,1,'토마토 넣어 주세요',0,'2024-05-08 23:37:05','2024-05-08 23:37:05',NULL),(38,4,1,'희망로',0,'2024-05-08 23:37:32','2024-05-08 23:37:32',NULL),(39,4,1,'비망록 주세요',0,'2024-05-08 23:37:51','2024-05-08 23:37:51',NULL),(40,4,1,'피망 넣어 주세요',0,'2024-05-08 23:38:09','2024-05-08 23:38:09',NULL),(41,4,1,'피망',0,'2024-05-08 23:38:47','2024-05-08 23:38:47',NULL),(42,4,1,'희망로 주세요',0,'2024-05-08 23:39:41','2024-05-08 23:39:41',NULL),(43,4,1,'파프리카 넣어 주세요',0,'2024-05-08 23:40:00','2024-05-08 23:40:00',NULL),(44,4,1,'희망로',0,'2024-05-08 23:41:29','2024-05-08 23:41:29',NULL),(45,4,1,'고기 더',0,'2024-05-08 23:41:42','2024-05-08 23:41:42',NULL),(46,4,1,'고기 넣어',0,'2024-05-08 23:41:48','2024-05-08 23:41:48',NULL),(47,4,1,'고기동',0,'2024-05-08 23:42:00','2024-05-08 23:42:00',NULL),(48,4,1,'고기 먹어',0,'2024-05-08 23:42:09','2024-05-08 23:42:09',NULL),(49,4,1,'고기로',0,'2024-05-08 23:42:14','2024-05-08 23:42:14',NULL),(50,4,1,'고기 넣어 주세요',0,'2024-05-08 23:42:20','2024-05-08 23:42:20',NULL),(51,4,1,'희망로',0,'2024-05-08 23:43:38','2024-05-08 23:43:38',NULL),(52,4,1,'피망',0,'2024-05-08 23:43:49','2024-05-08 23:43:49',NULL),(53,4,1,'버섯',0,'2024-05-08 23:44:00','2024-05-08 23:44:00',NULL),(54,4,1,'',0,'2024-05-08 23:44:13','2024-05-08 23:44:13',NULL),(55,4,1,'피망',0,'2024-05-08 23:44:21','2024-05-08 23:44:21',NULL),(56,4,1,'희망로',0,'2024-05-08 23:44:42','2024-05-08 23:44:42',NULL),(57,4,1,'희망로',0,'2024-05-08 23:45:08','2024-05-08 23:45:08',NULL),(58,4,1,'헬로',0,'2024-05-08 23:45:19','2024-05-08 23:45:19',NULL),(59,4,1,'버섯',0,'2024-05-08 23:45:28','2024-05-08 23:45:28',NULL),(60,4,1,'',0,'2024-05-08 23:47:52','2024-05-08 23:47:52',NULL),(61,4,1,'희망로',0,'2024-05-08 23:51:52','2024-05-08 23:51:52',NULL),(62,4,1,'피망',0,'2024-05-08 23:52:07','2024-05-08 23:52:07',NULL),(63,4,1,'희망로',0,'2024-05-08 23:52:27','2024-05-08 23:52:27',NULL),(64,4,1,'피망',0,'2024-05-08 23:52:41','2024-05-08 23:52:41',NULL),(65,4,1,'',0,'2024-05-08 23:58:02','2024-05-08 23:58:02',NULL),(66,4,1,'고기동',0,'2024-05-09 03:33:32','2024-05-09 03:33:32',NULL),(67,4,1,'희망로',0,'2024-05-09 03:33:40','2024-05-09 03:33:40',NULL),(68,4,1,'',0,'2024-05-09 03:34:22','2024-05-09 03:34:22',NULL),(69,4,1,'올리브 주세요',0,'2024-05-09 03:36:44','2024-05-09 03:36:44',NULL),(70,4,1,'올리브 키워 주세요',0,'2024-05-09 03:37:26','2024-05-09 03:37:26',NULL),(71,4,1,'안경 씌워 주세요',0,'2024-05-09 03:37:46','2024-05-09 03:37:46',NULL),(72,4,1,'볼륨 키워',0,'2024-05-09 03:38:20','2024-05-09 03:38:20',NULL),(73,4,1,'볼륨 키워',0,'2024-05-09 03:38:30','2024-05-09 03:38:30',NULL),(74,4,1,'이불',0,'2024-05-09 03:38:40','2024-05-09 03:38:40',NULL),(75,4,1,'이불',0,'2024-05-09 03:38:48','2024-05-09 03:38:48',NULL),(76,4,1,'지워 주세요',0,'2024-05-09 03:39:31','2024-05-09 03:39:31',NULL),(77,4,1,'이불 씌워 주세요',0,'2024-05-09 03:39:40','2024-05-09 03:39:40',NULL),(78,4,1,'이불 주세요',0,'2024-05-09 03:39:50','2024-05-09 03:39:50',NULL),(79,4,1,'이불 틀어 주세요',0,'2024-05-09 03:39:59','2024-05-09 03:39:59',NULL),(80,4,1,'이불 씌워 주세요',0,'2024-05-09 03:40:10','2024-05-09 03:40:10',NULL),(81,4,1,'이불 틀어 주세요',0,'2024-05-09 03:40:19','2024-05-09 03:40:19',NULL),(82,4,1,'이불',0,'2024-05-09 03:40:26','2024-05-09 03:40:26',NULL),(83,4,1,'이불 청소 해주세요',0,'2024-05-09 03:40:29','2024-05-09 03:40:29',NULL),(84,4,1,'이불 청소 해',0,'2024-05-09 03:40:37','2024-05-09 03:40:37',NULL),(85,4,1,'이불 정리해',0,'2024-05-09 03:40:54','2024-05-09 03:40:54',NULL),(86,4,1,'이불 정리 해주세요',0,'2024-05-09 03:41:00','2024-05-09 03:41:00',NULL),(87,4,1,'안경 정리 해주세요',0,'2024-05-09 03:42:31','2024-05-09 03:42:31',NULL),(88,4,1,'',0,'2024-05-09 04:02:12','2024-05-09 04:02:12',NULL),(89,4,1,'',0,'2024-05-09 04:03:14','2024-05-09 04:03:14',NULL),(90,4,1,'',0,'2024-05-09 04:03:21','2024-05-09 04:03:21',NULL),(91,4,1,'',0,'2024-05-09 04:03:22','2024-05-09 04:03:22',NULL),(92,4,1,'',0,'2024-05-09 04:03:27','2024-05-09 04:03:27',NULL),(93,4,1,'',0,'2024-05-09 04:03:56','2024-05-09 04:03:56',NULL),(94,4,1,'',0,'2024-05-09 04:04:49','2024-05-09 04:04:49',NULL),(95,4,1,'',0,'2024-05-09 04:04:55','2024-05-09 04:04:55',NULL),(96,4,1,'',0,'2024-05-09 04:04:56','2024-05-09 04:04:56',NULL),(97,4,1,'',0,'2024-05-09 04:05:00','2024-05-09 04:05:00',NULL),(98,4,1,'',0,'2024-05-09 04:05:01','2024-05-09 04:05:01',NULL),(99,4,1,'',0,'2024-05-09 04:05:10','2024-05-09 04:05:10',NULL),(100,4,1,'',0,'2024-05-09 04:05:14','2024-05-09 04:05:14',NULL),(101,4,1,'',0,'2024-05-09 04:05:17','2024-05-09 04:05:17',NULL),(102,4,1,'',0,'2024-05-09 04:07:17','2024-05-09 04:07:17',NULL),(103,4,1,'',0,'2024-05-09 04:07:19','2024-05-09 04:07:19',NULL),(104,4,1,'',0,'2024-05-09 04:07:23','2024-05-09 04:07:23',NULL),(105,4,1,'고기 넣어 주세요',0,'2024-05-09 04:07:36','2024-05-09 04:07:36',NULL),(106,4,1,'02 넣어 주세요',0,'2024-05-09 04:07:43','2024-05-09 04:07:43',NULL),(107,4,1,'',0,'2024-05-09 04:32:03','2024-05-09 04:32:03',NULL),(108,4,1,'',0,'2024-05-09 04:32:05','2024-05-09 04:32:05',NULL),(109,4,1,'',0,'2024-05-09 04:32:05','2024-05-09 04:32:05',NULL),(110,4,1,'',0,'2024-05-09 04:32:07','2024-05-09 04:32:07',NULL),(111,4,1,'',0,'2024-05-09 04:32:11','2024-05-09 04:32:11',NULL),(112,4,1,'',0,'2024-05-09 04:32:13','2024-05-09 04:32:13',NULL),(113,4,1,'',0,'2024-05-09 04:32:14','2024-05-09 04:32:14',NULL),(114,4,1,'',0,'2024-05-09 04:32:19','2024-05-09 04:32:19',NULL),(115,4,1,'',0,'2024-05-09 04:32:20','2024-05-09 04:32:20',NULL),(116,4,1,'',0,'2024-05-09 04:32:26','2024-05-09 04:32:26',NULL),(117,4,1,'',0,'2024-05-09 04:32:29','2024-05-09 04:32:29',NULL),(118,4,1,'',0,'2024-05-09 04:32:30','2024-05-09 04:32:30',NULL),(119,4,1,'',0,'2024-05-09 04:32:32','2024-05-09 04:32:32',NULL),(120,4,1,'',0,'2024-05-09 04:32:34','2024-05-09 04:32:34',NULL),(121,4,1,'',0,'2024-05-09 04:32:36','2024-05-09 04:32:36',NULL),(122,4,1,'',0,'2024-05-09 04:32:38','2024-05-09 04:32:38',NULL),(123,4,1,'',0,'2024-05-09 04:32:41','2024-05-09 04:32:41',NULL),(124,4,1,'',0,'2024-05-09 04:32:43','2024-05-09 04:32:43',NULL),(125,4,1,'',0,'2024-05-09 04:32:45','2024-05-09 04:32:45',NULL),(126,4,1,'',0,'2024-05-09 04:32:48','2024-05-09 04:32:48',NULL),(127,4,1,'',0,'2024-05-09 04:32:54','2024-05-09 04:32:54',NULL),(128,4,1,'',0,'2024-05-09 04:33:01','2024-05-09 04:33:01',NULL),(129,4,1,'',0,'2024-05-09 04:34:44','2024-05-09 04:34:44',NULL),(130,4,1,'',0,'2024-05-09 04:34:46','2024-05-09 04:34:46',NULL),(131,4,1,'',0,'2024-05-09 04:34:49','2024-05-09 04:34:49',NULL),(132,4,1,'',0,'2024-05-09 04:34:50','2024-05-09 04:34:50',NULL),(133,4,1,'',0,'2024-05-09 04:34:51','2024-05-09 04:34:51',NULL),(134,4,1,'',0,'2024-05-09 04:34:53','2024-05-09 04:34:53',NULL),(135,4,1,'',0,'2024-05-09 04:34:58','2024-05-09 04:34:58',NULL),(136,4,1,'',0,'2024-05-09 04:35:00','2024-05-09 04:35:00',NULL),(137,4,1,'',0,'2024-05-09 04:35:01','2024-05-09 04:35:01',NULL),(138,4,1,'',0,'2024-05-09 04:35:06','2024-05-09 04:35:06',NULL),(139,4,1,'',0,'2024-05-09 04:35:09','2024-05-09 04:35:09',NULL),(140,4,1,'',0,'2024-05-09 04:35:09','2024-05-09 04:35:09',NULL),(141,4,1,'',0,'2024-05-09 04:46:55','2024-05-09 04:46:55',NULL),(142,4,1,'',0,'2024-05-09 04:46:56','2024-05-09 04:46:56',NULL),(143,4,1,'',0,'2024-05-09 04:46:59','2024-05-09 04:46:59',NULL),(144,4,1,'',0,'2024-05-09 04:47:07','2024-05-09 04:47:07',NULL),(145,4,1,'',0,'2024-05-09 04:47:11','2024-05-09 04:47:11',NULL),(146,4,1,'',0,'2024-05-09 15:58:13','2024-05-09 15:58:13',NULL),(147,4,1,'',0,'2024-05-09 15:58:14','2024-05-09 15:58:14',NULL),(148,4,1,'',0,'2024-05-09 15:58:18','2024-05-09 15:58:18',NULL),(149,4,1,'',0,'2024-05-09 15:58:20','2024-05-09 15:58:20',NULL),(150,4,1,'',0,'2024-05-09 15:58:20','2024-05-09 15:58:20',NULL),(151,4,1,'',0,'2024-05-09 15:58:26','2024-05-09 15:58:26',NULL),(152,4,1,'',0,'2024-05-09 15:58:28','2024-05-09 15:58:28',NULL),(153,4,1,'',0,'2024-05-09 15:58:30','2024-05-09 15:58:30',NULL),(154,4,1,'',0,'2024-05-09 15:58:31','2024-05-09 15:58:31',NULL),(155,4,1,'',0,'2024-05-09 15:58:34','2024-05-09 15:58:34',NULL),(156,4,1,'',0,'2024-05-09 15:58:40','2024-05-09 15:58:40',NULL),(157,4,1,'',0,'2024-05-09 15:58:42','2024-05-09 15:58:42',NULL),(158,4,1,'',0,'2024-05-09 15:58:45','2024-05-09 15:58:45',NULL),(159,4,1,'',0,'2024-05-09 15:58:51','2024-05-09 15:58:51',NULL),(160,4,1,'',0,'2024-05-09 16:01:13','2024-05-09 16:01:13',NULL),(161,4,1,'',0,'2024-05-09 16:01:14','2024-05-09 16:01:14',NULL),(162,4,1,'',0,'2024-05-09 16:01:16','2024-05-09 16:01:16',NULL),(163,4,1,'',0,'2024-05-09 16:01:20','2024-05-09 16:01:20',NULL),(164,4,1,'',0,'2024-05-09 16:01:21','2024-05-09 16:01:21',NULL),(165,4,1,'',0,'2024-05-09 16:01:22','2024-05-09 16:01:22',NULL),(166,4,1,'',0,'2024-05-09 16:01:25','2024-05-09 16:01:25',NULL),(167,4,1,'',0,'2024-05-09 16:01:28','2024-05-09 16:01:28',NULL),(168,4,1,'',0,'2024-05-09 16:01:35','2024-05-09 16:01:35',NULL),(169,4,1,'안경 정리 해주세요',0,'2024-05-09 17:49:46','2024-05-09 17:49:46',NULL),(170,4,1,'희망로 주세요',0,'2024-05-09 17:50:20','2024-05-09 17:50:20',NULL),(171,4,1,'토마토 넣어 주세요',0,'2024-05-09 17:50:49','2024-05-09 17:50:49',NULL),(172,4,1,'햄버거',0,'2024-05-10 02:57:59','2024-05-10 02:57:59',NULL),(173,4,1,'햄버거',1.56287,'2024-05-10 02:58:20','2024-05-10 02:58:20',NULL),(174,4,1,'토마토로 주세요',0,'2024-05-10 03:00:39','2024-05-10 03:00:39',NULL),(175,4,1,'토마토로 주세요',0,'2024-05-10 03:00:58','2024-05-10 03:00:58',NULL),(176,4,1,'햄버거',1.25654,'2024-05-10 03:03:17','2024-05-10 03:03:17',NULL),(177,4,1,'토마토로 주세요',0,'2024-05-10 03:04:09','2024-05-10 03:04:09',NULL),(178,4,1,'토마토로 주세요',0,'2024-05-10 03:04:23','2024-05-10 03:04:23',NULL),(179,4,1,'토마토로 주세요',0,'2024-05-10 03:05:54','2024-05-10 03:05:54',NULL),(180,4,1,'토마토로 주세요',0,'2024-05-10 03:06:10','2024-05-10 03:06:10',NULL),(181,4,1,'정리해 주세요',0,'2024-05-09 18:43:35','2024-05-09 18:43:35',NULL),(182,4,1,'물 정리 해주세요',0,'2024-05-09 18:43:39','2024-05-09 18:43:39',NULL),(183,4,1,'물 정리 해주세요',0,'2024-05-09 18:43:43','2024-05-09 18:43:43',NULL),(184,4,1,'안경 정리 해주세요',0,'2024-05-09 18:43:50','2024-05-09 18:43:50',NULL),(185,4,1,'돌격리해 주세요',0,'2024-05-09 18:43:58','2024-05-09 18:43:58',NULL),(186,4,1,'불경 해주세요',0,'2024-05-09 18:44:02','2024-05-09 18:44:02',NULL),(187,4,1,'돌 정리해 주세요',0,'2024-05-09 18:44:08','2024-05-09 18:44:08',NULL),(188,4,1,'이불 정리 해주세요',0,'2024-05-09 18:44:14','2024-05-09 18:44:14',NULL),(189,4,1,'뜨거운 이불 정리해 주세요',0,'2024-05-09 18:44:20','2024-05-09 18:44:20',NULL),(190,4,1,'이불 정리 해주세요',0,'2024-05-09 18:44:27','2024-05-09 18:44:27',NULL),(191,4,1,'',0,'2024-05-09 20:26:22','2024-05-09 20:26:22',NULL),(192,4,1,'',0,'2024-05-09 20:26:22','2024-05-09 20:26:22',NULL),(193,4,1,'',0,'2024-05-09 20:26:31','2024-05-09 20:26:31',NULL),(194,4,1,'',0,'2024-05-09 20:26:32','2024-05-09 20:26:32',NULL),(195,3,1,'',0,'2024-05-09 20:34:51','2024-05-09 20:34:51',NULL),(196,4,1,'토마토 넣어 두세요',0,'2024-05-10 22:43:40','2024-05-10 22:43:40',NULL),(197,4,1,'토마토 노래',0,'2024-05-10 22:43:49','2024-05-10 22:43:49',NULL),(198,4,1,'',0,'2024-05-10 22:43:54','2024-05-10 22:43:54',NULL),(199,4,1,'',0,'2024-05-10 22:44:22','2024-05-10 22:44:22',NULL),(200,4,1,'',0,'2024-05-10 22:44:33','2024-05-10 22:44:33',NULL),(201,4,1,'',0,'2024-05-10 22:44:38','2024-05-10 22:44:38',NULL),(202,4,1,'',0,'2024-05-10 22:44:38','2024-05-10 22:44:38',NULL),(203,4,1,'',0,'2024-05-10 22:44:43','2024-05-10 22:44:43',NULL),(204,4,1,'이불 정리 해주세요',0,'2024-05-12 04:19:41','2024-05-12 04:19:41',NULL),(205,4,1,'고기 넣어 주세요',0,'2024-05-12 04:19:58','2024-05-12 04:19:58',NULL),(206,4,1,'',0,'2024-05-12 17:23:26','2024-05-12 17:23:26',NULL),(207,4,1,'햄 넣어주세요',0,'2024-05-13 03:57:20','2024-05-13 03:57:20',NULL),(208,4,1,'햄 넣어주세요',0,'2024-05-13 03:57:26','2024-05-13 03:57:26',NULL),(209,4,1,'햄 넣어주세요',0,'2024-05-13 03:57:28','2024-05-13 03:57:28',NULL),(210,4,1,'수갑 1',0,'2024-05-13 07:15:59','2024-05-13 07:15:59',NULL),(211,4,1,'수갑 1',0,'2024-05-13 07:16:04','2024-05-13 07:16:04',NULL),(212,4,1,'수갑 1',0,'2024-05-13 07:16:07','2024-05-13 07:16:07',NULL),(213,4,1,'수갑 1',0,'2024-05-13 09:07:35','2024-05-13 09:07:35',NULL),(214,4,1,'물 정리해주세요',0,'2024-05-13 16:55:50','2024-05-13 16:55:50',NULL),(215,4,1,'안경 정리해주세요',0.75,'2024-05-13 16:56:08','2024-05-13 16:56:08',NULL),(216,4,1,'이불 정리해주세요',0,'2024-05-13 16:58:55','2024-05-13 16:58:55',NULL),(217,4,1,'돌 정리해주세요',81.1429,'2024-05-13 16:59:06','2024-05-13 16:59:06',NULL),(218,4,1,'돌 정리해주세요',88.1429,'2024-05-13 16:59:27','2024-05-13 16:59:27',NULL),(219,4,1,'돌 정리해주세요',94.8571,'2024-05-13 16:59:36','2024-05-13 16:59:36',NULL),(220,4,1,'물 정리해주세요',94.2857,'2024-05-13 16:59:43','2024-05-13 16:59:43',NULL),(221,4,1,'이불 정리해주세요',0,'2024-05-13 17:03:16','2024-05-13 17:03:16',NULL),(222,4,1,'물 정리해주세요',0,'2024-05-13 17:05:01','2024-05-13 17:05:01',NULL),(223,4,1,'안경 정리해주세요',0,'2024-05-13 17:05:38','2024-05-13 17:05:38',NULL),(224,4,1,'안경 정리해주세요',64.875,'2024-05-13 17:05:48','2024-05-13 17:05:48',NULL),(225,4,1,'안경 정리해주세요',93.625,'2024-05-13 17:05:57','2024-05-13 17:05:57',NULL),(226,4,1,'안경 정리해주세요',0,'2024-05-13 17:07:25','2024-05-13 17:07:25',NULL),(227,4,1,'물 정리해주세요',0,'2024-05-13 17:08:34','2024-05-13 17:08:34',NULL),(228,4,1,'물 정리해주세요',0,'2024-05-13 17:08:35','2024-05-13 17:08:35',NULL),(229,4,1,'물 정리해주세요',0,'2024-05-13 17:08:37','2024-05-13 17:08:37',NULL),(230,4,1,'안경 정리해주세요',0,'2024-05-13 17:08:42','2024-05-13 17:08:42',NULL),(231,4,1,'안경 정리해주세요',0,'2024-05-13 17:10:02','2024-05-13 17:10:02',NULL),(232,4,1,'안경 정리해주세요',0,'2024-05-13 17:10:06','2024-05-13 17:10:06',NULL),(233,4,1,'안경 정리해주세요',0,'2024-05-13 17:10:28','2024-05-13 17:10:28',NULL),(234,4,1,'안경 정리해주세요',0,'2024-05-13 17:10:31','2024-05-13 17:10:31',NULL),(235,4,1,'안경 정리해주세요',0,'2024-05-13 17:10:37','2024-05-13 17:10:37',NULL),(236,4,1,'물 정리해주세요',0,'2024-05-13 17:11:05','2024-05-13 17:11:05',NULL),(237,4,1,'물 정리해주세요',0,'2024-05-13 17:13:22','2024-05-13 17:13:22',NULL),(238,4,1,'안경 정리해주세요',0,'2024-05-13 17:16:32','2024-05-13 17:16:32',NULL),(239,4,1,'안경 정리해주세요',0,'2024-05-13 17:16:38','2024-05-13 17:16:38',NULL),(240,4,1,'안경 정리해주세요',73.75,'2024-05-13 17:16:43','2024-05-13 17:16:43',NULL),(241,4,1,'이불 정리해주세요',0,'2024-05-13 17:16:54','2024-05-13 17:16:54',NULL),(242,4,1,'물 정리해주세요',0,'2024-05-13 17:17:36','2024-05-13 17:17:36',NULL),(243,4,1,'고기 넣어주세요',0,'2024-05-13 20:34:09','2024-05-13 20:34:09',NULL),(244,4,1,'고기 넣어주세요',0,'2024-05-13 20:34:10','2024-05-13 20:34:10',NULL),(245,4,1,'고기 넣어주세요',0,'2024-05-13 20:34:11','2024-05-13 20:34:11',NULL),(246,4,1,'햄 넣어주세요',0,'2024-05-13 20:34:16','2024-05-13 20:34:16',NULL),(247,4,1,'햄 넣어주세요',0,'2024-05-13 20:34:16','2024-05-13 20:34:16',NULL),(248,4,1,'햄 넣어주세요',0,'2024-05-13 20:34:17','2024-05-13 20:34:17',NULL),(249,4,1,'버섯 넣어주세요',0,'2024-05-13 20:34:20','2024-05-13 20:34:20',NULL),(250,4,1,'버섯 넣어주세요',0,'2024-05-13 20:34:21','2024-05-13 20:34:21',NULL),(251,4,1,'버섯 넣어주세요',0,'2024-05-13 20:34:21','2024-05-13 20:34:21',NULL),(252,4,1,'올리브 넣어주세요',0,'2024-05-13 20:34:23','2024-05-13 20:34:23',NULL),(253,4,1,'올리브 넣어주세요',0,'2024-05-13 20:34:24','2024-05-13 20:34:24',NULL),(254,4,1,'올리브 넣어주세요',0,'2024-05-13 20:34:25','2024-05-13 20:34:25',NULL),(255,4,1,'버섯 넣어주세요',0,'2024-05-13 20:34:27','2024-05-13 20:34:27',NULL),(256,4,1,'버섯 넣어주세요',0.142857,'2024-05-13 20:34:28','2024-05-13 20:34:28',NULL),(257,4,1,'버섯 넣어주세요',0,'2024-05-13 20:34:29','2024-05-13 20:34:29',NULL),(258,4,1,'토마토 넣어주세요',0,'2024-05-13 20:34:31','2024-05-13 20:34:31',NULL),(259,4,1,'토마토 넣어주세요',0,'2024-05-13 20:34:32','2024-05-13 20:34:32',NULL),(260,4,1,'토마토 넣어주세요',0,'2024-05-13 20:34:32','2024-05-13 20:34:32',NULL),(261,4,1,'햄 넣어주세요',0,'2024-05-13 21:07:59','2024-05-13 21:07:59',NULL),(262,4,1,'햄 넣어주세요',0,'2024-05-13 21:07:59','2024-05-13 21:07:59',NULL),(263,4,1,'햄 넣어주세요',0,'2024-05-13 21:08:00','2024-05-13 21:08:00',NULL),(264,4,1,'고기 넣어주세요',0.142857,'2024-05-13 21:08:03','2024-05-13 21:08:03',NULL),(265,4,1,'고기 넣어주세요',0.428571,'2024-05-13 21:08:03','2024-05-13 21:08:03',NULL),(266,4,1,'고기 넣어주세요',0,'2024-05-13 21:08:04','2024-05-13 21:08:04',NULL),(267,4,1,'토마토 넣어주세요',0,'2024-05-13 21:08:06','2024-05-13 21:08:06',NULL),(268,4,1,'토마토 넣어주세요',0,'2024-05-13 21:08:07','2024-05-13 21:08:07',NULL),(269,4,1,'토마토 넣어주세요',0,'2024-05-13 21:08:08','2024-05-13 21:08:08',NULL),(270,4,1,'올리브 넣어주세요',0,'2024-05-13 21:08:10','2024-05-13 21:08:10',NULL),(271,4,1,'올리브 넣어주세요',0,'2024-05-13 21:08:11','2024-05-13 21:08:11',NULL),(272,4,1,'올리브 넣어주세요',0,'2024-05-13 21:08:12','2024-05-13 21:08:12',NULL),(273,4,1,'버섯 넣어주세요',0.142857,'2024-05-13 21:08:14','2024-05-13 21:08:14',NULL),(274,4,1,'버섯 넣어주세요',0.142857,'2024-05-13 21:08:15','2024-05-13 21:08:15',NULL),(275,4,1,'버섯 넣어주세요',0.142857,'2024-05-13 21:08:16','2024-05-13 21:08:16',NULL),(276,4,1,'피망 넣어주세요',0.142857,'2024-05-13 21:08:17','2024-05-13 21:08:17',NULL),(277,4,1,'피망 넣어주세요',0.142857,'2024-05-13 21:08:18','2024-05-13 21:08:18',NULL),(278,4,1,'피망 넣어주세요',0.142857,'2024-05-13 21:08:19','2024-05-13 21:08:19',NULL),(279,4,1,'햄 넣어주세요',24.1667,'2024-05-13 21:40:42','2024-05-13 21:40:42',NULL),(280,4,1,'햄 넣어주세요',26.1667,'2024-05-13 21:40:42','2024-05-13 21:40:42',NULL),(281,4,1,'햄 넣어주세요',1.33333,'2024-05-13 21:40:43','2024-05-13 21:40:43',NULL),(282,4,1,'햄 넣어주세요',18.5,'2024-05-13 21:40:44','2024-05-13 21:40:44',NULL),(283,4,1,'햄 넣어주세요',0.166667,'2024-05-13 21:40:44','2024-05-13 21:40:44',NULL),(284,4,1,'햄 넣어주세요',0,'2024-05-13 21:40:44','2024-05-13 21:40:44',NULL),(285,4,1,'햄 넣어주세요',0,'2024-05-13 21:40:45','2024-05-13 21:40:45',NULL),(286,4,1,'햄 넣어주세요',0,'2024-05-13 21:40:45','2024-05-13 21:40:45',NULL),(287,4,1,'햄 넣어주세요',0,'2024-05-13 21:40:45','2024-05-13 21:40:45',NULL),(288,4,1,'햄 넣어주세요',0,'2024-05-13 21:40:46','2024-05-13 21:40:46',NULL),(289,4,1,'햄 넣어주세요',0,'2024-05-13 21:40:46','2024-05-13 21:40:46',NULL),(290,4,1,'햄 넣어주세요',0,'2024-05-13 21:40:46','2024-05-13 21:40:46',NULL),(291,4,1,'햄 넣어주세요',0,'2024-05-13 21:40:46','2024-05-13 21:40:46',NULL),(292,4,1,'햄 넣어주세요',0,'2024-05-13 21:40:47','2024-05-13 21:40:47',NULL),(293,4,1,'햄 넣어주세요',0,'2024-05-13 21:40:47','2024-05-13 21:40:47',NULL),(294,4,1,'햄 넣어주세요',0,'2024-05-13 21:40:47','2024-05-13 21:40:47',NULL),(295,4,1,'햄 넣어주세요',0,'2024-05-13 21:40:48','2024-05-13 21:40:48',NULL),(296,4,1,'햄 넣어주세요',0,'2024-05-13 21:40:48','2024-05-13 21:40:48',NULL),(297,4,1,'햄 넣어주세요',0,'2024-05-13 21:40:48','2024-05-13 21:40:48',NULL),(298,4,1,'햄 넣어주세요',0,'2024-05-13 21:40:49','2024-05-13 21:40:49',NULL),(299,4,1,'햄 넣어주세요',0,'2024-05-13 21:40:49','2024-05-13 21:40:49',NULL),(300,4,1,'햄 넣어주세요',0,'2024-05-13 21:40:49','2024-05-13 21:40:49',NULL),(301,4,1,'햄 넣어주세요',0,'2024-05-13 21:40:49','2024-05-13 21:40:49',NULL),(302,4,1,'햄 넣어주세요',0,'2024-05-13 21:40:50','2024-05-13 21:40:50',NULL),(303,4,1,'햄 넣어주세요',0,'2024-05-13 21:40:52','2024-05-13 21:40:52',NULL),(304,4,1,'햄 넣어주세요',0,'2024-05-13 21:40:52','2024-05-13 21:40:52',NULL),(305,4,1,'햄 넣어주세요',0,'2024-05-13 21:40:52','2024-05-13 21:40:52',NULL),(306,4,1,'햄 넣어주세요',0,'2024-05-13 21:40:52','2024-05-13 21:40:52',NULL),(307,4,1,'햄 넣어주세요',0,'2024-05-13 21:40:53','2024-05-13 21:40:53',NULL),(308,4,1,'햄 넣어주세요',0,'2024-05-13 21:40:53','2024-05-13 21:40:53',NULL),(309,4,1,'햄 넣어주세요',0,'2024-05-13 21:40:53','2024-05-13 21:40:53',NULL),(310,4,1,'햄 넣어주세요',0,'2024-05-13 21:40:53','2024-05-13 21:40:53',NULL),(311,4,1,'햄 넣어주세요',0,'2024-05-13 21:40:53','2024-05-13 21:40:53',NULL),(312,4,1,'햄 넣어주세요',0,'2024-05-13 21:40:53','2024-05-13 21:40:53',NULL),(313,4,1,'햄 넣어주세요',0,'2024-05-13 21:40:53','2024-05-13 21:40:53',NULL),(314,4,1,'햄 넣어주세요',0,'2024-05-13 21:40:54','2024-05-13 21:40:54',NULL),(315,4,1,'햄 넣어주세요',0,'2024-05-13 21:40:54','2024-05-13 21:40:54',NULL),(316,4,1,'햄 넣어주세요',0,'2024-05-13 21:40:54','2024-05-13 21:40:54',NULL),(317,4,1,'햄 넣어주세요',0,'2024-05-13 21:40:55','2024-05-13 21:40:55',NULL),(318,4,1,'햄 넣어주세요',0,'2024-05-13 21:40:55','2024-05-13 21:40:55',NULL),(319,4,1,'햄 넣어주세요',0,'2024-05-13 21:40:55','2024-05-13 21:40:55',NULL),(320,4,1,'햄 넣어주세요',0,'2024-05-13 21:40:55','2024-05-13 21:40:55',NULL),(321,4,1,'햄 넣어주세요',0,'2024-05-13 21:40:56','2024-05-13 21:40:56',NULL),(322,4,1,'햄 넣어주세요',0,'2024-05-13 21:40:56','2024-05-13 21:40:56',NULL),(323,4,1,'햄 넣어주세요',0,'2024-05-13 21:40:56','2024-05-13 21:40:56',NULL),(324,4,1,'햄 넣어주세요',0,'2024-05-13 21:40:56','2024-05-13 21:40:56',NULL),(325,4,1,'햄 넣어주세요',0,'2024-05-13 21:40:57','2024-05-13 21:40:57',NULL),(326,4,1,'햄 넣어주세요',0,'2024-05-13 21:40:57','2024-05-13 21:40:57',NULL),(327,4,1,'햄 넣어주세요',0,'2024-05-13 21:40:58','2024-05-13 21:40:58',NULL),(328,4,1,'햄 넣어주세요',0,'2024-05-13 21:40:58','2024-05-13 21:40:58',NULL),(329,4,1,'햄 넣어주세요',0,'2024-05-13 21:40:59','2024-05-13 21:40:59',NULL),(330,4,1,'햄 넣어주세요',0,'2024-05-13 21:40:59','2024-05-13 21:40:59',NULL),(331,4,1,'햄 넣어주세요',0,'2024-05-13 21:41:00','2024-05-13 21:41:00',NULL),(332,4,1,'햄 넣어주세요',0,'2024-05-13 21:41:00','2024-05-13 21:41:00',NULL),(333,4,1,'햄 넣어주세요',0,'2024-05-13 21:41:00','2024-05-13 21:41:00',NULL),(334,4,1,'햄 넣어주세요',0,'2024-05-13 21:41:00','2024-05-13 21:41:00',NULL),(335,4,1,'햄 넣어주세요',0,'2024-05-13 21:41:00','2024-05-13 21:41:00',NULL),(336,4,1,'햄 넣어주세요',0,'2024-05-13 21:41:00','2024-05-13 21:41:00',NULL),(337,4,1,'햄 넣어주세요',0,'2024-05-13 21:41:00','2024-05-13 21:41:00',NULL),(338,4,1,'햄 넣어주세요',0,'2024-05-13 21:41:00','2024-05-13 21:41:00',NULL),(339,4,1,'햄 넣어주세요',0,'2024-05-13 21:41:00','2024-05-13 21:41:00',NULL),(340,4,1,'햄 넣어주세요',0,'2024-05-13 21:41:00','2024-05-13 21:41:00',NULL),(341,4,1,'햄 넣어주세요',0,'2024-05-13 21:41:00','2024-05-13 21:41:00',NULL),(342,4,1,'햄 넣어주세요',0,'2024-05-13 21:41:01','2024-05-13 21:41:01',NULL),(343,4,1,'햄 넣어주세요',0.166667,'2024-05-13 21:41:01','2024-05-13 21:41:01',NULL),(344,4,1,'햄 넣어주세요',0,'2024-05-13 21:41:01','2024-05-13 21:41:01',NULL),(345,4,1,'햄 넣어주세요',0,'2024-05-13 21:41:01','2024-05-13 21:41:01',NULL),(346,4,1,'햄 넣어주세요',0,'2024-05-13 21:41:01','2024-05-13 21:41:01',NULL),(347,4,1,'햄 넣어주세요',0,'2024-05-13 21:41:01','2024-05-13 21:41:01',NULL),(348,4,1,'햄 넣어주세요',0,'2024-05-13 21:41:01','2024-05-13 21:41:01',NULL),(349,4,1,'햄 넣어주세요',0,'2024-05-13 21:41:02','2024-05-13 21:41:02',NULL),(350,4,1,'햄 넣어주세요',0.166667,'2024-05-13 21:41:12','2024-05-13 21:41:12',NULL),(351,4,1,'햄 넣어주세요',0.166667,'2024-05-13 21:41:13','2024-05-13 21:41:13',NULL),(352,4,1,'햄 넣어주세요',0,'2024-05-13 21:41:14','2024-05-13 21:41:14',NULL),(353,4,1,'피망 넣어주세요',0,'2024-05-13 21:41:17','2024-05-13 21:41:17',NULL),(354,4,1,'피망 넣어주세요',0.142857,'2024-05-13 21:41:18','2024-05-13 21:41:18',NULL),(355,4,1,'피망 넣어주세요',0.285714,'2024-05-13 21:41:19','2024-05-13 21:41:19',NULL),(356,4,1,'고기 넣어주세요',87.5714,'2024-05-13 21:41:25','2024-05-13 21:41:25',NULL),(357,4,1,'고기 넣어주세요',91,'2024-05-13 21:41:35','2024-05-13 21:41:35',NULL),(358,4,1,'고기 넣어주세요',94,'2024-05-13 21:41:46','2024-05-13 21:41:46',NULL),(359,4,1,'연필 1',0,'2024-05-13 21:51:14','2024-05-13 21:51:14',NULL),(360,4,1,'연필 1',0,'2024-05-13 21:51:16','2024-05-13 21:51:16',NULL),(361,4,1,'연필 1',0,'2024-05-13 21:57:59','2024-05-13 21:57:59',NULL),(362,4,1,'병원 1',0,'2024-05-13 21:58:28','2024-05-13 21:58:28',NULL),(363,4,1,'병원 1',0,'2024-05-13 21:58:31','2024-05-13 21:58:31',NULL),(364,4,1,'병원 1',0,'2024-05-13 21:59:01','2024-05-13 21:59:01',NULL),(365,4,1,'멸치 1',0,'2024-05-13 21:59:07','2024-05-13 21:59:07',NULL),(366,4,1,'멸치 1',0,'2024-05-13 21:59:09','2024-05-13 21:59:09',NULL),(367,4,1,'멸치 1',0,'2024-05-13 21:59:12','2024-05-13 21:59:12',NULL),(368,4,1,'햄 넣어주세요',16.3333,'2024-05-13 22:08:26','2024-05-13 22:08:26',NULL),(369,4,1,'햄 넣어주세요',5.66667,'2024-05-13 22:08:30','2024-05-13 22:08:30',NULL),(370,4,1,'햄 넣어주세요',2.5,'2024-05-13 22:08:32','2024-05-13 22:08:32',NULL),(371,4,1,'피망 넣어주세요',21.8571,'2024-05-13 22:09:07','2024-05-13 22:09:07',NULL),(372,4,1,'피망 넣어주세요',90.5714,'2024-05-13 22:09:07','2024-05-13 22:09:07',NULL),(373,4,1,'피망 넣어주세요',3,'2024-05-13 22:09:08','2024-05-13 22:09:08',NULL),(374,4,1,'햄 넣어주세요',15,'2024-05-13 22:11:37','2024-05-13 22:11:37',NULL),(375,4,1,'햄 넣어주세요',0.833333,'2024-05-13 22:11:57','2024-05-13 22:11:57',NULL),(376,4,1,'햄 넣어주세요',91,'2024-05-13 22:12:04','2024-05-13 22:12:04',NULL),(377,4,1,'햄 넣어주세요',97,'2024-05-13 22:12:21','2024-05-13 22:12:21',NULL),(378,4,1,'햄 넣어주세요',64.8333,'2024-05-13 22:12:40','2024-05-13 22:12:40',NULL),(379,4,1,'햄 넣어주세요',89.5,'2024-05-13 22:12:48','2024-05-13 22:12:48',NULL),(380,4,1,'햄 넣어주세요',90.8333,'2024-05-13 22:12:57','2024-05-13 22:12:57',NULL),(381,4,1,'피망 넣어주세요',93.1429,'2024-05-13 22:13:04','2024-05-13 22:13:04',NULL),(382,4,1,'고기 넣어주세요',88.2857,'2024-05-13 22:13:12','2024-05-13 22:13:12',NULL),(383,4,1,'고기 넣어주세요',89.2857,'2024-05-13 22:13:18','2024-05-13 22:13:18',NULL),(384,4,1,'고기 넣어주세요',88.2857,'2024-05-13 22:13:26','2024-05-13 22:13:26',NULL),(385,4,1,'햄 넣어주세요',69,'2024-05-13 22:17:18','2024-05-13 22:17:18',NULL),(386,4,1,'햄 넣어주세요',88,'2024-05-13 22:17:28','2024-05-13 22:17:28',NULL),(387,4,1,'햄 넣어주세요',83.1667,'2024-05-13 22:17:36','2024-05-13 22:17:36',NULL),(388,4,1,'피망 넣어주세요',89.5714,'2024-05-13 22:17:50','2024-05-13 22:17:50',NULL),(389,4,1,'피망 넣어주세요',86.5714,'2024-05-13 22:18:30','2024-05-13 22:18:30',NULL),(390,4,1,'피망 넣어주세요',83.8571,'2024-05-13 22:18:43','2024-05-13 22:18:43',NULL),(391,4,1,'고기 넣어주세요',94,'2024-05-13 22:18:56','2024-05-13 22:18:56',NULL),(392,4,1,'이불 정리해주세요',93.125,'2024-05-13 22:20:13','2024-05-13 22:20:13',NULL),(393,4,1,'돌 정리해주세요',93.7143,'2024-05-13 22:20:28','2024-05-13 22:20:28',NULL),(394,4,1,'물 정리해주세요',95.7143,'2024-05-13 22:20:37','2024-05-13 22:20:37',NULL),(395,4,1,'안경 정리해주세요',94.625,'2024-05-13 22:20:48','2024-05-13 22:20:48',NULL),(396,4,1,'안경 정리해주세요',91.5,'2024-05-13 22:22:27','2024-05-13 22:22:27',NULL),(397,4,1,'물 정리해주세요',91.2857,'2024-05-13 22:22:37','2024-05-13 22:22:37',NULL),(398,4,1,'돌 정리해주세요',54.1429,'2024-05-13 22:22:47','2024-05-13 22:22:47',NULL),(399,4,1,'돌 정리해주세요',3.71429,'2024-05-13 22:23:02','2024-05-13 22:23:02',NULL),(400,4,1,'돌 정리해주세요',7.28571,'2024-05-13 22:24:27','2024-05-13 22:24:27',NULL),(401,4,1,'돌 정리해주세요',4,'2024-05-13 22:24:33','2024-05-13 22:24:33',NULL),(402,4,1,'돌 정리해주세요',94.2857,'2024-05-13 22:24:39','2024-05-13 22:24:39',NULL),(403,4,1,'이불 정리해주세요',0,'2024-05-13 22:24:43','2024-05-13 22:24:43',NULL),(404,4,1,'이불 정리해주세요',0.5,'2024-05-13 22:24:57','2024-05-13 22:24:57',NULL),(405,4,1,'이불 정리해주세요',4.375,'2024-05-13 22:25:19','2024-05-13 22:25:19',NULL),(406,4,1,'이불 정리해주세요',0,'2024-05-13 22:25:41','2024-05-13 22:25:41',NULL),(407,4,1,'이불 정리해주세요',2.375,'2024-05-13 22:26:11','2024-05-13 22:26:11',NULL),(408,4,1,'이불 정리해주세요',17.125,'2024-05-13 22:26:25','2024-05-13 22:26:25',NULL),(409,4,1,'햄 넣어주세요',49.1667,'2024-05-13 22:27:02','2024-05-13 22:27:02',NULL),(410,4,1,'햄 넣어주세요',27.1667,'2024-05-13 22:27:10','2024-05-13 22:27:10',NULL),(411,4,1,'햄 넣어주세요',67.1667,'2024-05-13 22:27:18','2024-05-13 22:27:18',NULL),(412,4,1,'피망 넣어주세요',79.8571,'2024-05-13 22:27:28','2024-05-13 22:27:28',NULL),(413,4,1,'피망 넣어주세요',39.2857,'2024-05-13 22:27:33','2024-05-13 22:27:33',NULL),(414,4,1,'피망 넣어주세요',4,'2024-05-13 22:27:40','2024-05-13 22:27:40',NULL),(415,4,1,'버섯 넣어주세요',66.5714,'2024-05-13 22:28:01','2024-05-13 22:28:01',NULL),(416,4,1,'버섯 넣어주세요',83,'2024-05-13 22:28:08','2024-05-13 22:28:08',NULL),(417,4,1,'버섯 넣어주세요',36.5714,'2024-05-13 22:28:15','2024-05-13 22:28:15',NULL),(418,4,1,'어항 1',0,'2024-05-14 03:02:59','2024-05-14 03:02:59',NULL),(419,4,1,'어항 1',0,'2024-05-14 03:03:00','2024-05-14 03:03:00',NULL),(420,4,1,'어항 1',0,'2024-05-14 03:03:02','2024-05-14 03:03:02',NULL),(421,4,1,'우산 1',0,'2024-05-14 04:09:11','2024-05-14 04:09:11',NULL),(422,4,1,'우산 1',0,'2024-05-14 04:09:14','2024-05-14 04:09:14',NULL),(423,4,1,'우산 1',0,'2024-05-14 04:09:17','2024-05-14 04:09:17',NULL),(424,4,2,'이불 정리해주세요',0,'2024-05-14 20:50:24','2024-05-14 20:50:24',NULL),(425,4,2,'이불 정리해주세요',0,'2024-05-14 20:51:07','2024-05-14 20:51:07',NULL),(426,4,2,'이불 정리해주세요',0,'2024-05-14 20:51:13','2024-05-14 20:51:13',NULL),(427,4,2,'돌 정리해주세요',0,'2024-05-14 20:51:20','2024-05-14 20:51:20',NULL),(428,4,2,'돌 정리해주세요',0,'2024-05-14 20:51:24','2024-05-14 20:51:24',NULL),(429,4,2,'돌 정리해주세요',0,'2024-05-14 20:53:27','2024-05-14 20:53:27',NULL),(430,4,2,'물 정리해주세요',0,'2024-05-14 20:53:30','2024-05-14 20:53:30',NULL),(431,4,2,'물 정리해주세요',0,'2024-05-14 20:53:42','2024-05-14 20:53:42',NULL),(432,4,2,'안경 정리해주세요',0,'2024-05-14 20:54:14','2024-05-14 20:54:14',NULL),(433,4,2,'안경 정리해주세요',0,'2024-05-14 20:54:18','2024-05-14 20:54:18',NULL),(434,4,2,'안경 정리해주세요',0,'2024-05-14 20:54:31','2024-05-14 20:54:31',NULL),(435,4,2,'물 정리해주세요',0,'2024-05-14 20:54:47','2024-05-14 20:54:47',NULL),(436,4,2,'물 정리해주세요',0,'2024-05-14 20:57:07','2024-05-14 20:57:07',NULL),(437,4,2,'안경 정리해주세요',0,'2024-05-14 20:57:11','2024-05-14 20:57:11',NULL),(438,4,2,'물 정리해주세요',0,'2024-05-14 20:57:19','2024-05-14 20:57:19',NULL),(439,4,2,'물 정리해주세요',0,'2024-05-14 20:57:30','2024-05-14 20:57:30',NULL),(440,4,2,'안경 정리해주세요',0,'2024-05-14 20:57:42','2024-05-14 20:57:42',NULL),(441,4,2,'물 정리해주세요',0,'2024-05-14 20:58:22','2024-05-14 20:58:22',NULL),(442,4,2,'물 정리해주세요',0,'2024-05-14 20:58:26','2024-05-14 20:58:26',NULL),(443,4,2,'안경 정리해주세요',0,'2024-05-14 20:58:48','2024-05-14 20:58:48',NULL),(444,4,2,'안경 정리해주세요',0,'2024-05-14 20:58:52','2024-05-14 20:58:52',NULL),(445,4,2,'물 정리해주세요',0,'2024-05-14 20:59:30','2024-05-14 20:59:30',NULL),(446,4,2,'물 정리해주세요',0,'2024-05-14 20:59:35','2024-05-14 20:59:35',NULL),(447,4,2,'물 정리해주세요',0,'2024-05-14 21:00:20','2024-05-14 21:00:20',NULL),(448,4,2,'물 정리해주세요',0,'2024-05-14 21:00:25','2024-05-14 21:00:25',NULL),(449,4,2,'물 정리해주세요',0,'2024-05-14 21:02:25','2024-05-14 21:02:25',NULL),(450,4,2,'물 정리해주세요',0,'2024-05-14 21:02:30','2024-05-14 21:02:30',NULL),(451,4,2,'물 정리해주세요',0,'2024-05-14 21:02:44','2024-05-14 21:02:44',NULL),(452,4,2,'물 정리해주세요',0,'2024-05-14 21:02:48','2024-05-14 21:02:48',NULL),(453,4,2,'이불 정리해주세요',0,'2024-05-14 21:03:20','2024-05-14 21:03:20',NULL),(454,4,2,'이불 정리해주세요',0,'2024-05-14 21:03:22','2024-05-14 21:03:22',NULL),(455,4,2,'물 정리해주세요',0,'2024-05-14 21:03:26','2024-05-14 21:03:26',NULL),(456,4,2,'물 정리해주세요',0,'2024-05-14 21:03:28','2024-05-14 21:03:28',NULL),(457,4,2,'물 정리해주세요',0,'2024-05-14 21:03:40','2024-05-14 21:03:40',NULL),(458,4,2,'물 정리해주세요',0,'2024-05-14 21:03:42','2024-05-14 21:03:42',NULL),(459,4,2,'안경 정리해주세요',0,'2024-05-14 21:03:57','2024-05-14 21:03:57',NULL),(460,4,2,'안경 정리해주세요',0,'2024-05-14 21:04:01','2024-05-14 21:04:01',NULL),(461,4,2,'물 정리해주세요',0,'2024-05-14 21:04:40','2024-05-14 21:04:40',NULL),(462,4,2,'물 정리해주세요',0,'2024-05-14 21:04:42','2024-05-14 21:04:42',NULL),(463,4,2,'이불 정리해주세요',0,'2024-05-14 21:05:28','2024-05-14 21:05:28',NULL),(464,4,2,'이불 정리해주세요',0,'2024-05-14 21:05:31','2024-05-14 21:05:31',NULL),(465,4,2,'물 정리해주세요',0,'2024-05-14 21:07:27','2024-05-14 21:07:27',NULL),(466,4,2,'물 정리해주세요',0,'2024-05-14 21:07:29','2024-05-14 21:07:29',NULL),(467,4,2,'돌 정리해주세요',0,'2024-05-14 21:09:06','2024-05-14 21:09:06',NULL),(468,4,2,'돌 정리해주세요',0,'2024-05-14 21:09:08','2024-05-14 21:09:08',NULL),(469,4,2,'물 정리해주세요',0,'2024-05-14 21:11:12','2024-05-14 21:11:12',NULL),(470,4,2,'물 정리해주세요',0,'2024-05-14 21:11:20','2024-05-14 21:11:20',NULL),(471,4,2,'이불 정리해주세요',0,'2024-05-14 21:11:49','2024-05-14 21:11:49',NULL),(472,4,2,'이불 정리해주세요',0,'2024-05-14 21:11:52','2024-05-14 21:11:52',NULL),(473,4,2,'물 정리해주세요',0,'2024-05-14 21:16:33','2024-05-14 21:16:33',NULL),(474,4,2,'물 정리해주세요',0,'2024-05-14 21:16:36','2024-05-14 21:16:36',NULL),(475,4,2,'물 정리해주세요',0,'2024-05-14 21:16:39','2024-05-14 21:16:39',NULL),(476,4,2,'물 정리해주세요',0,'2024-05-14 21:17:31','2024-05-14 21:17:31',NULL),(477,4,2,'물 정리해주세요',0,'2024-05-14 21:17:35','2024-05-14 21:17:35',NULL),(478,4,2,'물 정리해주세요',0,'2024-05-14 21:17:38','2024-05-14 21:17:38',NULL),(479,4,2,'물 정리해주세요',0,'2024-05-14 21:21:00','2024-05-14 21:21:00',NULL),(480,4,2,'이불 정리해주세요',0,'2024-05-14 21:23:12','2024-05-14 21:23:12',NULL),(481,4,2,'돌 정리해주세요',0,'2024-05-14 21:24:27','2024-05-14 21:24:27',NULL),(482,4,2,'돌 정리해주세요',0,'2024-05-14 21:24:31','2024-05-14 21:24:31',NULL),(483,4,2,'돌 정리해주세요',0,'2024-05-14 21:24:34','2024-05-14 21:24:34',NULL),(484,4,1,'햄 넣어주세요',0,'2024-05-14 21:25:32','2024-05-14 21:25:32',NULL),(485,4,1,'햄 넣어주세요',0.166667,'2024-05-14 21:25:36','2024-05-14 21:25:36',NULL),(486,4,1,'햄 넣어주세요',0.5,'2024-05-14 21:25:40','2024-05-14 21:25:40',NULL),(487,4,1,'고기 넣어주세요',0,'2024-05-14 21:33:24','2024-05-14 21:33:24',NULL),(488,4,1,'고기 넣어주세요',0,'2024-05-14 21:33:26','2024-05-14 21:33:26',NULL),(489,4,1,'고기 넣어주세요',0,'2024-05-14 21:33:31','2024-05-14 21:33:31',NULL),(490,4,1,'버섯 넣어주세요',0,'2024-05-14 21:33:45','2024-05-14 21:33:45',NULL),(491,4,1,'버섯 넣어주세요',0.142857,'2024-05-14 21:33:49','2024-05-14 21:33:49',NULL),(492,4,1,'버섯 넣어주세요',0,'2024-05-14 21:33:52','2024-05-14 21:33:52',NULL),(493,4,1,'햄 넣어주세요',0,'2024-05-14 21:34:31','2024-05-14 21:34:31',NULL),(494,4,1,'햄 넣어주세요',0,'2024-05-14 21:35:06','2024-05-14 21:35:06',NULL),(495,4,1,'햄 넣어주세요',0,'2024-05-14 21:36:37','2024-05-14 21:36:37',NULL),(496,4,1,'햄 넣어주세요',0,'2024-05-14 21:36:42','2024-05-14 21:36:42',NULL),(497,4,1,'햄 넣어주세요',15.3333,'2024-05-14 22:33:00','2024-05-14 22:33:00',NULL),(498,4,1,'고기 넣어주세요',1.28571,'2024-05-14 22:36:52','2024-05-14 22:36:52',NULL),(499,4,1,'고기 넣어주세요',0,'2024-05-14 22:36:55','2024-05-14 22:36:55',NULL),(500,4,1,'고기 넣어주세요',1.71429,'2024-05-14 22:37:38','2024-05-14 22:37:38',NULL),(501,4,1,'햄 넣어주세요',0,'2024-05-14 22:37:42','2024-05-14 22:37:42',NULL),(502,4,1,'햄 넣어주세요',0,'2024-05-14 22:39:26','2024-05-14 22:39:26',NULL),(503,4,1,'고기 넣어주세요',0,'2024-05-14 22:39:59','2024-05-14 22:39:59',NULL),(504,4,1,'고기 넣어주세요',0,'2024-05-14 22:40:11','2024-05-14 22:40:11',NULL),(505,4,1,'버섯 넣어주세요',0,'2024-05-14 22:40:35','2024-05-14 22:40:35',NULL),(506,4,1,'버섯 넣어주세요',0,'2024-05-14 22:43:56','2024-05-14 22:43:56',NULL),(507,4,1,'버섯 넣어주세요',0,'2024-05-14 22:44:26','2024-05-14 22:44:26',NULL),(508,4,1,'버섯 넣어주세요',1.28571,'2024-05-14 22:44:32','2024-05-14 22:44:32',NULL),(509,4,1,'토마토 넣어주세요',0,'2024-05-14 22:44:46','2024-05-14 22:44:46',NULL),(510,4,1,'토마토 넣어주세요',0,'2024-05-14 22:44:50','2024-05-14 22:44:50',NULL),(511,4,1,'토마토 넣어주세요',0,'2024-05-14 22:44:57','2024-05-14 22:44:57',NULL),(512,4,1,'햄 넣어주세요',1.33333,'2024-05-14 22:45:35','2024-05-14 22:45:35',NULL),(513,4,1,'햄 넣어주세요',0,'2024-05-14 22:45:46','2024-05-14 22:45:46',NULL),(514,4,1,'햄 넣어주세요',0,'2024-05-14 22:46:00','2024-05-14 22:46:00',NULL),(515,4,2,'물 정리해주세요',0,'2024-05-15 00:21:21','2024-05-15 00:21:21',NULL),(516,4,2,'물 정리해주세요',0,'2024-05-15 00:21:27','2024-05-15 00:21:27',NULL),(517,4,2,'물 정리해주세요',0,'2024-05-15 00:21:33','2024-05-15 00:21:33',NULL),(518,4,1,'햄 넣어주세요',4,'2024-05-15 00:21:44','2024-05-15 00:21:44',NULL),(519,4,1,'고기 넣어주세요',0,'2024-05-15 00:21:50','2024-05-15 00:21:50',NULL),(520,4,1,'고기 넣어주세요',0,'2024-05-15 00:21:52','2024-05-15 00:21:52',NULL),(521,4,1,'고기 넣어주세요',0,'2024-05-15 00:21:54','2024-05-15 00:21:54',NULL),(522,4,1,'버섯 넣어주세요',0,'2024-05-15 00:21:57','2024-05-15 00:21:57',NULL),(523,4,1,'버섯 넣어주세요',0,'2024-05-15 00:21:59','2024-05-15 00:21:59',NULL),(524,4,1,'버섯 넣어주세요',0,'2024-05-15 00:22:01','2024-05-15 00:22:01',NULL),(525,4,1,'토마토 넣어주세요',0,'2024-05-15 00:22:04','2024-05-15 00:22:04',NULL),(526,4,1,'토마토 넣어주세요',0,'2024-05-15 00:22:08','2024-05-15 00:22:08',NULL),(527,4,1,'토마토 넣어주세요',0,'2024-05-15 00:22:12','2024-05-15 00:22:12',NULL),(528,4,1,'올리브 넣어주세요',0,'2024-05-15 00:22:18','2024-05-15 00:22:18',NULL),(529,4,1,'올리브 넣어주세요',0,'2024-05-15 00:22:21','2024-05-15 00:22:21',NULL),(530,4,1,'올리브 넣어주세요',0,'2024-05-15 00:22:23','2024-05-15 00:22:23',NULL),(531,4,1,'피망 넣어주세요',0,'2024-05-15 00:22:28','2024-05-15 00:22:28',NULL),(532,4,1,'피망 넣어주세요',0,'2024-05-15 00:22:30','2024-05-15 00:22:30',NULL),(533,4,1,'피망 넣어주세요',0,'2024-05-15 00:22:32','2024-05-15 00:22:32',NULL),(534,4,1,'햄 넣어주세요',0.166667,'2024-05-15 00:22:42','2024-05-15 00:22:42',NULL),(535,4,1,'햄 넣어주세요',0,'2024-05-15 00:22:44','2024-05-15 00:22:44',NULL),(536,4,1,'햄 넣어주세요',0,'2024-05-15 00:22:46','2024-05-15 00:22:46',NULL),(537,4,2,'물 정리해주세요',0,'2024-05-15 15:39:23','2024-05-15 15:39:23',NULL),(538,4,2,'안경 정리해주세요',0,'2024-05-15 16:49:48','2024-05-15 16:49:48',NULL),(539,4,2,'안경 정리해주세요',0,'2024-05-15 17:12:04','2024-05-15 17:12:04',NULL),(540,4,2,'이불 정리해주세요',0,'2024-05-15 17:12:12','2024-05-15 17:12:12',NULL),(541,4,2,'이불 정리해주세요',94.625,'2024-05-15 18:51:06','2024-05-15 18:51:06',NULL),(542,4,2,'안경 정리해주세요',94.875,'2024-05-15 19:52:34','2024-05-15 19:52:34',NULL),(543,4,2,'돌 정리해주세요',92.2857,'2024-05-15 19:52:43','2024-05-15 19:52:43',NULL),(544,4,2,'물 정리해주세요',18.5714,'2024-05-15 19:53:00','2024-05-15 19:53:00',NULL),(545,4,2,'물 정리해주세요',58,'2024-05-15 19:53:10','2024-05-15 19:53:10',NULL),(546,4,1,'햄 넣어주세요',88.6667,'2024-05-15 21:41:36','2024-05-15 21:41:36',NULL),(547,4,1,'햄 넣어주세요',80.6667,'2024-05-15 21:41:42','2024-05-15 21:41:42',NULL),(548,4,1,'햄 넣어주세요',83.3333,'2024-05-15 21:41:52','2024-05-15 21:41:52',NULL),(549,4,1,'피망 넣어주세요',1.42857,'2024-05-15 21:42:11','2024-05-15 21:42:11',NULL),(550,4,1,'피망 넣어주세요',81.2857,'2024-05-15 21:42:17','2024-05-15 21:42:17',NULL),(551,4,1,'피망 넣어주세요',91.4286,'2024-05-15 21:42:28','2024-05-15 21:42:28',NULL),(552,4,2,'돌 정리해요',0.4,'2024-05-16 15:02:01','2024-05-16 15:02:01',NULL),(553,4,1,'햄 넣어요',0,'2024-05-16 15:31:44','2024-05-16 15:31:44',NULL),(554,4,2,'물 정리해주세요',0,'2024-05-16 16:50:13','2024-05-16 16:50:13',NULL),(555,4,2,'물 정리해주세요',0,'2024-05-16 16:50:16','2024-05-16 16:50:16',NULL),(556,4,2,'물 정리해주세요',0,'2024-05-16 16:50:20','2024-05-16 16:50:20',NULL),(557,4,2,'안경 정리해주세요',0,'2024-05-16 16:50:26','2024-05-16 16:50:26',NULL),(558,4,2,'안경 정리해주세요',0,'2024-05-16 16:50:32','2024-05-16 16:50:32',NULL),(559,4,2,'안경 정리해주세요',0,'2024-05-16 16:50:44','2024-05-16 16:50:44',NULL),(560,4,2,'돌 정리해주세요',0,'2024-05-16 16:50:52','2024-05-16 16:50:52',NULL),(561,4,2,'돌 정리해주세요',0,'2024-05-16 16:53:37','2024-05-16 16:53:37',NULL),(562,4,1,'고기 넣어주세요',0.428571,'2024-05-16 16:54:59','2024-05-16 16:54:59',NULL),(563,4,2,'돌 정리해주세요',0,'2024-05-16 16:55:09','2024-05-16 16:55:09',NULL),(564,4,1,'햄 넣어주세요',0,'2024-05-16 17:02:36','2024-05-16 17:02:36',NULL),(565,4,1,'햄 넣어주세요',0,'2024-05-16 17:03:21','2024-05-16 17:03:21',NULL),(566,4,1,'햄 넣어주세요',0.166667,'2024-05-16 17:03:23','2024-05-16 17:03:23',NULL),(567,4,1,'햄 넣어주세요',0.5,'2024-05-16 17:04:00','2024-05-16 17:04:00',NULL),(568,4,1,'햄 넣어주세요',0.166667,'2024-05-16 17:04:01','2024-05-16 17:04:01',NULL),(569,4,1,'햄 넣어주세요',0,'2024-05-16 17:04:03','2024-05-16 17:04:03',NULL),(570,4,1,'피망 넣어주세요',0,'2024-05-16 17:04:16','2024-05-16 17:04:16',NULL),(571,4,1,'피망 넣어주세요',0,'2024-05-16 17:04:17','2024-05-16 17:04:17',NULL),(572,4,1,'피망 넣어주세요',0,'2024-05-16 17:04:19','2024-05-16 17:04:19',NULL),(573,4,1,'햄 넣어요',0.5,'2024-05-16 17:04:30','2024-05-16 17:04:30',NULL),(574,4,1,'햄 넣어요',0,'2024-05-16 17:04:31','2024-05-16 17:04:31',NULL),(575,4,1,'햄 넣어요',0,'2024-05-16 17:04:36','2024-05-16 17:04:36',NULL),(576,4,1,'토마토 넣어요',0,'2024-05-16 17:05:12','2024-05-16 17:05:12',NULL),(577,4,1,'햄 넣어주세요',86.1667,'2024-05-16 17:08:30','2024-05-16 17:08:30',NULL),(578,4,2,'물 정리해주세요',0,'2024-05-16 17:36:27','2024-05-16 17:36:27',NULL),(579,4,2,'물 정리해주세요',0,'2024-05-16 17:36:27','2024-05-16 17:36:27',NULL),(580,4,2,'물 정리해주세요',0,'2024-05-16 17:36:28','2024-05-16 17:36:28',NULL),(581,4,1,'햄 넣어주세요',0.333333,'2024-05-16 17:43:27','2024-05-16 17:43:27',NULL),(582,4,1,'햄 넣어주세요',0.166667,'2024-05-16 17:43:28','2024-05-16 17:43:28',NULL),(583,4,1,'햄 넣어주세요',0.166667,'2024-05-16 17:43:29','2024-05-16 17:43:29',NULL),(584,4,1,'햄 넣어주세요',0.166667,'2024-05-16 17:43:49','2024-05-16 17:43:49',NULL),(585,4,1,'햄 넣어주세요',0,'2024-05-16 17:43:51','2024-05-16 17:43:51',NULL),(586,4,1,'햄 넣어주세요',0.5,'2024-05-16 17:43:52','2024-05-16 17:43:52',NULL),(587,4,1,'햄 넣어주세요',0.166667,'2024-05-16 17:43:54','2024-05-16 17:43:54',NULL),(588,4,1,'햄 넣어주세요',0.166667,'2024-05-16 17:43:55','2024-05-16 17:43:55',NULL),(589,4,1,'햄 넣어주세요',0.166667,'2024-05-16 17:43:56','2024-05-16 17:43:56',NULL),(590,4,1,'햄 넣어주세요',0.166667,'2024-05-16 17:43:59','2024-05-16 17:43:59',NULL),(591,4,1,'햄 넣어주세요',0.5,'2024-05-16 17:44:00','2024-05-16 17:44:00',NULL),(592,4,1,'햄 넣어주세요',0,'2024-05-16 17:44:01','2024-05-16 17:44:01',NULL),(593,4,1,'햄 넣어주세요',0.166667,'2024-05-16 17:44:03','2024-05-16 17:44:03',NULL),(594,4,1,'햄 넣어주세요',0,'2024-05-16 17:44:05','2024-05-16 17:44:05',NULL),(595,4,1,'햄 넣어주세요',0.166667,'2024-05-16 17:44:06','2024-05-16 17:44:06',NULL),(596,4,1,'햄 넣어주세요',0.5,'2024-05-16 17:44:09','2024-05-16 17:44:09',NULL),(597,4,1,'햄 넣어주세요',0.166667,'2024-05-16 17:44:10','2024-05-16 17:44:10',NULL),(598,4,1,'햄 넣어주세요',0.166667,'2024-05-16 17:44:11','2024-05-16 17:44:11',NULL),(599,4,1,'햄 넣어주세요',0.166667,'2024-05-16 17:44:20','2024-05-16 17:44:20',NULL),(600,4,1,'햄 넣어주세요',0.666667,'2024-05-16 17:44:21','2024-05-16 17:44:21',NULL),(601,4,1,'햄 넣어주세요',0.166667,'2024-05-16 17:44:22','2024-05-16 17:44:22',NULL),(602,4,1,'햄 넣어주세요',0.166667,'2024-05-16 17:45:00','2024-05-16 17:45:00',NULL),(603,4,1,'햄 넣어주세요',0.333333,'2024-05-16 17:45:01','2024-05-16 17:45:01',NULL),(604,4,1,'햄 넣어주세요',0.5,'2024-05-16 17:45:02','2024-05-16 17:45:02',NULL),(605,4,1,'햄 넣어주세요',0.333333,'2024-05-16 17:45:05','2024-05-16 17:45:05',NULL),(606,4,1,'햄 넣어주세요',0,'2024-05-16 17:45:06','2024-05-16 17:45:06',NULL),(607,4,1,'햄 넣어주세요',0.166667,'2024-05-16 17:45:07','2024-05-16 17:45:07',NULL),(608,4,1,'햄 넣어주세요',0,'2024-05-16 17:45:10','2024-05-16 17:45:10',NULL),(609,4,1,'햄 넣어주세요',0.166667,'2024-05-16 17:45:10','2024-05-16 17:45:10',NULL),(610,4,1,'햄 넣어주세요',0,'2024-05-16 17:45:11','2024-05-16 17:45:11',NULL),(611,4,1,'햄 넣어주세요',2,'2024-05-16 17:45:15','2024-05-16 17:45:15',NULL),(612,4,1,'햄 넣어주세요',0.5,'2024-05-16 17:45:16','2024-05-16 17:45:16',NULL),(613,4,1,'햄 넣어주세요',0,'2024-05-16 17:45:17','2024-05-16 17:45:17',NULL),(614,4,1,'햄 넣어주세요',0.5,'2024-05-16 17:45:20','2024-05-16 17:45:20',NULL),(615,4,1,'햄 넣어주세요',0.5,'2024-05-16 17:45:21','2024-05-16 17:45:21',NULL),(616,4,1,'햄 넣어주세요',0.5,'2024-05-16 17:45:22','2024-05-16 17:45:22',NULL),(617,4,1,'햄 넣어주세요',0.166667,'2024-05-16 17:45:27','2024-05-16 17:45:27',NULL),(618,4,1,'햄 넣어주세요',0.666667,'2024-05-16 17:45:27','2024-05-16 17:45:27',NULL),(619,4,1,'햄 넣어주세요',0.333333,'2024-05-16 17:45:29','2024-05-16 17:45:29',NULL),(620,4,1,'햄 넣어주세요',0.666667,'2024-05-16 17:46:19','2024-05-16 17:46:19',NULL),(621,4,1,'햄 넣어주세요',0.166667,'2024-05-16 17:46:20','2024-05-16 17:46:20',NULL),(622,4,1,'햄 넣어주세요',0,'2024-05-16 17:46:21','2024-05-16 17:46:21',NULL),(623,4,1,'피망 넣어주세요',0,'2024-05-16 17:46:24','2024-05-16 17:46:24',NULL),(624,4,1,'피망 넣어주세요',0.142857,'2024-05-16 17:46:25','2024-05-16 17:46:25',NULL),(625,4,1,'피망 넣어주세요',0,'2024-05-16 17:46:26','2024-05-16 17:46:26',NULL),(626,4,1,'고기 넣어주세요',0,'2024-05-16 17:46:28','2024-05-16 17:46:28',NULL),(627,4,1,'고기 넣어주세요',0.142857,'2024-05-16 17:46:29','2024-05-16 17:46:29',NULL),(628,4,1,'고기 넣어주세요',0,'2024-05-16 17:46:30','2024-05-16 17:46:30',NULL),(629,4,1,'버섯 넣어주세요',0,'2024-05-16 17:46:32','2024-05-16 17:46:32',NULL),(630,4,1,'버섯 넣어주세요',0,'2024-05-16 17:46:33','2024-05-16 17:46:33',NULL),(631,4,1,'버섯 넣어주세요',0,'2024-05-16 17:46:34','2024-05-16 17:46:34',NULL),(632,4,1,'올리브 넣어주세요',0,'2024-05-16 17:46:37','2024-05-16 17:46:37',NULL),(633,4,1,'올리브 넣어주세요',0,'2024-05-16 17:46:38','2024-05-16 17:46:38',NULL),(634,4,1,'올리브 넣어주세요',0,'2024-05-16 17:46:39','2024-05-16 17:46:39',NULL),(635,4,1,'토마토 넣어주세요',0,'2024-05-16 17:46:43','2024-05-16 17:46:43',NULL),(636,4,1,'토마토 넣어주세요',0,'2024-05-16 17:46:44','2024-05-16 17:46:44',NULL),(637,4,1,'토마토 넣어주세요',0,'2024-05-16 17:46:45','2024-05-16 17:46:45',NULL),(638,4,2,'물 정리해요',8.2,'2024-05-16 18:00:07','2024-05-16 18:00:07',NULL),(639,4,2,'물 정리해요',3.8,'2024-05-16 18:00:13','2024-05-16 18:00:13',NULL),(640,4,2,'물 정리해요',0.6,'2024-05-16 18:00:21','2024-05-16 18:00:21',NULL),(641,4,2,'안경 정리해요',0,'2024-05-16 18:00:25','2024-05-16 18:00:25',NULL),(642,4,2,'안경 정리해요',0,'2024-05-16 18:00:32','2024-05-16 18:00:32',NULL),(643,4,2,'안경 정리해요',0,'2024-05-16 18:00:35','2024-05-16 18:00:35',NULL),(644,4,2,'돌 정리해요',2.4,'2024-05-16 18:00:41','2024-05-16 18:00:41',NULL),(645,4,2,'돌 정리해요',0,'2024-05-16 18:00:46','2024-05-16 18:00:46',NULL),(646,4,2,'돌 정리해요',2.2,'2024-05-16 18:00:50','2024-05-16 18:00:50',NULL),(647,4,2,'이불 정리해요',0,'2024-05-16 18:00:58','2024-05-16 18:00:58',NULL),(648,4,2,'이불 정리해요',0,'2024-05-16 18:01:00','2024-05-16 18:01:00',NULL),(649,4,2,'이불 정리해요',0,'2024-05-16 18:01:04','2024-05-16 18:01:04',NULL),(650,4,1,'햄 넣어요',0,'2024-05-16 18:11:17','2024-05-16 18:11:17',NULL),(651,4,1,'고기 넣어요',0,'2024-05-16 18:16:46','2024-05-16 18:16:46',NULL),(652,4,1,'햄 넣어요',0.25,'2024-05-16 18:16:56','2024-05-16 18:16:56',NULL),(653,4,1,'햄 넣어요',0,'2024-05-16 18:16:59','2024-05-16 18:16:59',NULL),(654,4,1,'햄 넣어요',11.25,'2024-05-16 18:17:03','2024-05-16 18:17:03',NULL),(655,4,2,'물 정리해요',5.4,'2024-05-16 18:33:48','2024-05-16 18:33:48',NULL),(656,4,2,'물 정리해요',1.6,'2024-05-16 18:33:50','2024-05-16 18:33:50',NULL),(657,4,2,'물 정리해요',2,'2024-05-16 18:33:52','2024-05-16 18:33:52',NULL),(658,4,2,'돌 정리해요',3.8,'2024-05-16 18:34:00','2024-05-16 18:34:00',NULL),(659,4,2,'돌 정리해요',2.6,'2024-05-16 18:34:02','2024-05-16 18:34:02',NULL),(660,4,2,'돌 정리해요',0.2,'2024-05-16 18:34:04','2024-05-16 18:34:04',NULL),(661,4,2,'이불 정리해요',0,'2024-05-16 18:34:07','2024-05-16 18:34:07',NULL),(662,4,2,'이불 정리해요',0,'2024-05-16 18:34:09','2024-05-16 18:34:09',NULL),(663,4,2,'이불 정리해요',0,'2024-05-16 18:34:11','2024-05-16 18:34:11',NULL),(664,4,2,'안경 정리해요',0,'2024-05-16 18:34:15','2024-05-16 18:34:15',NULL),(665,4,2,'안경 정리해요',0,'2024-05-16 18:34:17','2024-05-16 18:34:17',NULL),(666,4,2,'안경 정리해요',0,'2024-05-16 18:34:19','2024-05-16 18:34:19',NULL),(667,4,1,'햄 넣어주세요',95.8333,'2024-05-16 19:40:05','2024-05-16 19:40:05',NULL),(668,4,1,'피망 넣어주세요',90.1429,'2024-05-16 19:40:16','2024-05-16 19:40:16',NULL),(669,4,1,'피망 넣어주세요',92.7143,'2024-05-16 19:40:59','2024-05-16 19:40:59',NULL),(670,4,1,'토마토 넣어주세요',95.5,'2024-05-16 19:41:15','2024-05-16 19:41:15',NULL),(671,4,1,'올리브 넣어주세요',95.125,'2024-05-16 19:41:42','2024-05-16 19:41:42',NULL),(672,4,1,'올리브 넣어주세요',96.375,'2024-05-16 19:41:54','2024-05-16 19:41:54',NULL),(673,4,1,'올리브 넣어주세요',97.625,'2024-05-16 19:42:02','2024-05-16 19:42:02',NULL),(674,4,2,'이불 정리해주세요',95.5,'2024-05-16 19:45:00','2024-05-16 19:45:00',NULL),(675,4,2,'돌 정리해주세요',95.7143,'2024-05-16 19:45:22','2024-05-16 19:45:22',NULL),(676,4,2,'물 정리해주세요',93.1429,'2024-05-16 19:45:30','2024-05-16 19:45:30',NULL),(677,4,2,'안경 정리해주세요',0,'2024-05-16 19:45:36','2024-05-16 19:45:36',NULL),(678,4,2,'안경 정리해주세요',30.625,'2024-05-16 19:45:43','2024-05-16 19:45:43',NULL),(679,4,2,'안경 정리해주세요',37.875,'2024-05-16 19:45:55','2024-05-16 19:45:55',NULL),(680,4,2,'안경 정리해주세요',11.875,'2024-05-16 19:46:01','2024-05-16 19:46:01',NULL),(681,4,2,'안경 정리해주세요',96.125,'2024-05-16 19:46:10','2024-05-16 19:46:10',NULL),(682,4,1,'버섯 넣어주세요',82.2857,'2024-05-16 19:48:12','2024-05-16 19:48:12',NULL),(683,4,1,'버섯 넣어주세요',95.1429,'2024-05-16 19:48:19','2024-05-16 19:48:19',NULL),(684,4,1,'토마토 넣어주세요',94.75,'2024-05-16 19:48:26','2024-05-16 19:48:26',NULL),(685,4,1,'올리브 넣어주세요',93.875,'2024-05-16 19:48:32','2024-05-16 19:48:32',NULL),(686,4,1,'올리브 넣어주세요',95.625,'2024-05-16 19:49:04','2024-05-16 19:49:04',NULL),(687,4,1,'올리브 넣어주세요',96.875,'2024-05-16 19:49:22','2024-05-16 19:49:22',NULL),(688,4,1,'고기 넣어주세요',86.8571,'2024-05-16 19:49:31','2024-05-16 19:49:31',NULL),(689,4,1,'고기 넣어주세요',88.8571,'2024-05-16 19:49:36','2024-05-16 19:49:36',NULL),(690,4,1,'고기 넣어주세요',89.4286,'2024-05-16 19:49:41','2024-05-16 19:49:41',NULL),(691,4,1,'버섯 넣어주세요',66.5714,'2024-05-16 19:51:57','2024-05-16 19:51:57',NULL),(692,4,1,'버섯 넣어주세요',71.2857,'2024-05-16 19:52:10','2024-05-16 19:52:10',NULL),(693,4,1,'버섯 넣어주세요',74.1429,'2024-05-16 19:52:30','2024-05-16 19:52:30',NULL),(694,4,1,'토마토 넣어주세요',45.5,'2024-05-16 19:55:40','2024-05-16 19:55:40',NULL),(695,4,1,'토마토 넣어주세요',23.25,'2024-05-16 19:56:45','2024-05-16 19:56:45',NULL),(696,4,1,'토마토 넣어주세요',56.875,'2024-05-16 19:57:01','2024-05-16 19:57:01',NULL),(697,4,1,'버섯 넣어주세요',56.4286,'2024-05-16 19:57:18','2024-05-16 19:57:18',NULL),(698,4,1,'버섯 넣어주세요',67.4286,'2024-05-16 19:57:59','2024-05-16 19:57:59',NULL),(699,4,1,'버섯 넣어주세요',84.7143,'2024-05-16 19:58:34','2024-05-16 19:58:34',NULL),(700,4,1,'올리브 넣어주세요',95.75,'2024-05-16 19:58:44','2024-05-16 19:58:44',NULL),(701,4,1,'버섯 넣어주세요',51.1429,'2024-05-16 19:58:57','2024-05-16 19:58:57',NULL),(702,4,1,'버섯 넣어주세요',85.2857,'2024-05-16 19:59:05','2024-05-16 19:59:05',NULL),(703,4,1,'버섯 넣어주세요',90.5714,'2024-05-16 19:59:13','2024-05-16 19:59:13',NULL),(704,4,1,'버섯 넣어주세요',96.5714,'2024-05-16 19:59:21','2024-05-16 19:59:21',NULL),(705,4,1,'버섯 넣어주세요',38.5714,'2024-05-16 20:00:12','2024-05-16 20:00:12',NULL),(706,4,1,'버섯 넣어주세요',50.8571,'2024-05-16 20:00:21','2024-05-16 20:00:21',NULL),(707,4,1,'버섯 넣어주세요',70.8571,'2024-05-16 20:00:31','2024-05-16 20:00:31',NULL),(708,4,1,'버섯 넣어주세요',80.7143,'2024-05-16 20:00:39','2024-05-16 20:00:39',NULL),(709,4,1,'피망 넣어주세요',65.7143,'2024-05-16 20:00:53','2024-05-16 20:00:53',NULL),(710,4,1,'피망 넣어주세요',14.5714,'2024-05-16 20:01:02','2024-05-16 20:01:02',NULL),(711,4,1,'고기 넣어요',0.2,'2024-05-16 20:01:04','2024-05-16 20:01:04',NULL),(712,4,1,'고기 넣어요',0,'2024-05-16 20:01:05','2024-05-16 20:01:05',NULL),(713,4,1,'고기 넣어요',0,'2024-05-16 20:01:07','2024-05-16 20:01:07',NULL),(714,4,1,'햄 넣어요',0.5,'2024-05-16 20:01:11','2024-05-16 20:01:11',NULL),(715,4,1,'햄 넣어요',0,'2024-05-16 20:01:13','2024-05-16 20:01:13',NULL),(716,4,1,'햄 넣어요',0,'2024-05-16 20:01:15','2024-05-16 20:01:15',NULL),(717,4,1,'고기 넣어주세요',73.1429,'2024-05-16 20:03:14','2024-05-16 20:03:14',NULL),(718,4,1,'고기 넣어주세요',85.5714,'2024-05-16 20:03:22','2024-05-16 20:03:22',NULL),(719,4,1,'고기 넣어주세요',91.2857,'2024-05-16 20:03:32','2024-05-16 20:03:32',NULL),(720,4,1,'피망 넣어주세요',85.1429,'2024-05-16 20:03:55','2024-05-16 20:03:55',NULL),(721,4,1,'피망 넣어주세요',92.4286,'2024-05-16 20:04:11','2024-05-16 20:04:11',NULL),(722,4,1,'햄 넣어요',92.5,'2024-05-16 20:27:03','2024-05-16 20:27:03',NULL),(723,4,1,'고기 넣어요',84,'2024-05-16 20:27:10','2024-05-16 20:27:10',NULL),(724,4,1,'고기 넣어요',74.2,'2024-05-16 20:27:14','2024-05-16 20:27:14',NULL),(725,4,1,'고기 넣어요',59.8,'2024-05-16 20:27:19','2024-05-16 20:27:19',NULL),(726,4,1,'토마토 넣어요',84.1667,'2024-05-16 20:27:38','2024-05-16 20:27:38',NULL),(727,4,1,'토마토 넣어요',40.1667,'2024-05-16 20:27:53','2024-05-16 20:27:53',NULL),(728,4,1,'버섯 넣어요',73.6,'2024-05-16 20:28:11','2024-05-16 20:28:11',NULL),(729,4,1,'버섯 넣어요',86.6,'2024-05-16 20:28:22','2024-05-16 20:28:22',NULL),(730,4,1,'버섯 넣어요',87.4,'2024-05-16 20:28:33','2024-05-16 20:28:33',NULL),(731,4,1,'토마토 넣어요',73.6667,'2024-05-16 20:28:42','2024-05-16 20:28:42',NULL),(732,4,1,'고기 넣어요',99.4,'2024-05-16 20:46:00','2024-05-16 20:46:00',NULL),(733,4,1,'올리브 넣어요',83.6667,'2024-05-16 20:46:08','2024-05-16 20:46:08',NULL),(734,4,1,'올리브 넣어요',98.5,'2024-05-16 20:46:16','2024-05-16 20:46:16',NULL),(735,4,2,'물 정리해요',96.6,'2024-05-16 21:18:59','2024-05-16 21:18:59',NULL),(736,4,2,'이불 정리해요',16,'2024-05-16 21:49:39','2024-05-16 21:49:39',NULL),(737,4,2,'이불 정리해요',97.3333,'2024-05-16 21:49:44','2024-05-16 21:49:44',NULL),(738,4,2,'돌 정리해요',63,'2024-05-16 21:49:50','2024-05-16 21:49:50',NULL),(739,4,2,'돌 정리해요',84.8,'2024-05-16 21:49:56','2024-05-16 21:49:56',NULL),(740,4,2,'돌 정리해요',85.2,'2024-05-16 21:50:56','2024-05-16 21:50:56',NULL),(741,4,2,'물 정리해요',86,'2024-05-16 21:51:00','2024-05-16 21:51:00',NULL),(742,4,2,'물 정리해요',82.2,'2024-05-16 21:51:07','2024-05-16 21:51:07',NULL),(743,4,1,'고기 넣어요',0.6,'2024-05-16 22:25:36','2024-05-16 22:25:36',NULL),(744,4,1,'고기 넣어요',1,'2024-05-16 22:25:38','2024-05-16 22:25:38',NULL),(745,4,1,'고기 넣어요',0.4,'2024-05-16 22:25:40','2024-05-16 22:25:40',NULL),(746,4,1,'햄 넣어요',0,'2024-05-16 22:29:49','2024-05-16 22:29:49',NULL),(747,4,1,'햄 넣어요',0,'2024-05-16 23:04:43','2024-05-16 23:04:43',NULL),(748,4,1,'햄 넣어요',0,'2024-05-16 23:06:32','2024-05-16 23:06:32',NULL),(749,4,1,'햄 넣어요',0.5,'2024-05-16 23:06:35','2024-05-16 23:06:35',NULL),(750,4,1,'햄 넣어요',0,'2024-05-16 23:06:47','2024-05-16 23:06:47',NULL),(751,4,2,'안경 정리해요',0,'2024-05-16 23:06:57','2024-05-16 23:06:57',NULL),(752,4,2,'안경 정리해요',0,'2024-05-16 23:07:04','2024-05-16 23:07:04',NULL),(753,4,2,'이불 정리해요',0,'2024-05-16 23:07:12','2024-05-16 23:07:12',NULL),(754,4,1,'햄 넣어요',89.25,'2024-05-17 02:03:09','2024-05-17 02:03:09',NULL),(755,4,1,'고기 넣어요',94.2,'2024-05-17 02:03:18','2024-05-17 02:03:18',NULL),(756,4,1,'토마토 넣어요',90.8333,'2024-05-17 02:03:26','2024-05-17 02:03:26',NULL),(757,4,1,'토마토 넣어요',96.1667,'2024-05-17 02:03:32','2024-05-17 02:03:32',NULL),(758,4,1,'피망 넣어요',91.2,'2024-05-17 02:03:42','2024-05-17 02:03:42',NULL),(759,4,1,'버섯 넣어요',70.6,'2024-05-17 02:03:48','2024-05-17 02:03:48',NULL),(760,4,1,'버섯 넣어요',86.6,'2024-05-17 02:03:54','2024-05-17 02:03:54',NULL),(761,4,1,'올리브 넣어요',88.1667,'2024-05-17 02:04:01','2024-05-17 02:04:01',NULL),(762,4,1,'올리브 넣어요',90.3333,'2024-05-17 02:04:07','2024-05-17 02:04:07',NULL),(763,4,1,'햄 넣어요',89.25,'2024-05-17 02:19:31','2024-05-17 02:19:31',NULL),(764,4,1,'피망 넣어요',91.6,'2024-05-17 02:19:41','2024-05-17 02:19:41',NULL),(765,4,1,'버섯 넣어요',37.2,'2024-05-17 02:19:50','2024-05-17 02:19:50',NULL),(766,4,1,'버섯 넣어요',51.6,'2024-05-17 02:19:58','2024-05-17 02:19:58',NULL),(767,4,1,'버섯 넣어요',68.6,'2024-05-17 02:20:05','2024-05-17 02:20:05',NULL),(768,4,1,'올리브 넣어요',70.3333,'2024-05-17 02:20:25','2024-05-17 02:20:25',NULL),(769,4,1,'올리브 넣어요',76,'2024-05-17 02:20:33','2024-05-17 02:20:33',NULL),(770,4,1,'버섯 넣어요',76.6,'2024-05-17 02:20:43','2024-05-17 02:20:43',NULL),(771,4,1,'버섯 넣어요',76.8,'2024-05-17 02:20:50','2024-05-17 02:20:50',NULL),(772,4,1,'버섯 넣어요',63,'2024-05-17 02:20:58','2024-05-17 02:20:58',NULL),(773,4,1,'토마토 넣어요',83.1667,'2024-05-17 02:21:03','2024-05-17 02:21:03',NULL),(774,4,1,'토마토 넣어요',66.3333,'2024-05-17 02:21:16','2024-05-17 02:21:16',NULL),(775,4,1,'토마토 넣어요',15,'2024-05-17 02:21:22','2024-05-17 02:21:22',NULL),(776,4,1,'버섯 넣어요',0.4,'2024-05-17 02:21:24','2024-05-17 02:21:24',NULL),(777,4,1,'버섯 넣어요',63.8,'2024-05-17 02:21:28','2024-05-17 02:21:28',NULL),(778,4,1,'올리브 넣어요',99,'2024-05-17 02:21:48','2024-05-17 02:21:48',NULL),(779,4,2,'이불 정리해요',97.3333,'2024-05-17 02:22:12','2024-05-17 02:22:12',NULL),(780,4,2,'모자 정리해요',32.6667,'2024-05-17 02:22:18','2024-05-17 02:22:18',NULL),(781,4,2,'모자 정리해요',72.3333,'2024-05-17 02:22:23','2024-05-17 02:22:23',NULL),(782,4,2,'모자 정리해요',98,'2024-05-17 02:22:34','2024-05-17 02:22:34',NULL),(783,4,2,'잠옷 정리해요',72.6667,'2024-05-17 02:22:38','2024-05-17 02:22:38',NULL),(784,4,2,'잠옷 정리해요',96.5,'2024-05-17 02:22:55','2024-05-17 02:22:55',NULL),(785,4,2,'안경 정리해요',48.1667,'2024-05-17 02:23:00','2024-05-17 02:23:00',NULL),(786,4,2,'안경 정리해요',80.6667,'2024-05-17 02:23:13','2024-05-17 02:23:13',NULL),(787,4,2,'안경 정리해요',92.3333,'2024-05-17 02:23:20','2024-05-17 02:23:20',NULL),(788,4,2,'안경 정리해요',98.1667,'2024-05-17 03:16:39','2024-05-17 03:16:39',NULL),(789,4,2,'잠옷 정리해요',99.8333,'2024-05-17 03:16:45','2024-05-17 03:16:45',NULL),(790,4,2,'모자 정리해요',99,'2024-05-17 03:16:50','2024-05-17 03:16:50',NULL),(791,4,2,'안경 정리해요',98.8333,'2024-05-17 03:19:49','2024-05-17 03:19:49',NULL),(792,4,2,'잠옷 정리해요',0,'2024-05-17 03:19:52','2024-05-17 03:19:52',NULL),(793,4,2,'모자 정리해요',99,'2024-05-17 03:22:41','2024-05-17 03:22:41',NULL),(794,4,2,'잠옷 정리해요',0,'2024-05-17 03:22:46','2024-05-17 03:22:46',NULL),(795,4,2,'잠옷 정리해요',96.5,'2024-05-17 03:22:53','2024-05-17 03:22:53',NULL),(796,4,2,'이불 정리해요',17,'2024-05-17 03:23:00','2024-05-17 03:23:00',NULL),(797,4,2,'이불 정리해요',32.3333,'2024-05-17 03:23:08','2024-05-17 03:23:08',NULL),(798,4,2,'이불 정리해요',91.3333,'2024-05-17 03:23:17','2024-05-17 03:23:17',NULL),(799,4,2,'안경 정리해요',98.6667,'2024-05-17 03:23:24','2024-05-17 03:23:24',NULL),(800,4,2,'이불 정리해요',99.6667,'2024-05-17 03:25:55','2024-05-17 03:25:55',NULL),(801,4,2,'모자 정리해요',98.6667,'2024-05-17 03:26:00','2024-05-17 03:26:00',NULL),(802,4,2,'잠옷 정리해요',99.5,'2024-05-17 03:26:05','2024-05-17 03:26:05',NULL),(803,4,2,'안경 정리해요',99.8333,'2024-05-17 03:26:10','2024-05-17 03:26:10',NULL),(804,4,2,'안경 정리해요',98.8333,'2024-05-17 03:26:30','2024-05-17 03:26:30',NULL),(805,4,2,'이불 정리해요',98.5,'2024-05-17 03:26:35','2024-05-17 03:26:35',NULL),(806,4,2,'모자 정리해요',97.5,'2024-05-17 03:26:39','2024-05-17 03:26:39',NULL),(807,4,2,'잠옷 정리해요',93.5,'2024-05-17 03:26:44','2024-05-17 03:26:44',NULL),(808,4,2,'안경 정리해요',82.3333,'2024-05-17 03:27:01','2024-05-17 03:27:01',NULL),(809,4,2,'안경 정리해요',98.3333,'2024-05-17 03:27:05','2024-05-17 03:27:05',NULL),(810,4,2,'잠옷 정리해요',99,'2024-05-17 03:27:09','2024-05-17 03:27:09',NULL),(811,4,2,'모자 정리해요',94.8333,'2024-05-17 03:27:14','2024-05-17 03:27:14',NULL),(812,4,2,'이불 정리해요',100,'2024-05-17 03:27:18','2024-05-17 03:27:18',NULL),(813,4,1,'햄 넣어요',71.5,'2024-05-17 03:27:34','2024-05-17 03:27:34',NULL),(814,4,1,'햄 넣어요',94,'2024-05-17 03:27:38','2024-05-17 03:27:38',NULL),(815,4,1,'피망 넣어요',87,'2024-05-17 03:27:43','2024-05-17 03:27:43',NULL),(816,4,1,'피망 넣어요',85,'2024-05-17 03:27:48','2024-05-17 03:27:48',NULL),(817,4,1,'피망 넣어요',96.8,'2024-05-17 03:27:52','2024-05-17 03:27:52',NULL),(818,4,1,'고기 넣어요',81,'2024-05-17 03:27:57','2024-05-17 03:27:57',NULL),(819,4,1,'고기 넣어요',83.6,'2024-05-17 03:28:01','2024-05-17 03:28:01',NULL),(820,4,1,'고기 넣어요',83.8,'2024-05-17 03:28:06','2024-05-17 03:28:06',NULL),(821,4,1,'토마토 넣어요',73.1667,'2024-05-17 03:28:11','2024-05-17 03:28:11',NULL),(822,4,1,'토마토 넣어요',82.5,'2024-05-17 03:28:16','2024-05-17 03:28:16',NULL),(823,4,1,'토마토 넣어요',79.5,'2024-05-17 03:28:21','2024-05-17 03:28:21',NULL),(824,4,1,'올리브 넣어요',87.8333,'2024-05-17 03:28:27','2024-05-17 03:28:27',NULL),(825,4,1,'올리브 넣어요',78.8333,'2024-05-17 03:28:33','2024-05-17 03:28:33',NULL),(826,4,1,'올리브 넣어요',83.5,'2024-05-17 03:28:37','2024-05-17 03:28:37',NULL),(827,4,1,'버섯 넣어요',78.8,'2024-05-17 03:28:42','2024-05-17 03:28:42',NULL),(828,4,1,'버섯 넣어요',71,'2024-05-17 03:28:47','2024-05-17 03:28:47',NULL),(829,4,1,'버섯 넣어요',76.8,'2024-05-17 03:28:51','2024-05-17 03:28:51',NULL),(830,4,2,'이불 정리해요',99,'2024-05-17 04:15:46','2024-05-17 04:15:46',NULL),(831,4,2,'모자 정리해요',76.8333,'2024-05-17 04:15:52','2024-05-17 04:15:52',NULL),(832,4,2,'모자 정리해요',83.6667,'2024-05-17 04:15:59','2024-05-17 04:15:59',NULL),(833,4,2,'모자 정리해요',57.1667,'2024-05-17 04:16:07','2024-05-17 04:16:07',NULL),(834,4,2,'잠옷 정리해요',21.8333,'2024-05-17 04:16:12','2024-05-17 04:16:12',NULL),(835,4,2,'잠옷 정리해요',25.3333,'2024-05-17 04:16:16','2024-05-17 04:16:16',NULL),(836,4,2,'잠옷 정리해요',77,'2024-05-17 04:16:24','2024-05-17 04:16:24',NULL),(837,4,2,'안경 정리해요',86.5,'2024-05-17 04:16:29','2024-05-17 04:16:29',NULL),(838,4,1,'햄 넣어요',62.5,'2024-05-17 04:21:08','2024-05-17 04:21:08',NULL),(839,4,1,'햄 넣어요',88.25,'2024-05-17 04:21:12','2024-05-17 04:21:12',NULL),(840,4,1,'버섯 넣어요',81.2,'2024-05-17 04:21:18','2024-05-17 04:21:18',NULL),(841,4,1,'버섯 넣어요',64,'2024-05-17 04:21:22','2024-05-17 04:21:22',NULL),(842,4,1,'버섯 넣어요',87.2,'2024-05-17 04:21:27','2024-05-17 04:21:27',NULL),(843,4,1,'고기 넣어요',86.6,'2024-05-17 04:21:34','2024-05-17 04:21:34',NULL),(844,4,1,'고기 넣어요',94.2,'2024-05-17 04:21:38','2024-05-17 04:21:38',NULL),(845,4,1,'햄 넣어요',93,'2024-05-17 04:21:48','2024-05-17 04:21:48',NULL),(846,4,1,'올리브 넣어요',90.1667,'2024-05-17 04:22:02','2024-05-17 04:22:02',NULL),(847,4,1,'고기 넣어요',76.4,'2024-05-17 04:22:08','2024-05-17 04:22:08',NULL),(848,4,1,'고기 넣어요',62.2,'2024-05-17 04:22:12','2024-05-17 04:22:12',NULL),(849,4,1,'고기 넣어요',82.8,'2024-05-17 04:22:16','2024-05-17 04:22:16',NULL),(850,4,1,'햄 넣어요',68.25,'2024-05-17 20:38:41','2024-05-17 20:38:41',NULL),(851,4,1,'햄 넣어요',38.75,'2024-05-17 20:38:59','2024-05-17 20:38:59',NULL),(852,4,1,'햄 넣어요',1.5,'2024-05-17 20:39:06','2024-05-17 20:39:06',NULL),(853,4,1,'햄 넣어요',42.5,'2024-05-17 20:39:14','2024-05-17 20:39:14',NULL),(854,4,1,'고기 넣어요',75.4,'2024-05-17 20:40:55','2024-05-17 20:40:55',NULL),(855,4,1,'고기 넣어요',73.4,'2024-05-17 20:41:19','2024-05-17 20:41:19',NULL),(856,4,1,'버섯 넣어요',1.4,'2024-05-17 20:43:15','2024-05-17 20:43:15',NULL),(857,4,1,'버섯 넣어요',48,'2024-05-17 20:44:27','2024-05-17 20:44:27',NULL),(858,4,2,'안경 정리해요',74.3333,'2024-05-17 20:44:42','2024-05-17 20:44:42',NULL),(859,4,2,'안경 정리해요',96.5,'2024-05-17 20:44:46','2024-05-17 20:44:46',NULL),(860,4,1,'버섯 넣어요',81.6,'2024-05-17 20:44:48','2024-05-17 20:44:48',NULL),(861,4,2,'잠옷 정리해요',98,'2024-05-17 20:44:50','2024-05-17 20:44:50',NULL),(862,4,2,'모자 정리해요',95.5,'2024-05-17 20:44:55','2024-05-17 20:44:55',NULL),(863,4,2,'이불 정리해요',78.8333,'2024-05-17 20:45:00','2024-05-17 20:45:00',NULL),(864,4,2,'이불 정리해요',98,'2024-05-17 20:45:04','2024-05-17 20:45:04',NULL),(865,4,1,'토마토 넣어요',69.6667,'2024-05-17 20:45:32','2024-05-17 20:45:32',NULL),(866,4,1,'토마토 넣어요',87.1667,'2024-05-17 20:45:46','2024-05-17 20:45:46',NULL),(867,4,1,'토마토 넣어요',79.3333,'2024-05-17 20:46:01','2024-05-17 20:46:01',NULL),(868,4,1,'토마토 넣어요',83.3333,'2024-05-17 20:46:28','2024-05-17 20:46:28',NULL),(869,4,1,'토마토 넣어요',94.1667,'2024-05-17 20:46:54','2024-05-17 20:46:54',NULL),(870,4,1,'햄 넣어요',18.25,'2024-05-17 22:04:32','2024-05-17 22:04:32',NULL),(871,4,1,'햄 넣어요',0,'2024-05-17 22:04:37','2024-05-17 22:04:37',NULL),(872,4,1,'햄 넣어요',5.25,'2024-05-17 22:04:41','2024-05-17 22:04:41',NULL),(873,4,1,'피망 넣어요',0,'2024-05-17 22:04:52','2024-05-17 22:04:52',NULL),(874,4,1,'피망 넣어요',0,'2024-05-17 22:04:55','2024-05-17 22:04:55',NULL),(875,4,1,'피망 넣어요',0,'2024-05-17 22:05:02','2024-05-17 22:05:02',NULL),(876,4,1,'고기 넣어요',0,'2024-05-17 22:05:53','2024-05-17 22:05:53',NULL),(877,4,1,'고기 넣어요',0,'2024-05-17 22:05:57','2024-05-17 22:05:57',NULL),(878,4,1,'고기 넣어요',1.6,'2024-05-17 22:06:00','2024-05-17 22:06:00',NULL),(879,4,1,'고기 넣어요',0.4,'2024-05-17 22:09:38','2024-05-17 22:09:38',NULL),(880,4,1,'고기 넣어요',4,'2024-05-17 22:09:42','2024-05-17 22:09:42',NULL),(881,4,1,'고기 넣어요',0,'2024-05-17 22:09:46','2024-05-17 22:09:46',NULL),(882,4,1,'햄 넣어요',0,'2024-05-17 22:11:09','2024-05-17 22:11:09',NULL),(883,4,1,'햄 넣어요',0.5,'2024-05-17 22:11:14','2024-05-17 22:11:14',NULL),(884,4,1,'햄 넣어요',0,'2024-05-17 22:11:18','2024-05-17 22:11:18',NULL),(885,4,1,'햄 넣어요',0.25,'2024-05-17 22:11:59','2024-05-17 22:11:59',NULL),(886,4,1,'햄 넣어요',0,'2024-05-17 22:12:04','2024-05-17 22:12:04',NULL),(887,4,1,'햄 넣어요',2.75,'2024-05-17 22:12:08','2024-05-17 22:12:08',NULL),(888,4,1,'햄 넣어요',0,'2024-05-17 22:12:30','2024-05-17 22:12:30',NULL),(889,4,1,'햄 넣어요',0,'2024-05-17 22:12:33','2024-05-17 22:12:33',NULL),(890,4,1,'햄 넣어요',1.5,'2024-05-17 22:12:36','2024-05-17 22:12:36',NULL),(891,4,1,'햄 넣어요',4.5,'2024-05-17 22:12:55','2024-05-17 22:12:55',NULL),(892,4,1,'햄 넣어요',0,'2024-05-17 22:12:56','2024-05-17 22:12:56',NULL),(893,4,1,'햄 넣어요',0,'2024-05-17 22:12:58','2024-05-17 22:12:58',NULL),(894,4,1,'버섯 넣어요',0.2,'2024-05-17 22:13:05','2024-05-17 22:13:05',NULL),(895,4,1,'버섯 넣어요',0,'2024-05-17 22:13:09','2024-05-17 22:13:09',NULL),(896,4,1,'버섯 넣어요',0,'2024-05-17 22:13:12','2024-05-17 22:13:12',NULL),(897,4,1,'피망 넣어요',11.4,'2024-05-17 22:13:25','2024-05-17 22:13:25',NULL),(898,4,1,'피망 넣어요',0,'2024-05-17 22:13:28','2024-05-17 22:13:28',NULL),(899,4,1,'피망 넣어요',0,'2024-05-17 22:13:32','2024-05-17 22:13:32',NULL),(900,4,1,'버섯 넣어요',1.4,'2024-05-17 22:14:57','2024-05-17 22:14:57',NULL),(901,4,1,'버섯 넣어요',0,'2024-05-17 22:15:00','2024-05-17 22:15:00',NULL),(902,4,1,'버섯 넣어요',0,'2024-05-17 22:15:03','2024-05-17 22:15:03',NULL),(903,4,1,'버섯 넣어요',0.6,'2024-05-17 22:15:12','2024-05-17 22:15:12',NULL),(904,4,1,'버섯 넣어요',0,'2024-05-17 22:15:15','2024-05-17 22:15:15',NULL),(905,4,1,'버섯 넣어요',0,'2024-05-17 22:15:19','2024-05-17 22:15:19',NULL),(906,4,1,'햄 넣어요',13.5,'2024-05-17 22:17:49','2024-05-17 22:17:49',NULL),(907,4,1,'햄 넣어요',0,'2024-05-17 22:17:54','2024-05-17 22:17:54',NULL),(908,4,1,'햄 넣어요',1.5,'2024-05-17 22:18:02','2024-05-17 22:18:02',NULL),(909,4,1,'토마토 넣어요',0,'2024-05-17 22:18:10','2024-05-17 22:18:10',NULL),(910,4,1,'토마토 넣어요',0,'2024-05-17 22:18:13','2024-05-17 22:18:13',NULL),(911,4,1,'토마토 넣어요',0,'2024-05-17 22:18:17','2024-05-17 22:18:17',NULL),(912,4,1,'고기 넣어요',0,'2024-05-17 22:22:02','2024-05-17 22:22:02',NULL),(913,4,1,'고기 넣어요',0,'2024-05-17 22:22:05','2024-05-17 22:22:05',NULL),(914,4,1,'고기 넣어요',1.4,'2024-05-17 22:22:09','2024-05-17 22:22:09',NULL),(915,4,1,'고기 넣어요',0,'2024-05-17 22:22:47','2024-05-17 22:22:47',NULL),(916,4,1,'고기 넣어요',0.2,'2024-05-17 22:22:50','2024-05-17 22:22:50',NULL),(917,4,1,'고기 넣어요',0,'2024-05-17 22:22:53','2024-05-17 22:22:53',NULL),(918,4,1,'고기 넣어요',0,'2024-05-17 22:26:37','2024-05-17 22:26:37',NULL),(919,4,1,'고기 넣어요',0,'2024-05-17 22:26:39','2024-05-17 22:26:39',NULL),(920,4,1,'고기 넣어요',1.6,'2024-05-17 22:26:42','2024-05-17 22:26:42',NULL),(921,4,1,'버섯 넣어요',0,'2024-05-17 22:26:57','2024-05-17 22:26:57',NULL),(922,4,1,'버섯 넣어요',0.4,'2024-05-17 22:27:07','2024-05-17 22:27:07',NULL),(923,4,1,'버섯 넣어요',0,'2024-05-17 22:27:10','2024-05-17 22:27:10',NULL),(924,4,1,'햄 넣어요',0,'2024-05-17 22:27:30','2024-05-17 22:27:30',NULL),(925,4,1,'햄 넣어요',1.25,'2024-05-17 22:27:33','2024-05-17 22:27:33',NULL),(926,4,1,'햄 넣어요',0,'2024-05-17 22:27:36','2024-05-17 22:27:36',NULL),(927,4,1,'버섯 넣어요',0,'2024-05-17 22:27:59','2024-05-17 22:27:59',NULL),(928,4,1,'버섯 넣어요',0,'2024-05-17 22:28:01','2024-05-17 22:28:01',NULL),(929,4,1,'버섯 넣어요',0,'2024-05-17 22:28:06','2024-05-17 22:28:06',NULL),(930,4,1,'고기 넣어요',0,'2024-05-17 22:28:29','2024-05-17 22:28:29',NULL),(931,4,1,'고기 넣어요',0,'2024-05-17 22:28:31','2024-05-17 22:28:31',NULL),(932,4,1,'고기 넣어요',0,'2024-05-17 22:28:34','2024-05-17 22:28:34',NULL),(933,4,1,'햄 넣어요',94.25,'2024-05-17 22:31:36','2024-05-17 22:31:36',NULL),(934,4,1,'고기 넣어요',98.2,'2024-05-17 22:31:41','2024-05-17 22:31:41',NULL),(935,4,1,'토마토 넣어요',96,'2024-05-17 22:31:47','2024-05-17 22:31:47',NULL),(936,4,1,'올리브 넣어요',95.8333,'2024-05-17 22:31:52','2024-05-17 22:31:52',NULL),(937,4,1,'고기 넣어요',0.8,'2024-05-17 23:01:39','2024-05-17 23:01:39',NULL),(938,4,1,'고기 넣어요',0.8,'2024-05-17 23:01:39','2024-05-17 23:01:39',NULL),(939,4,1,'고기 넣어요',0.8,'2024-05-17 23:01:39','2024-05-17 23:01:39',NULL),(940,4,1,'고기 넣어요',28,'2024-05-17 23:01:40','2024-05-17 23:01:40',NULL),(941,4,1,'고기 넣어요',28,'2024-05-17 23:01:41','2024-05-17 23:01:41',NULL),(942,4,1,'피망 넣어요',0,'2024-05-17 23:01:44','2024-05-17 23:01:44',NULL),(943,4,1,'피망 넣어요',0.2,'2024-05-17 23:01:46','2024-05-17 23:01:46',NULL),(944,4,1,'피망 넣어요',6.6,'2024-05-17 23:01:49','2024-05-17 23:01:49',NULL),(945,4,1,'고기 넣어요',0.2,'2024-05-17 23:01:55','2024-05-17 23:01:55',NULL),(946,4,1,'고기 넣어요',0.2,'2024-05-17 23:01:55','2024-05-17 23:01:55',NULL),(947,4,1,'고기 넣어요',0.6,'2024-05-17 23:01:56','2024-05-17 23:01:56',NULL),(948,4,1,'고기 넣어요',0.6,'2024-05-17 23:01:56','2024-05-17 23:01:56',NULL),(949,4,1,'고기 넣어요',0.6,'2024-05-17 23:01:57','2024-05-17 23:01:57',NULL),(950,4,1,'고기 넣어요',2.8,'2024-05-17 23:01:58','2024-05-17 23:01:58',NULL),(951,4,1,'고기 넣어요',2.8,'2024-05-17 23:01:58','2024-05-17 23:01:58',NULL),(952,4,2,'안경 정리해요',82.5,'2024-05-17 23:02:18','2024-05-17 23:02:18',NULL),(953,4,2,'안경 정리해요',96.8333,'2024-05-17 23:02:23','2024-05-17 23:02:23',NULL),(954,4,2,'잠옷 정리해요',86.8333,'2024-05-17 23:02:31','2024-05-17 23:02:31',NULL),(955,4,2,'잠옷 정리해요',90.5,'2024-05-17 23:02:37','2024-05-17 23:02:37',NULL),(956,4,2,'모자 정리해요',94.6667,'2024-05-17 23:02:59','2024-05-17 23:02:59',NULL),(957,4,2,'잠옷 정리해요',98,'2024-05-17 23:03:05','2024-05-17 23:03:05',NULL),(958,4,2,'이불 정리해요',66.8333,'2024-05-17 23:03:14','2024-05-17 23:03:14',NULL),(959,4,2,'이불 정리해요',67.3333,'2024-05-17 23:03:20','2024-05-17 23:03:20',NULL),(960,4,2,'이불 정리해요',82.5,'2024-05-17 23:03:36','2024-05-17 23:03:36',NULL),(961,4,2,'안경 정리해요',91,'2024-05-17 23:03:59','2024-05-17 23:03:59',NULL),(962,4,2,'잠옷 정리해요',80.5,'2024-05-17 23:04:06','2024-05-17 23:04:06',NULL),(963,4,2,'잠옷 정리해요',90.5,'2024-05-17 23:04:12','2024-05-17 23:04:12',NULL),(964,4,2,'잠옷 정리해요',83.3333,'2024-05-17 23:04:18','2024-05-17 23:04:18',NULL),(965,4,2,'모자 정리해요',98.3333,'2024-05-17 23:04:35','2024-05-17 23:04:35',NULL),(966,4,2,'이불 정리해요',86.3333,'2024-05-17 23:04:44','2024-05-17 23:04:44',NULL),(967,4,2,'이불 정리해요',98.8333,'2024-05-17 23:04:51','2024-05-17 23:04:51',NULL),(968,4,1,'햄 넣어요',90.75,'2024-05-17 23:05:05','2024-05-17 23:05:05',NULL),(969,4,1,'피망 넣어요',96.8,'2024-05-17 23:05:15','2024-05-17 23:05:15',NULL),(970,4,1,'고기 넣어요',96,'2024-05-17 23:05:24','2024-05-17 23:05:24',NULL),(971,4,1,'버섯 넣어요',77.8,'2024-05-17 23:05:32','2024-05-17 23:05:32',NULL),(972,4,1,'버섯 넣어요',89,'2024-05-17 23:05:39','2024-05-17 23:05:39',NULL),(973,4,1,'토마토 넣어요',95.8333,'2024-05-17 23:05:47','2024-05-17 23:05:47',NULL),(974,4,1,'올리브 넣어요',89.8333,'2024-05-17 23:05:56','2024-05-17 23:05:56',NULL),(975,4,2,'이불 정리해요',99.5,'2024-05-17 23:08:52','2024-05-17 23:08:52',NULL),(976,4,2,'모자 정리해요',99.1667,'2024-05-17 23:09:01','2024-05-17 23:09:01',NULL),(977,4,2,'잠옷 정리해요',79.3333,'2024-05-17 23:09:09','2024-05-17 23:09:09',NULL),(978,4,2,'잠옷 정리해요',61.5,'2024-05-17 23:09:19','2024-05-17 23:09:19',NULL),(979,4,2,'잠옷 정리해요',94.1667,'2024-05-17 23:09:26','2024-05-17 23:09:26',NULL),(980,4,2,'안경 정리해요',99.3333,'2024-05-17 23:09:34','2024-05-17 23:09:34',NULL),(981,4,1,'토마토 넣어요',88.3333,'2024-05-17 23:21:19','2024-05-17 23:21:19',NULL),(982,4,1,'고기 넣어요',85.6,'2024-05-17 23:21:28','2024-05-17 23:21:28',NULL),(983,4,1,'햄 넣어요',27.75,'2024-05-17 23:21:35','2024-05-17 23:21:35',NULL),(984,4,1,'햄 넣어요',73.75,'2024-05-17 23:21:42','2024-05-17 23:21:42',NULL),(985,4,1,'햄 넣어요',72,'2024-05-17 23:21:49','2024-05-17 23:21:49',NULL),(986,4,1,'피망 넣어요',90,'2024-05-17 23:21:59','2024-05-17 23:21:59',NULL),(987,4,1,'피망 넣어요',81.6,'2024-05-17 23:22:06','2024-05-17 23:22:06',NULL),(988,4,1,'피망 넣어요',77.8,'2024-05-17 23:22:14','2024-05-17 23:22:14',NULL),(989,4,1,'토마토 넣어요',91.3333,'2024-05-17 23:22:54','2024-05-17 23:22:54',NULL),(990,4,1,'버섯 넣어요',90.4,'2024-05-17 23:23:01','2024-05-17 23:23:01',NULL),(991,4,1,'피망 넣어요',99.2,'2024-05-17 23:23:09','2024-05-17 23:23:09',NULL),(992,4,1,'햄 넣어요',91.75,'2024-05-17 23:23:16','2024-05-17 23:23:16',NULL),(993,4,1,'고기 넣어요',98.2,'2024-05-17 23:23:22','2024-05-17 23:23:22',NULL),(994,4,1,'햄 넣어요',49.5,'2024-05-17 23:23:54','2024-05-17 23:23:54',NULL),(995,4,1,'피망 넣어요',56.4,'2024-05-17 23:24:09','2024-05-17 23:24:09',NULL),(996,4,1,'올리브 넣어요',57.1667,'2024-05-17 23:24:21','2024-05-17 23:24:21',NULL),(997,4,1,'고기 넣어요',56.8,'2024-05-17 23:24:27','2024-05-17 23:24:27',NULL),(998,4,1,'햄 넣어요',29,'2024-05-17 23:24:34','2024-05-17 23:24:34',NULL),(999,4,1,'토마토 넣어요',6.5,'2024-05-17 23:24:44','2024-05-17 23:24:44',NULL),(1000,4,1,'토마토 넣어요',65,'2024-05-17 23:24:50','2024-05-17 23:24:50',NULL),(1001,4,1,'버섯 넣어요',55.8,'2024-05-17 23:25:00','2024-05-17 23:25:00',NULL),(1002,4,1,'피망 넣어요',30,'2024-05-17 23:25:06','2024-05-17 23:25:06',NULL),(1003,4,1,'토마토 넣어요',62.3333,'2024-05-17 23:25:11','2024-05-17 23:25:11',NULL),(1004,4,1,'올리브 넣어요',73.3333,'2024-05-17 23:25:25','2024-05-17 23:25:25',NULL),(1005,4,1,'올리브 넣어요',50.6667,'2024-05-17 23:25:36','2024-05-17 23:25:36',NULL),(1006,4,1,'버섯 넣어요',40,'2024-05-17 23:25:42','2024-05-17 23:25:42',NULL),(1007,4,1,'피망 넣어요',55.6,'2024-05-17 23:25:47','2024-05-17 23:25:47',NULL),(1008,4,1,'햄 넣어요',38.5,'2024-05-17 23:25:53','2024-05-17 23:25:53',NULL),(1009,4,1,'고기 넣어요',96.4,'2024-05-17 23:26:19','2024-05-17 23:26:19',NULL),(1010,4,1,'올리브 넣어요',94.8333,'2024-05-17 23:26:28','2024-05-17 23:26:28',NULL),(1011,4,1,'햄 넣어요',94.75,'2024-05-17 23:26:40','2024-05-17 23:26:40',NULL),(1012,4,1,'버섯 넣어요',95,'2024-05-17 23:28:23','2024-05-17 23:28:23',NULL),(1013,4,1,'올리브 넣어요',57.8333,'2024-05-17 23:28:32','2024-05-17 23:28:32',NULL),(1014,4,1,'올리브 넣어요',96.5,'2024-05-17 23:28:40','2024-05-17 23:28:40',NULL),(1015,4,1,'토마토 넣어요',47.6667,'2024-05-17 23:28:50','2024-05-17 23:28:50',NULL),(1016,4,1,'토마토 넣어요',99.1667,'2024-05-17 23:28:59','2024-05-17 23:28:59',NULL),(1017,4,1,'고기 넣어요',53.4,'2024-05-17 23:29:08','2024-05-17 23:29:08',NULL),(1018,4,1,'고기 넣어요',14.6,'2024-05-17 23:29:15','2024-05-17 23:29:15',NULL),(1019,4,1,'고기 넣어요',27.6,'2024-05-17 23:29:22','2024-05-17 23:29:22',NULL),(1020,4,1,'햄 넣어요',99,'2024-05-17 23:29:33','2024-05-17 23:29:33',NULL),(1021,4,1,'피망 넣어요',49.8,'2024-05-17 23:29:42','2024-05-17 23:29:42',NULL),(1022,4,1,'피망 넣어요',67.8,'2024-05-17 23:29:50','2024-05-17 23:29:50',NULL),(1023,4,1,'피망 넣어요',54.6,'2024-05-17 23:29:57','2024-05-17 23:29:57',NULL),(1024,4,1,'피망 넣어요',72.8,'2024-05-17 23:30:38','2024-05-17 23:30:38',NULL),(1025,4,1,'피망 넣어요',56.2,'2024-05-17 23:30:45','2024-05-17 23:30:45',NULL),(1026,4,1,'올리브 넣어요',69.6667,'2024-05-17 23:30:52','2024-05-17 23:30:52',NULL),(1027,4,1,'올리브 넣어요',79.1667,'2024-05-17 23:30:59','2024-05-17 23:30:59',NULL),(1028,4,1,'올리브 넣어요',74.1667,'2024-05-17 23:31:08','2024-05-17 23:31:08',NULL),(1029,4,1,'토마토 넣어요',70.8333,'2024-05-17 23:31:21','2024-05-17 23:31:21',NULL),(1030,4,1,'토마토 넣어요',59.1667,'2024-05-17 23:31:28','2024-05-17 23:31:28',NULL),(1031,4,1,'토마토 넣어요',69.1667,'2024-05-17 23:31:36','2024-05-17 23:31:36',NULL),(1032,4,1,'버섯 넣어요',79.6,'2024-05-17 23:31:49','2024-05-17 23:31:49',NULL),(1033,4,1,'버섯 넣어요',44,'2024-05-17 23:31:55','2024-05-17 23:31:55',NULL),(1034,4,1,'버섯 넣어요',56.2,'2024-05-17 23:32:01','2024-05-17 23:32:01',NULL),(1035,4,1,'고기 넣어요',70.8,'2024-05-17 23:32:09','2024-05-17 23:32:09',NULL),(1036,4,1,'고기 넣어요',91,'2024-05-17 23:32:15','2024-05-17 23:32:15',NULL),(1037,4,1,'피망 넣어요',65.8,'2024-05-17 23:32:23','2024-05-17 23:32:23',NULL),(1038,4,1,'피망 넣어요',73,'2024-05-17 23:32:30','2024-05-17 23:32:30',NULL),(1039,4,1,'피망 넣어요',77,'2024-05-17 23:33:01','2024-05-17 23:33:01',NULL),(1040,4,1,'올리브 넣어요',77.3333,'2024-05-17 23:33:16','2024-05-17 23:33:16',NULL),(1041,4,1,'올리브 넣어요',62,'2024-05-17 23:33:22','2024-05-17 23:33:22',NULL),(1042,4,1,'토마토 넣어요',4,'2024-05-18 03:04:54','2024-05-18 03:04:54',NULL),(1043,4,1,'토마토 넣어요',49.5,'2024-05-18 03:05:02','2024-05-18 03:05:02',NULL),(1044,4,1,'햄 넣어요',64,'2024-05-18 03:05:10','2024-05-18 03:05:10',NULL),(1045,4,1,'햄 넣어요',74.75,'2024-05-18 03:05:16','2024-05-18 03:05:16',NULL),(1046,4,1,'햄 넣어요',63.25,'2024-05-18 03:05:23','2024-05-18 03:05:23',NULL),(1047,4,1,'햄 넣어요',80.25,'2024-05-18 03:05:28','2024-05-18 03:05:28',NULL),(1048,4,1,'피망 넣어요',0.4,'2024-05-18 03:05:34','2024-05-18 03:05:34',NULL),(1049,4,1,'피망 넣어요',4.4,'2024-05-18 03:05:36','2024-05-18 03:05:36',NULL),(1050,4,1,'피망 넣어요',5.2,'2024-05-18 03:05:40','2024-05-18 03:05:40',NULL),(1051,4,1,'고기 넣어요',0.2,'2024-05-18 03:05:45','2024-05-18 03:05:45',NULL),(1052,4,1,'고기 넣어요',1,'2024-05-18 03:05:47','2024-05-18 03:05:47',NULL),(1053,4,1,'버섯 넣어요',20.4,'2024-05-18 03:06:02','2024-05-18 03:06:02',NULL),(1054,4,1,'버섯 넣어요',31.4,'2024-05-18 03:06:05','2024-05-18 03:06:05',NULL),(1055,4,1,'버섯 넣어요',15,'2024-05-18 03:06:09','2024-05-18 03:06:09',NULL),(1056,4,1,'토마토 넣어요',20.8333,'2024-05-18 03:06:15','2024-05-18 03:06:15',NULL),(1057,4,1,'토마토 넣어요',4.33333,'2024-05-18 03:06:19','2024-05-18 03:06:19',NULL),(1058,4,1,'올리브 넣어요',16.1667,'2024-05-18 03:06:29','2024-05-18 03:06:29',NULL),(1059,4,1,'올리브 넣어요',4.5,'2024-05-18 03:06:31','2024-05-18 03:06:31',NULL),(1060,4,1,'올리브 넣어요',41.3333,'2024-05-18 03:06:42','2024-05-18 03:06:42',NULL),(1061,4,1,'올리브 넣어요',10.1667,'2024-05-18 03:06:46','2024-05-18 03:06:46',NULL),(1062,4,1,'햄 넣어요',32.5,'2024-05-18 03:07:44','2024-05-18 03:07:44',NULL),(1063,4,1,'햄 넣어요',43,'2024-05-18 03:07:49','2024-05-18 03:07:49',NULL),(1064,4,1,'햄 넣어요',25,'2024-05-18 03:07:53','2024-05-18 03:07:53',NULL),(1065,4,1,'피망 넣어요',20.6,'2024-05-18 03:07:58','2024-05-18 03:07:58',NULL),(1066,4,1,'피망 넣어요',10.4,'2024-05-18 03:08:01','2024-05-18 03:08:01',NULL),(1067,4,1,'햄 넣어요',0,'2024-05-18 03:11:58','2024-05-18 03:11:58',NULL),(1068,4,1,'햄 넣어요',0.75,'2024-05-18 03:12:00','2024-05-18 03:12:00',NULL),(1069,4,1,'햄 넣어요',0,'2024-05-18 03:12:04','2024-05-18 03:12:04',NULL),(1070,4,1,'햄 넣어요',58.75,'2024-05-18 03:14:57','2024-05-18 03:14:57',NULL),(1071,4,1,'햄 넣어요',71.5,'2024-05-18 03:15:02','2024-05-18 03:15:02',NULL),(1072,4,1,'햄 넣어요',83.75,'2024-05-18 03:15:07','2024-05-18 03:15:07',NULL),(1073,4,1,'고기 넣어요',80.8,'2024-05-18 03:15:16','2024-05-18 03:15:16',NULL),(1074,4,1,'고기 넣어요',83,'2024-05-18 03:15:22','2024-05-18 03:15:22',NULL),(1075,4,1,'피망 넣어요',5.2,'2024-05-18 03:15:25','2024-05-18 03:15:25',NULL),(1076,4,1,'피망 넣어요',5.2,'2024-05-18 03:15:25','2024-05-18 03:15:25',NULL),(1077,4,1,'피망 넣어요',5.2,'2024-05-18 03:15:26','2024-05-18 03:15:26',NULL),(1078,4,1,'고기 넣어요',41.6,'2024-05-18 03:15:26','2024-05-18 03:15:26',NULL),(1079,4,1,'피망 넣어요',0,'2024-05-18 03:15:27','2024-05-18 03:15:27',NULL),(1080,4,1,'피망 넣어요',0.2,'2024-05-18 03:15:27','2024-05-18 03:15:27',NULL),(1081,4,1,'피망 넣어요',0,'2024-05-18 03:15:27','2024-05-18 03:15:27',NULL),(1082,4,1,'피망 넣어요',0,'2024-05-18 03:15:27','2024-05-18 03:15:27',NULL),(1083,4,1,'피망 넣어요',0,'2024-05-18 03:15:28','2024-05-18 03:15:28',NULL),(1084,4,1,'고기 넣어요',2,'2024-05-18 03:15:30','2024-05-18 03:15:30',NULL),(1085,4,1,'버섯 넣어요',77.8,'2024-05-18 03:15:32','2024-05-18 03:15:32',NULL),(1086,4,1,'고기 넣어요',0,'2024-05-18 03:15:32','2024-05-18 03:15:32',NULL),(1087,4,1,'고기 넣어요',0,'2024-05-18 03:15:32','2024-05-18 03:15:32',NULL),(1088,4,1,'고기 넣어요',0,'2024-05-18 03:15:33','2024-05-18 03:15:33',NULL),(1089,4,1,'고기 넣어요',0,'2024-05-18 03:15:33','2024-05-18 03:15:33',NULL),(1090,4,1,'고기 넣어요',3,'2024-05-18 03:15:34','2024-05-18 03:15:34',NULL),(1091,4,1,'고기 넣어요',3,'2024-05-18 03:15:34','2024-05-18 03:15:34',NULL),(1092,4,1,'고기 넣어요',3,'2024-05-18 03:15:34','2024-05-18 03:15:34',NULL),(1093,4,1,'버섯 넣어요',79.2,'2024-05-18 03:15:36','2024-05-18 03:15:36',NULL),(1094,4,1,'고기 넣어요',0,'2024-05-18 03:15:36','2024-05-18 03:15:36',NULL),(1095,4,1,'고기 넣어요',0,'2024-05-18 03:15:36','2024-05-18 03:15:36',NULL),(1096,4,1,'고기 넣어요',0,'2024-05-18 03:15:36','2024-05-18 03:15:36',NULL),(1097,4,1,'고기 넣어요',3.2,'2024-05-18 03:15:37','2024-05-18 03:15:37',NULL),(1098,4,1,'고기 넣어요',3.2,'2024-05-18 03:15:37','2024-05-18 03:15:37',NULL),(1099,4,1,'고기 넣어요',3.2,'2024-05-18 03:15:38','2024-05-18 03:15:38',NULL),(1100,4,1,'버섯 넣어요',71.2,'2024-05-18 03:15:40','2024-05-18 03:15:40',NULL),(1101,4,1,'고기 넣어요',0,'2024-05-18 03:15:40','2024-05-18 03:15:40',NULL),(1102,4,1,'고기 넣어요',0,'2024-05-18 03:15:40','2024-05-18 03:15:40',NULL),(1103,4,1,'고기 넣어요',0,'2024-05-18 03:15:41','2024-05-18 03:15:41',NULL),(1104,4,1,'고기 넣어요',0.6,'2024-05-18 03:15:42','2024-05-18 03:15:42',NULL),(1105,4,1,'고기 넣어요',0.6,'2024-05-18 03:15:42','2024-05-18 03:15:42',NULL),(1106,4,1,'고기 넣어요',0.6,'2024-05-18 03:15:42','2024-05-18 03:15:42',NULL),(1107,4,1,'버섯 넣어요',0,'2024-05-18 03:15:44','2024-05-18 03:15:44',NULL),(1108,4,1,'버섯 넣어요',0,'2024-05-18 03:15:44','2024-05-18 03:15:44',NULL),(1109,4,1,'버섯 넣어요',0,'2024-05-18 03:15:45','2024-05-18 03:15:45',NULL),(1110,4,1,'버섯 넣어요',0.2,'2024-05-18 03:15:46','2024-05-18 03:15:46',NULL),(1111,4,1,'버섯 넣어요',0.2,'2024-05-18 03:15:46','2024-05-18 03:15:46',NULL),(1112,4,1,'버섯 넣어요',0.2,'2024-05-18 03:15:46','2024-05-18 03:15:46',NULL),(1113,4,1,'피망 넣어요',90,'2024-05-18 03:15:47','2024-05-18 03:15:47',NULL),(1114,4,1,'고기 넣어요',17.4,'2024-05-18 03:15:48','2024-05-18 03:15:48',NULL),(1115,4,1,'고기 넣어요',17.4,'2024-05-18 03:15:49','2024-05-18 03:15:49',NULL),(1116,4,1,'고기 넣어요',17.4,'2024-05-18 03:15:49','2024-05-18 03:15:49',NULL),(1117,4,1,'고기 넣어요',1.8,'2024-05-18 03:15:50','2024-05-18 03:15:50',NULL),(1118,4,1,'고기 넣어요',1.8,'2024-05-18 03:15:50','2024-05-18 03:15:50',NULL),(1119,4,1,'고기 넣어요',1.8,'2024-05-18 03:15:50','2024-05-18 03:15:50',NULL),(1120,4,1,'올리브 넣어요',12.3333,'2024-05-18 03:15:54','2024-05-18 03:15:54',NULL),(1121,4,1,'올리브 넣어요',14.5,'2024-05-18 03:15:57','2024-05-18 03:15:57',NULL),(1122,4,1,'올리브 넣어요',2.33333,'2024-05-18 03:16:00','2024-05-18 03:16:00',NULL),(1123,4,1,'토마토 넣어요',16.3333,'2024-05-18 03:16:08','2024-05-18 03:16:08',NULL),(1124,4,1,'토마토 넣어요',18.3333,'2024-05-18 03:16:08','2024-05-18 03:16:08',NULL),(1125,4,1,'토마토 넣어요',0,'2024-05-18 03:16:09','2024-05-18 03:16:09',NULL),(1126,4,1,'토마토 넣어요',0,'2024-05-18 03:16:09','2024-05-18 03:16:09',NULL),(1127,4,1,'토마토 넣어요',0,'2024-05-18 03:16:09','2024-05-18 03:16:09',NULL),(1128,4,1,'토마토 넣어요',0,'2024-05-18 03:16:09','2024-05-18 03:16:09',NULL),(1129,4,1,'토마토 넣어요',3.5,'2024-05-18 03:16:11','2024-05-18 03:16:11',NULL),(1130,4,1,'토마토 넣어요',16.1667,'2024-05-18 03:16:12','2024-05-18 03:16:12',NULL),(1131,4,1,'토마토 넣어요',9.33333,'2024-05-18 03:16:15','2024-05-18 03:16:15',NULL),(1132,4,1,'토마토 넣어요',8.33333,'2024-05-18 03:26:00','2024-05-18 03:26:00',NULL),(1133,4,1,'토마토 넣어요',19.8333,'2024-05-18 03:26:05','2024-05-18 03:26:05',NULL),(1134,4,1,'토마토 넣어요',18.5,'2024-05-18 03:26:10','2024-05-18 03:26:10',NULL),(1135,4,1,'고기 넣어요',27.4,'2024-05-18 03:26:15','2024-05-18 03:26:15',NULL),(1136,4,1,'고기 넣어요',1,'2024-05-18 03:26:19','2024-05-18 03:26:19',NULL),(1137,4,1,'고기 넣어요',6.2,'2024-05-18 03:26:22','2024-05-18 03:26:22',NULL),(1138,4,1,'토마토 넣어요',33.5,'2024-05-18 03:26:28','2024-05-18 03:26:28',NULL),(1139,4,1,'토마토 넣어요',22.3333,'2024-05-18 03:26:31','2024-05-18 03:26:31',NULL),(1140,4,1,'토마토 넣어요',16.5,'2024-05-18 03:26:34','2024-05-18 03:26:34',NULL),(1141,4,1,'피망 넣어요',18.6,'2024-05-18 03:26:40','2024-05-18 03:26:40',NULL),(1142,4,1,'피망 넣어요',13.6,'2024-05-18 03:26:43','2024-05-18 03:26:43',NULL),(1143,4,1,'피망 넣어요',15.4,'2024-05-18 03:26:47','2024-05-18 03:26:47',NULL),(1144,4,1,'버섯 넣어요',42.8,'2024-05-18 03:26:53','2024-05-18 03:26:53',NULL),(1145,4,1,'버섯 넣어요',28,'2024-05-18 03:26:56','2024-05-18 03:26:56',NULL),(1146,4,1,'버섯 넣어요',1.4,'2024-05-18 03:26:59','2024-05-18 03:26:59',NULL),(1147,4,1,'햄 넣어요',51.25,'2024-05-18 03:27:06','2024-05-18 03:27:06',NULL),(1148,4,1,'햄 넣어요',15.75,'2024-05-18 03:27:11','2024-05-18 03:27:11',NULL),(1149,4,1,'햄 넣어요',50.75,'2024-05-18 03:27:15','2024-05-18 03:27:15',NULL),(1150,4,1,'버섯 넣어요',17.8,'2024-05-18 03:33:24','2024-05-18 03:33:24',NULL),(1151,4,1,'버섯 넣어요',15.2,'2024-05-18 03:33:27','2024-05-18 03:33:27',NULL),(1152,4,1,'버섯 넣어요',19.4,'2024-05-18 03:33:31','2024-05-18 03:33:31',NULL),(1153,4,1,'토마토 넣어요',12,'2024-05-18 03:33:37','2024-05-18 03:33:37',NULL),(1154,4,1,'고기 넣어요',0,'2024-05-18 03:36:16','2024-05-18 03:36:16',NULL),(1155,4,1,'고기 넣어요',0,'2024-05-18 03:36:20','2024-05-18 03:36:20',NULL),(1156,4,1,'고기 넣어요',0,'2024-05-18 03:36:20','2024-05-18 03:36:20',NULL),(1157,4,1,'고기 넣어요',0,'2024-05-18 03:36:20','2024-05-18 03:36:20',NULL),(1158,4,1,'고기 넣어요',0,'2024-05-18 03:36:20','2024-05-18 03:36:20',NULL),(1159,4,1,'고기 넣어요',0,'2024-05-18 03:36:20','2024-05-18 03:36:20',NULL),(1160,4,1,'고기 넣어요',0,'2024-05-18 03:36:22','2024-05-18 03:36:22',NULL),(1161,4,1,'고기 넣어요',0,'2024-05-18 03:36:22','2024-05-18 03:36:22',NULL),(1162,4,1,'햄 넣어요',0,'2024-05-18 03:38:33','2024-05-18 03:38:33',NULL),(1163,4,1,'햄 넣어요',0,'2024-05-18 03:38:38','2024-05-18 03:38:38',NULL),(1164,4,1,'햄 넣어요',0.25,'2024-05-18 03:38:41','2024-05-18 03:38:41',NULL),(1165,4,1,'피망 넣어요',0,'2024-05-18 03:39:35','2024-05-18 03:39:35',NULL),(1166,4,1,'피망 넣어요',0.4,'2024-05-18 03:39:39','2024-05-18 03:39:39',NULL),(1167,4,1,'피망 넣어요',0,'2024-05-18 03:39:42','2024-05-18 03:39:42',NULL),(1168,4,1,'햄 넣어요',2.75,'2024-05-18 03:40:19','2024-05-18 03:40:19',NULL),(1169,4,1,'햄 넣어요',0,'2024-05-18 03:40:21','2024-05-18 03:40:21',NULL),(1170,4,1,'햄 넣어요',0,'2024-05-18 03:40:25','2024-05-18 03:40:25',NULL),(1171,4,1,'햄 넣어요',0,'2024-05-18 03:42:20','2024-05-18 03:42:20',NULL),(1172,4,1,'햄 넣어요',3,'2024-05-18 03:42:23','2024-05-18 03:42:23',NULL),(1173,4,1,'햄 넣어요',0,'2024-05-18 03:42:25','2024-05-18 03:42:25',NULL),(1174,4,1,'고기 넣어요',0,'2024-05-18 03:42:30','2024-05-18 03:42:30',NULL),(1175,4,1,'햄 넣어요',0,'2024-05-18 03:42:56','2024-05-18 03:42:56',NULL),(1176,4,1,'햄 넣어요',3,'2024-05-18 03:43:05','2024-05-18 03:43:05',NULL),(1177,4,1,'햄 넣어요',2,'2024-05-18 03:43:08','2024-05-18 03:43:08',NULL),(1178,4,1,'햄 넣어요',7.25,'2024-05-18 03:43:33','2024-05-18 03:43:33',NULL),(1179,4,1,'햄 넣어요',0.25,'2024-05-18 03:43:36','2024-05-18 03:43:36',NULL),(1180,4,1,'햄 넣어요',1.5,'2024-05-18 03:43:39','2024-05-18 03:43:39',NULL),(1181,4,1,'피망 넣어요',0,'2024-05-18 03:43:55','2024-05-18 03:43:55',NULL),(1182,4,1,'피망 넣어요',0,'2024-05-18 03:43:58','2024-05-18 03:43:58',NULL),(1183,4,1,'피망 넣어요',0,'2024-05-18 03:44:01','2024-05-18 03:44:01',NULL),(1184,4,1,'피망 넣어요',1.2,'2024-05-18 03:44:10','2024-05-18 03:44:10',NULL),(1185,4,1,'피망 넣어요',0,'2024-05-18 03:44:13','2024-05-18 03:44:13',NULL),(1186,4,1,'피망 넣어요',0,'2024-05-18 03:44:15','2024-05-18 03:44:15',NULL),(1187,4,1,'피망 넣어요',2.2,'2024-05-18 03:44:47','2024-05-18 03:44:47',NULL),(1188,4,1,'피망 넣어요',0.8,'2024-05-18 03:44:50','2024-05-18 03:44:50',NULL),(1189,4,1,'피망 넣어요',0,'2024-05-18 03:44:53','2024-05-18 03:44:53',NULL),(1190,4,1,'햄 넣어요',6.25,'2024-05-18 03:45:35','2024-05-18 03:45:35',NULL),(1191,4,1,'햄 넣어요',1,'2024-05-18 03:45:39','2024-05-18 03:45:39',NULL),(1192,4,1,'햄 넣어요',4,'2024-05-18 03:45:42','2024-05-18 03:45:42',NULL),(1193,4,1,'고기 넣어요',0,'2024-05-18 03:45:55','2024-05-18 03:45:55',NULL),(1194,4,1,'고기 넣어요',0,'2024-05-18 03:45:57','2024-05-18 03:45:57',NULL),(1195,4,1,'고기 넣어요',0,'2024-05-18 03:45:57','2024-05-18 03:45:57',NULL),(1196,4,1,'고기 넣어요',0,'2024-05-18 03:45:57','2024-05-18 03:45:57',NULL),(1197,4,1,'고기 넣어요',0,'2024-05-18 03:45:57','2024-05-18 03:45:57',NULL),(1198,4,1,'고기 넣어요',0,'2024-05-18 03:45:57','2024-05-18 03:45:57',NULL),(1199,4,1,'고기 넣어요',0,'2024-05-18 03:45:59','2024-05-18 03:45:59',NULL),(1200,4,1,'고기 넣어요',0,'2024-05-18 03:45:59','2024-05-18 03:45:59',NULL),(1201,4,1,'고기 넣어요',0,'2024-05-18 03:45:59','2024-05-18 03:45:59',NULL),(1202,4,1,'고기 넣어요',0,'2024-05-18 03:45:59','2024-05-18 03:45:59',NULL),(1203,4,1,'고기 넣어요',0,'2024-05-18 03:45:59','2024-05-18 03:45:59',NULL),(1204,4,1,'고기 넣어요',0,'2024-05-18 03:46:00','2024-05-18 03:46:00',NULL),(1205,4,1,'햄 넣어요',7.25,'2024-05-18 03:48:55','2024-05-18 03:48:55',NULL),(1206,4,1,'햄 넣어요',0,'2024-05-18 03:48:58','2024-05-18 03:48:58',NULL),(1207,4,1,'햄 넣어요',0.25,'2024-05-18 03:49:00','2024-05-18 03:49:00',NULL),(1208,4,1,'햄 넣어요',1.75,'2024-05-18 03:49:13','2024-05-18 03:49:13',NULL),(1209,4,1,'고기 넣어요',0,'2024-05-18 03:49:17','2024-05-18 03:49:17',NULL),(1210,4,1,'고기 넣어요',0,'2024-05-18 03:49:19','2024-05-18 03:49:19',NULL),(1211,4,1,'고기 넣어요',0,'2024-05-18 03:49:19','2024-05-18 03:49:19',NULL),(1212,4,1,'고기 넣어요',0,'2024-05-18 03:49:20','2024-05-18 03:49:20',NULL),(1213,4,2,'잠옷 정리해요',0,'2024-05-18 03:53:30','2024-05-18 03:53:30',NULL),(1214,4,2,'잠옷 정리해요',0,'2024-05-18 03:53:30','2024-05-18 03:53:30',NULL),(1215,4,2,'잠옷 정리해요',0,'2024-05-18 03:53:30','2024-05-18 03:53:30',NULL),(1216,4,2,'잠옷 정리해요',0,'2024-05-18 03:53:30','2024-05-18 03:53:30',NULL),(1217,4,1,'햄 넣어요',0,'2024-05-18 04:02:07','2024-05-18 04:02:07',NULL),(1218,4,1,'햄 넣어요',0,'2024-05-18 04:02:07','2024-05-18 04:02:07',NULL),(1219,4,1,'햄 넣어요',0,'2024-05-18 04:02:07','2024-05-18 04:02:07',NULL),(1220,4,1,'햄 넣어요',0,'2024-05-18 04:02:07','2024-05-18 04:02:07',NULL),(1221,4,1,'햄 넣어요',0,'2024-05-18 04:02:07','2024-05-18 04:02:07',NULL),(1222,4,1,'햄 넣어요',0,'2024-05-18 04:02:07','2024-05-18 04:02:07',NULL),(1223,4,1,'토마토 넣어요',1.66667,'2024-05-18 04:02:37','2024-05-18 04:02:37',NULL),(1224,4,1,'토마토 넣어요',0.333333,'2024-05-18 04:02:50','2024-05-18 04:02:50',NULL),(1225,4,1,'토마토 넣어요',0.333333,'2024-05-18 04:02:50','2024-05-18 04:02:50',NULL),(1226,4,1,'토마토 넣어요',0.333333,'2024-05-18 04:02:50','2024-05-18 04:02:50',NULL),(1227,4,1,'토마토 넣어요',0.333333,'2024-05-18 04:02:50','2024-05-18 04:02:50',NULL),(1228,4,1,'토마토 넣어요',0.166667,'2024-05-18 04:04:37','2024-05-18 04:04:37',NULL),(1229,4,1,'토마토 넣어요',14.6667,'2024-05-18 04:04:58','2024-05-18 04:04:58',NULL),(1230,4,1,'토마토 넣어요',2.83333,'2024-05-18 04:05:08','2024-05-18 04:05:08',NULL),(1231,4,1,'버섯 넣어요',0.2,'2024-05-18 04:05:13','2024-05-18 04:05:13',NULL),(1232,4,1,'버섯 넣어요',0.2,'2024-05-18 04:05:17','2024-05-18 04:05:17',NULL),(1233,4,1,'버섯 넣어요',0,'2024-05-18 04:05:20','2024-05-18 04:05:20',NULL),(1234,4,1,'햄 넣어요',0,'2024-05-18 04:05:59','2024-05-18 04:05:59',NULL),(1235,4,1,'햄 넣어요',0.25,'2024-05-18 04:06:02','2024-05-18 04:06:02',NULL),(1236,4,1,'햄 넣어요',0.25,'2024-05-18 04:06:07','2024-05-18 04:06:07',NULL),(1237,4,1,'버섯 넣어요',0,'2024-05-18 04:06:21','2024-05-18 04:06:21',NULL),(1238,4,1,'버섯 넣어요',0,'2024-05-18 04:06:24','2024-05-18 04:06:24',NULL),(1239,4,1,'버섯 넣어요',0,'2024-05-18 04:06:26','2024-05-18 04:06:26',NULL),(1240,4,2,'이불 정리해요',99.1667,'2024-05-18 04:55:06','2024-05-18 04:55:06',NULL),(1241,4,2,'모자 정리해요',100,'2024-05-18 04:55:15','2024-05-18 04:55:15',NULL),(1242,4,2,'잠옷 정리해요',95.8333,'2024-05-18 04:55:24','2024-05-18 04:55:24',NULL),(1243,4,2,'안경 정리해요',100,'2024-05-18 04:55:32','2024-05-18 04:55:32',NULL),(1244,4,1,'햄 넣어요',97.75,'2024-05-18 04:56:50','2024-05-18 04:56:50',NULL),(1245,4,1,'피망 넣어요',97,'2024-05-18 04:56:58','2024-05-18 04:56:58',NULL),(1246,4,1,'고기 넣어요',99.2,'2024-05-18 04:57:05','2024-05-18 04:57:05',NULL),(1247,4,1,'버섯 넣어요',90.2,'2024-05-18 04:57:12','2024-05-18 04:57:12',NULL),(1248,4,1,'버섯 넣어요',86.2,'2024-05-18 04:57:25','2024-05-18 04:57:25',NULL),(1249,4,1,'버섯 넣어요',82.4,'2024-05-18 04:57:34','2024-05-18 04:57:34',NULL),(1250,4,1,'토마토 넣어요',99,'2024-05-18 04:57:42','2024-05-18 04:57:42',NULL),(1251,4,1,'올리브 넣어요',83,'2024-05-18 04:57:51','2024-05-18 04:57:51',NULL),(1252,4,1,'올리브 넣어요',77,'2024-05-18 04:58:13','2024-05-18 04:58:13',NULL),(1253,4,1,'올리브 넣어요',85,'2024-05-18 04:58:39','2024-05-18 04:58:39',NULL),(1254,4,1,'올리브 넣어요',79.1667,'2024-05-18 04:58:56','2024-05-18 04:58:56',NULL),(1255,4,1,'피망 넣어요',98,'2024-05-18 04:59:12','2024-05-18 04:59:12',NULL),(1256,4,1,'올리브 넣어요',79.5,'2024-05-18 04:59:22','2024-05-18 04:59:22',NULL),(1257,4,2,'이불 정리해요',69,'2024-05-18 05:06:15','2024-05-18 05:06:15',NULL),(1258,4,2,'이불 정리해요',93,'2024-05-18 05:06:23','2024-05-18 05:06:23',NULL),(1259,4,1,'올리브 넣어요',86,'2024-05-18 05:06:40','2024-05-18 05:06:40',NULL),(1260,4,1,'올리브 넣어요',85.1667,'2024-05-18 05:06:47','2024-05-18 05:06:47',NULL),(1261,4,1,'올리브 넣어요',83.6667,'2024-05-18 05:06:56','2024-05-18 05:06:56',NULL),(1262,4,1,'올리브 넣어요',90.1667,'2024-05-18 05:07:05','2024-05-18 05:07:05',NULL),(1263,4,1,'올리브 넣어요',89.8333,'2024-05-18 05:07:12','2024-05-18 05:07:12',NULL),(1264,4,1,'올리브 넣어요',75.5,'2024-05-18 05:07:19','2024-05-18 05:07:19',NULL),(1265,4,1,'버섯 넣어요',78,'2024-05-18 05:07:29','2024-05-18 05:07:29',NULL),(1266,4,1,'버섯 넣어요',81.8,'2024-05-18 05:07:36','2024-05-18 05:07:36',NULL),(1267,4,1,'버섯 넣어요',94.6,'2024-05-18 05:07:42','2024-05-18 05:07:42',NULL),(1268,4,1,'올리브 넣어요',82.1667,'2024-05-18 05:07:51','2024-05-18 05:07:51',NULL),(1269,4,1,'올리브 넣어요',74.6667,'2024-05-18 05:07:58','2024-05-18 05:07:58',NULL),(1270,4,1,'올리브 넣어요',91.6667,'2024-05-18 05:08:04','2024-05-18 05:08:04',NULL),(1271,4,1,'토마토 넣어요',0,'2024-05-18 07:00:06','2024-05-18 07:00:06',NULL),(1272,4,1,'토마토 넣어요',0,'2024-05-18 07:00:10','2024-05-18 07:00:10',NULL),(1273,4,1,'토마토 넣어요',0,'2024-05-18 07:00:14','2024-05-18 07:00:14',NULL),(1274,4,1,'햄 넣어요',7.25,'2024-05-18 07:00:22','2024-05-18 07:00:22',NULL),(1275,4,1,'햄 넣어요',1,'2024-05-18 07:00:26','2024-05-18 07:00:26',NULL),(1276,4,1,'햄 넣어요',0.5,'2024-05-18 07:00:31','2024-05-18 07:00:31',NULL),(1277,4,1,'올리브 넣어요',0,'2024-05-18 07:00:36','2024-05-18 07:00:36',NULL),(1278,4,1,'올리브 넣어요',1.83333,'2024-05-18 07:00:39','2024-05-18 07:00:39',NULL),(1279,4,1,'올리브 넣어요',0,'2024-05-18 07:00:43','2024-05-18 07:00:43',NULL),(1280,4,1,'햄 넣어요',6.75,'2024-05-18 07:02:09','2024-05-18 07:02:09',NULL),(1281,4,1,'햄 넣어요',0,'2024-05-18 07:02:15','2024-05-18 07:02:15',NULL),(1282,4,1,'고기 넣어요',0,'2024-05-18 07:02:23','2024-05-18 07:02:23',NULL),(1283,4,1,'햄 넣어요',0.25,'2024-05-18 07:02:30','2024-05-18 07:02:30',NULL),(1284,4,1,'햄 넣어요',0,'2024-05-18 07:02:33','2024-05-18 07:02:33',NULL),(1285,4,1,'햄 넣어요',0,'2024-05-18 07:02:36','2024-05-18 07:02:36',NULL),(1286,4,1,'버섯 넣어요',0,'2024-05-18 07:02:42','2024-05-18 07:02:42',NULL),(1287,4,1,'버섯 넣어요',0,'2024-05-18 07:02:42','2024-05-18 07:02:42',NULL),(1288,4,1,'버섯 넣어요',0,'2024-05-18 07:02:43','2024-05-18 07:02:43',NULL),(1289,4,1,'고기 넣어요',0,'2024-05-18 07:02:53','2024-05-18 07:02:53',NULL),(1290,4,1,'고기 넣어요',0,'2024-05-18 07:02:53','2024-05-18 07:02:53',NULL),(1291,4,1,'고기 넣어요',0,'2024-05-18 07:02:53','2024-05-18 07:02:53',NULL),(1292,4,1,'고기 넣어요',0,'2024-05-18 07:02:53','2024-05-18 07:02:53',NULL),(1293,4,1,'토마토 넣어요',0,'2024-05-18 07:02:57','2024-05-18 07:02:57',NULL),(1294,4,1,'토마토 넣어요',0,'2024-05-18 07:02:58','2024-05-18 07:02:58',NULL),(1295,4,1,'토마토 넣어요',0,'2024-05-18 07:02:58','2024-05-18 07:02:58',NULL),(1296,4,1,'토마토 넣어요',0,'2024-05-18 07:02:58','2024-05-18 07:02:58',NULL),(1297,4,1,'토마토 넣어요',0,'2024-05-18 07:02:58','2024-05-18 07:02:58',NULL),(1298,4,1,'햄 넣어요',0,'2024-05-18 07:03:27','2024-05-18 07:03:27',NULL),(1299,4,1,'햄 넣어요',0,'2024-05-18 07:03:27','2024-05-18 07:03:27',NULL),(1300,4,1,'햄 넣어요',0,'2024-05-18 07:03:27','2024-05-18 07:03:27',NULL),(1301,4,1,'햄 넣어요',0,'2024-05-18 07:03:27','2024-05-18 07:03:27',NULL),(1302,4,1,'햄 넣어요',0,'2024-05-18 07:03:27','2024-05-18 07:03:27',NULL),(1303,4,1,'고기 넣어요',0,'2024-05-18 07:09:20','2024-05-18 07:09:20',NULL),(1304,4,1,'고기 넣어요',0,'2024-05-18 07:09:20','2024-05-18 07:09:20',NULL),(1305,4,1,'고기 넣어요',0,'2024-05-18 07:09:20','2024-05-18 07:09:20',NULL),(1306,4,1,'고기 넣어요',0,'2024-05-18 07:09:20','2024-05-18 07:09:20',NULL),(1307,4,1,'고기 넣어요',0,'2024-05-18 07:09:20','2024-05-18 07:09:20',NULL),(1308,4,1,'고기 넣어요',0,'2024-05-18 07:09:21','2024-05-18 07:09:21',NULL),(1309,4,1,'고기 넣어요',0,'2024-05-18 07:09:22','2024-05-18 07:09:22',NULL),(1310,4,1,'고기 넣어요',0,'2024-05-18 07:09:22','2024-05-18 07:09:22',NULL),(1311,4,1,'고기 넣어요',0,'2024-05-18 07:09:22','2024-05-18 07:09:22',NULL),(1312,4,1,'고기 넣어요',0,'2024-05-18 07:09:22','2024-05-18 07:09:22',NULL),(1313,4,1,'햄 넣어요',0,'2024-05-18 07:09:26','2024-05-18 07:09:26',NULL),(1314,4,1,'햄 넣어요',0,'2024-05-18 07:09:26','2024-05-18 07:09:26',NULL),(1315,4,1,'햄 넣어요',0,'2024-05-18 07:09:26','2024-05-18 07:09:26',NULL),(1316,4,1,'햄 넣어요',0,'2024-05-18 07:09:26','2024-05-18 07:09:26',NULL),(1317,4,1,'햄 넣어요',0,'2024-05-18 07:09:27','2024-05-18 07:09:27',NULL),(1318,4,1,'햄 넣어요',3.25,'2024-05-18 07:09:28','2024-05-18 07:09:28',NULL),(1319,4,1,'햄 넣어요',3.25,'2024-05-18 07:09:28','2024-05-18 07:09:28',NULL),(1320,4,1,'햄 넣어요',3.25,'2024-05-18 07:09:28','2024-05-18 07:09:28',NULL),(1321,4,1,'햄 넣어요',3.25,'2024-05-18 07:09:29','2024-05-18 07:09:29',NULL),(1322,4,1,'토마토 넣어요',0.5,'2024-05-18 07:13:36','2024-05-18 07:13:36',NULL),(1323,4,1,'토마토 넣어요',0,'2024-05-18 07:13:38','2024-05-18 07:13:38',NULL),(1324,4,1,'토마토 넣어요',0,'2024-05-18 07:13:40','2024-05-18 07:13:40',NULL),(1325,4,1,'고기 넣어요',0,'2024-05-18 07:13:45','2024-05-18 07:13:45',NULL),(1326,4,1,'고기 넣어요',0,'2024-05-18 07:13:46','2024-05-18 07:13:46',NULL),(1327,4,1,'고기 넣어요',0,'2024-05-18 07:13:46','2024-05-18 07:13:46',NULL),(1328,4,1,'고기 넣어요',0,'2024-05-18 07:13:46','2024-05-18 07:13:46',NULL),(1329,4,1,'고기 넣어요',0,'2024-05-18 07:13:46','2024-05-18 07:13:46',NULL),(1330,4,1,'고기 넣어요',0,'2024-05-18 07:13:47','2024-05-18 07:13:47',NULL),(1331,4,1,'고기 넣어요',0,'2024-05-18 07:13:47','2024-05-18 07:13:47',NULL),(1332,4,1,'고기 넣어요',0,'2024-05-18 07:13:47','2024-05-18 07:13:47',NULL),(1333,4,1,'고기 넣어요',0,'2024-05-18 07:13:47','2024-05-18 07:13:47',NULL),(1334,4,1,'고기 넣어요',0,'2024-05-18 07:13:47','2024-05-18 07:13:47',NULL),(1335,4,1,'버섯 넣어요',0,'2024-05-18 07:13:51','2024-05-18 07:13:51',NULL),(1336,4,1,'버섯 넣어요',0,'2024-05-18 07:13:51','2024-05-18 07:13:51',NULL),(1337,4,1,'버섯 넣어요',0,'2024-05-18 07:13:51','2024-05-18 07:13:51',NULL),(1338,4,1,'버섯 넣어요',0,'2024-05-18 07:13:51','2024-05-18 07:13:51',NULL),(1339,4,1,'햄 넣어요',85,'2024-05-18 07:37:26','2024-05-18 07:37:26',NULL),(1340,4,1,'햄 넣어요',92,'2024-05-18 07:37:32','2024-05-18 07:37:32',NULL),(1341,4,1,'버섯 넣어요',92,'2024-05-18 07:37:40','2024-05-18 07:37:40',NULL),(1342,4,1,'피망 넣어요',79.8,'2024-05-18 07:37:49','2024-05-18 07:37:49',NULL),(1343,4,1,'피망 넣어요',76.6,'2024-05-18 07:37:56','2024-05-18 07:37:56',NULL),(1344,4,2,'안경 정리해요',0,'2024-05-18 07:39:27','2024-05-18 07:39:27',NULL),(1345,4,2,'안경 정리해요',99.1667,'2024-05-18 07:39:34','2024-05-18 07:39:34',NULL),(1346,4,2,'이불 정리해요',97,'2024-05-18 07:39:40','2024-05-18 07:39:40',NULL),(1347,4,2,'모자 정리해요',96.5,'2024-05-18 07:39:46','2024-05-18 07:39:46',NULL),(1348,4,2,'잠옷 정리해요',94.8333,'2024-05-18 07:39:53','2024-05-18 07:39:53',NULL),(1349,4,2,'안경 정리해요',89.8333,'2024-05-18 07:43:15','2024-05-18 07:43:15',NULL),(1350,4,1,'햄 넣어요',70.5,'2024-05-18 18:34:20','2024-05-18 18:34:20',NULL),(1351,4,1,'햄 넣어요',95.25,'2024-05-18 18:34:28','2024-05-18 18:34:28',NULL),(1352,4,1,'버섯 넣어요',43,'2024-05-18 18:34:43','2024-05-18 18:34:43',NULL),(1353,4,1,'버섯 넣어요',35,'2024-05-18 18:34:54','2024-05-18 18:34:54',NULL),(1354,4,1,'버섯 넣어요',41.8,'2024-05-18 18:35:12','2024-05-18 18:35:12',NULL),(1355,4,1,'버섯 넣어요',49.2,'2024-05-18 18:35:24','2024-05-18 18:35:24',NULL),(1356,4,1,'버섯 넣어요',39.6,'2024-05-18 18:35:37','2024-05-18 18:35:37',NULL),(1357,4,1,'버섯 넣어요',47.8,'2024-05-18 18:35:47','2024-05-18 18:35:47',NULL),(1358,4,1,'버섯 넣어요',36.2,'2024-05-18 18:35:55','2024-05-18 18:35:55',NULL),(1359,4,1,'토마토 넣어요',25.3333,'2024-05-18 18:36:07','2024-05-18 18:36:07',NULL),(1360,4,1,'토마토 넣어요',34.5,'2024-05-18 18:36:15','2024-05-18 18:36:15',NULL),(1361,4,1,'토마토 넣어요',45.5,'2024-05-18 18:36:22','2024-05-18 18:36:22',NULL),(1362,4,1,'토마토 넣어요',30.3333,'2024-05-18 18:36:29','2024-05-18 18:36:29',NULL),(1363,4,1,'햄 넣어요',91.25,'2024-05-18 20:18:07','2024-05-18 20:18:07',NULL),(1364,4,1,'고기 넣어요',93.8,'2024-05-18 20:18:14','2024-05-18 20:18:14',NULL),(1365,4,1,'피망 넣어요',82.6,'2024-05-18 20:18:22','2024-05-18 20:18:22',NULL),(1366,4,1,'피망 넣어요',83.2,'2024-05-18 20:18:27','2024-05-18 20:18:27',NULL),(1367,4,1,'햄 넣어줘',85,'2024-05-18 20:48:22','2024-05-18 20:48:22',NULL),(1368,4,1,'피망 넣어줘',83.4,'2024-05-18 20:48:29','2024-05-18 20:48:29',NULL),(1369,4,1,'토마토 넣어줘',69.5,'2024-05-18 20:48:40','2024-05-18 20:48:40',NULL),(1370,4,1,'토마토 넣어줘',64.6667,'2024-05-18 20:48:46','2024-05-18 20:48:46',NULL),(1371,4,1,'토마토 넣어줘',81.6667,'2024-05-18 20:48:53','2024-05-18 20:48:53',NULL),(1372,4,1,'토마토 넣어줘',49.5,'2024-05-18 20:49:08','2024-05-18 20:49:08',NULL),(1373,4,1,'토마토 넣어줘',88.3333,'2024-05-18 20:49:17','2024-05-18 20:49:17',NULL),(1374,4,1,'토마토 넣어줘',88.3333,'2024-05-18 20:49:17','2024-05-18 20:49:17',NULL),(1375,4,1,'올리브 넣어요',74.5,'2024-05-18 20:50:19','2024-05-18 20:50:19',NULL),(1376,4,1,'버섯 넣어줘',79.6,'2024-05-18 20:52:34','2024-05-18 20:52:34',NULL),(1377,4,1,'고기 넣어줘',91.2,'2024-05-18 20:52:42','2024-05-18 20:52:42',NULL),(1378,4,1,'올리브 넣어줘',97.6667,'2024-05-18 20:52:49','2024-05-18 20:52:49',NULL),(1379,4,1,'피망 넣어줘',98.4,'2024-05-18 20:52:55','2024-05-18 20:52:55',NULL),(1380,4,1,'올리브 넣어줘',40.6667,'2024-05-18 20:53:14','2024-05-18 20:53:14',NULL),(1381,4,1,'피망 넣어줘',36.2,'2024-05-18 20:53:20','2024-05-18 20:53:20',NULL),(1382,4,1,'피망 넣어줘',43.6,'2024-05-18 20:53:26','2024-05-18 20:53:26',NULL),(1383,4,1,'고기 넣어줘',21.6,'2024-05-18 20:53:33','2024-05-18 20:53:33',NULL),(1384,4,1,'고기 넣어줘',34.8,'2024-05-18 20:53:38','2024-05-18 20:53:38',NULL),(1385,4,1,'햄 넣어줘',22,'2024-05-18 20:53:46','2024-05-18 20:53:46',NULL),(1386,4,1,'피망 올려줘',89.4,'2024-05-18 20:54:59','2024-05-18 20:54:59',NULL),(1387,4,1,'올리브 올려줘',95.6667,'2024-05-18 20:55:07','2024-05-18 20:55:07',NULL),(1388,4,1,'토마토 올려줘',91.5,'2024-05-18 20:55:14','2024-05-18 20:55:14',NULL),(1389,4,1,'고기 올려줘',35,'2024-05-18 20:55:26','2024-05-18 20:55:26',NULL),(1390,4,1,'햄 올려줘',88.75,'2024-05-18 20:55:32','2024-05-18 20:55:32',NULL),(1391,4,1,'버섯 올려줘',91.2,'2024-05-18 21:08:45','2024-05-18 21:08:45',NULL),(1392,4,1,'햄 올려줘',96.25,'2024-05-18 21:08:56','2024-05-18 21:08:56',NULL),(1393,4,1,'피망 올려줘',52.2,'2024-05-18 21:09:05','2024-05-18 21:09:05',NULL),(1394,4,1,'피망 올려줘',34,'2024-05-18 21:09:13','2024-05-18 21:09:13',NULL),(1395,4,1,'피망 올려줘',100,'2024-05-18 21:09:19','2024-05-18 21:09:19',NULL),(1396,4,1,'햄 올려줘',99.25,'2024-05-18 21:09:38','2024-05-18 21:09:38',NULL),(1397,4,1,'고기 올려줘',99.6,'2024-05-18 21:09:45','2024-05-18 21:09:45',NULL),(1398,4,1,'피망 올려줘',53,'2024-05-18 21:09:53','2024-05-18 21:09:53',NULL),(1399,4,1,'피망 올려줘',20.6,'2024-05-18 21:09:59','2024-05-18 21:09:59',NULL),(1400,4,1,'피망 올려줘',94,'2024-05-18 21:10:05','2024-05-18 21:10:05',NULL),(1401,4,1,'버섯 올려줘',2.4,'2024-05-18 21:10:31','2024-05-18 21:10:31',NULL),(1402,4,1,'버섯 올려줘',38.2,'2024-05-18 21:10:36','2024-05-18 21:10:36',NULL),(1403,4,1,'버섯 올려줘',18.4,'2024-05-18 21:10:42','2024-05-18 21:10:42',NULL),(1404,4,1,'피망 올려줘',37.6,'2024-05-18 21:10:49','2024-05-18 21:10:49',NULL),(1405,4,1,'피망 올려줘',31.4,'2024-05-18 21:10:57','2024-05-18 21:10:57',NULL),(1406,4,1,'피망 올려줘',98.2,'2024-05-18 21:11:03','2024-05-18 21:11:03',NULL),(1407,4,1,'햄 올려줘',26.5,'2024-05-18 21:13:36','2024-05-18 21:13:36',NULL),(1408,4,2,'모자 정리할래',89.6667,'2024-05-18 21:14:22','2024-05-18 21:14:22',NULL),(1409,4,2,'이불 정리할래',98.6667,'2024-05-18 21:14:29','2024-05-18 21:14:29',NULL),(1410,4,2,'잠옷 정리할래',31.6667,'2024-05-18 21:14:35','2024-05-18 21:14:35',NULL),(1411,4,2,'잠옷 정리할래',96.6667,'2024-05-18 21:14:40','2024-05-18 21:14:40',NULL),(1412,4,2,'안경 정리할래',33.1667,'2024-05-18 21:14:46','2024-05-18 21:14:46',NULL),(1413,4,2,'안경 정리할래',99.6667,'2024-05-18 21:14:51','2024-05-18 21:14:51',NULL),(1414,4,2,'안경 정리할래',90.1667,'2024-05-18 21:15:55','2024-05-18 21:15:55',NULL),(1415,4,2,'잠옷 정리할래',97,'2024-05-18 21:16:03','2024-05-18 21:16:03',NULL),(1416,4,2,'모자 정리할래',73,'2024-05-18 21:16:11','2024-05-18 21:16:11',NULL),(1417,4,2,'모자 정리할래',89.3333,'2024-05-18 21:16:16','2024-05-18 21:16:16',NULL),(1418,4,2,'모자 정리할래',95.6667,'2024-05-18 21:16:22','2024-05-18 21:16:22',NULL),(1419,4,2,'이불 정리할래',97.1667,'2024-05-18 21:16:29','2024-05-18 21:16:29',NULL),(1420,4,1,'햄 올려줘',90.75,'2024-05-18 21:16:51','2024-05-18 21:16:51',NULL),(1421,4,1,'고기 올려줘',89.2,'2024-05-18 21:16:58','2024-05-18 21:16:58',NULL),(1422,4,1,'피망 올려줘',90.4,'2024-05-18 21:17:06','2024-05-18 21:17:06',NULL),(1423,4,1,'버섯 올려줘',91.8,'2024-05-18 22:32:51','2024-05-18 22:32:51',NULL),(1424,4,1,'올리브 올려줘',92,'2024-05-18 22:33:04','2024-05-18 22:33:04',NULL),(1425,4,2,'안경 정리할래',30,'2024-05-18 22:33:18','2024-05-18 22:33:18',NULL),(1426,4,2,'안경 정리할래',0,'2024-05-18 22:37:05','2024-05-18 22:37:05',NULL),(1427,4,1,'햄 올려줘',95.5,'2024-05-19 00:04:18','2024-05-19 00:04:18',NULL),(1428,4,1,'피망 올려줘',69.4,'2024-05-19 00:04:26','2024-05-19 00:04:26',NULL),(1429,4,1,'피망 올려줘',97.6,'2024-05-19 00:04:32','2024-05-19 00:04:32',NULL),(1430,4,1,'버섯 올려줘',86.8,'2024-05-19 00:04:42','2024-05-19 00:04:42',NULL),(1431,4,1,'햄 올려줘',99,'2024-05-19 02:02:46','2024-05-19 02:02:46',NULL),(1432,4,1,'피망 올려줘',51.8,'2024-05-19 02:02:54','2024-05-19 02:02:54',NULL),(1433,4,1,'피망 올려줘',19.4,'2024-05-19 02:03:01','2024-05-19 02:03:01',NULL),(1434,4,1,'피망 올려줘',44.6,'2024-05-19 02:03:41','2024-05-19 02:03:41',NULL),(1435,4,1,'피망 올려줘',93.8,'2024-05-19 02:03:49','2024-05-19 02:03:49',NULL),(1436,4,1,'버섯 올려줘',100,'2024-05-19 02:03:58','2024-05-19 02:03:58',NULL),(1437,4,2,'안경 정리할래',96,'2024-05-19 02:04:41','2024-05-19 02:04:41',NULL),(1438,4,1,'햄 올려줘',99.75,'2024-05-19 02:14:56','2024-05-19 02:14:56',NULL),(1439,4,1,'피망 올려줘',37.2,'2024-05-19 02:15:05','2024-05-19 02:15:05',NULL),(1440,4,1,'피망 올려줘',91.6,'2024-05-19 02:15:12','2024-05-19 02:15:12',NULL),(1441,4,1,'버섯 올려줘',98.2,'2024-05-19 02:15:21','2024-05-19 02:15:21',NULL),(1442,4,2,'잠옷 정리할래',99.8333,'2024-05-19 02:15:43','2024-05-19 02:15:43',NULL),(1443,4,1,'고기 올려줘',0,'2024-05-19 02:23:20','2024-05-19 02:23:20',NULL),(1444,4,1,'고기 올려줘',0,'2024-05-19 02:23:23','2024-05-19 02:23:23',NULL),(1445,4,1,'고기 올려줘',0,'2024-05-19 02:23:28','2024-05-19 02:23:28',NULL),(1446,4,1,'버섯 올려줘',0,'2024-05-19 02:23:35','2024-05-19 02:23:35',NULL),(1447,4,1,'버섯 올려줘',0,'2024-05-19 02:23:40','2024-05-19 02:23:40',NULL),(1448,4,1,'버섯 올려줘',0,'2024-05-19 02:23:43','2024-05-19 02:23:43',NULL),(1449,4,1,'피망 올려줘',0,'2024-05-19 02:24:07','2024-05-19 02:24:07',NULL),(1450,4,1,'피망 올려줘',0,'2024-05-19 02:24:11','2024-05-19 02:24:11',NULL),(1451,4,1,'피망 올려줘',0.2,'2024-05-19 02:24:16','2024-05-19 02:24:16',NULL),(1452,4,1,'토마토 올려줘',0,'2024-05-19 02:24:59','2024-05-19 02:24:59',NULL),(1453,4,1,'토마토 올려줘',0,'2024-05-19 02:25:02','2024-05-19 02:25:02',NULL),(1454,4,1,'토마토 올려줘',0,'2024-05-19 02:25:07','2024-05-19 02:25:07',NULL),(1455,4,1,'피망 올려줘',0,'2024-05-19 02:25:13','2024-05-19 02:25:13',NULL),(1456,4,1,'피망 올려줘',0.2,'2024-05-19 02:25:17','2024-05-19 02:25:17',NULL),(1457,4,1,'피망 올려줘',0,'2024-05-19 02:25:21','2024-05-19 02:25:21',NULL),(1458,4,1,'올리브 올려줘',0,'2024-05-19 02:25:28','2024-05-19 02:25:28',NULL),(1459,4,1,'올리브 올려줘',0,'2024-05-19 02:25:34','2024-05-19 02:25:34',NULL),(1460,4,1,'올리브 올려줘',0.333333,'2024-05-19 02:25:38','2024-05-19 02:25:38',NULL),(1461,4,1,'토마토 올려줘',0.666667,'2024-05-19 02:27:05','2024-05-19 02:27:05',NULL),(1462,4,1,'토마토 올려줘',0,'2024-05-19 02:27:08','2024-05-19 02:27:08',NULL),(1463,4,1,'토마토 올려줘',0,'2024-05-19 02:27:11','2024-05-19 02:27:11',NULL),(1464,4,1,'피망 올려줘',0,'2024-05-19 02:27:16','2024-05-19 02:27:16',NULL),(1465,4,1,'피망 올려줘',0,'2024-05-19 02:27:18','2024-05-19 02:27:18',NULL),(1466,4,1,'피망 올려줘',0,'2024-05-19 02:27:20','2024-05-19 02:27:20',NULL),(1467,4,1,'올리브 올려줘',0.166667,'2024-05-19 02:27:24','2024-05-19 02:27:24',NULL),(1468,4,1,'올리브 올려줘',1,'2024-05-19 02:27:27','2024-05-19 02:27:27',NULL),(1469,4,1,'올리브 올려줘',0.333333,'2024-05-19 02:27:29','2024-05-19 02:27:29',NULL),(1470,4,1,'햄 올려줘',0,'2024-05-19 02:30:02','2024-05-19 02:30:02',NULL),(1471,4,1,'햄 올려줘',0,'2024-05-19 02:30:05','2024-05-19 02:30:05',NULL),(1472,4,1,'햄 올려줘',0,'2024-05-19 02:30:08','2024-05-19 02:30:08',NULL),(1473,4,1,'버섯 올려줘',0,'2024-05-19 02:30:13','2024-05-19 02:30:13',NULL),(1474,4,1,'버섯 올려줘',0,'2024-05-19 02:30:15','2024-05-19 02:30:15',NULL),(1475,4,1,'버섯 올려줘',0,'2024-05-19 02:30:18','2024-05-19 02:30:18',NULL),(1476,4,1,'토마토 올려줘',0,'2024-05-19 02:30:22','2024-05-19 02:30:22',NULL),(1477,4,1,'토마토 올려줘',0,'2024-05-19 02:30:25','2024-05-19 02:30:25',NULL),(1478,4,1,'토마토 올려줘',0,'2024-05-19 02:30:27','2024-05-19 02:30:27',NULL),(1479,4,1,'햄 올려줘',98.75,'2024-05-19 02:57:29','2024-05-19 02:57:29',NULL),(1480,4,1,'피망 올려줘',40,'2024-05-19 02:57:36','2024-05-19 02:57:36',NULL),(1481,4,1,'피망 올려줘',99,'2024-05-19 02:57:43','2024-05-19 02:57:43',NULL),(1482,4,1,'버섯 올려줘',97.8,'2024-05-19 02:57:51','2024-05-19 02:57:51',NULL),(1483,4,2,'잠옷 정리할래',100,'2024-05-19 02:58:13','2024-05-19 02:58:13',NULL),(1484,4,1,'햄 올려줘',96.5,'2024-05-19 04:01:04','2024-05-19 04:01:04',NULL),(1485,4,1,'피망 올려줘',49.4,'2024-05-19 04:01:14','2024-05-19 04:01:14',NULL),(1486,4,1,'피망 올려줘',53,'2024-05-19 04:01:21','2024-05-19 04:01:21',NULL),(1487,4,1,'피망 올려줘',96.6,'2024-05-19 04:01:28','2024-05-19 04:01:28',NULL),(1488,4,1,'고기 올려줘',96,'2024-05-19 04:01:37','2024-05-19 04:01:37',NULL),(1489,4,1,'피망 올려줘',46.8,'2024-05-19 04:01:57','2024-05-19 04:01:57',NULL),(1490,4,1,'햄 올려줘',88.5,'2024-05-19 04:36:36','2024-05-19 04:36:36',NULL),(1491,4,1,'햄 올려줘',2.75,'2024-05-19 04:36:53','2024-05-19 04:36:53',NULL),(1492,4,1,'피망 올려줘',5,'2024-05-19 04:36:58','2024-05-19 04:36:58',NULL),(1493,4,1,'피망 올려줘',47.4,'2024-05-19 04:37:03','2024-05-19 04:37:03',NULL),(1494,4,1,'피망 올려줘',30,'2024-05-19 04:37:09','2024-05-19 04:37:09',NULL),(1495,4,1,'피망 올려줘',51.4,'2024-05-19 04:37:25','2024-05-19 04:37:25',NULL),(1496,4,1,'피망 올려줘',26.4,'2024-05-19 04:37:32','2024-05-19 04:37:32',NULL),(1497,4,1,'피망 올려줘',58.6,'2024-05-19 04:37:48','2024-05-19 04:37:48',NULL),(1498,4,1,'햄 올려줘',89.5,'2024-05-19 04:38:07','2024-05-19 04:38:07',NULL),(1499,4,2,'안경 정리할래',99.5,'2024-05-19 04:39:17','2024-05-19 04:39:17',NULL),(1500,4,1,'햄 올려줘',98.25,'2024-05-19 05:01:02','2024-05-19 05:01:02',NULL),(1501,4,1,'피망 올려줘',45.2,'2024-05-19 05:01:09','2024-05-19 05:01:09',NULL),(1502,4,1,'피망 올려줘',54.6,'2024-05-19 05:01:15','2024-05-19 05:01:15',NULL),(1503,4,1,'피망 올려줘',94.8,'2024-05-19 05:01:22','2024-05-19 05:01:22',NULL),(1504,4,1,'고기 올려줘',85.8,'2024-05-19 05:01:30','2024-05-19 05:01:30',NULL),(1505,4,1,'햄 올려줘',97.25,'2024-05-19 05:24:48','2024-05-19 05:24:48',NULL),(1506,4,1,'피망 올려줘',59.2,'2024-05-19 05:25:04','2024-05-19 05:25:04',NULL),(1507,4,1,'피망 올려줘',100,'2024-05-19 05:25:10','2024-05-19 05:25:10',NULL),(1508,4,1,'고기 올려줘',94.8,'2024-05-19 05:25:18','2024-05-19 05:25:18',NULL),(1509,4,2,'잠옷 정리할래',99.8333,'2024-05-19 05:26:07','2024-05-19 05:26:07',NULL),(1510,4,1,'피망 올려줘',40.2,'2024-05-19 05:28:34','2024-05-19 05:28:34',NULL),(1511,4,1,'피망 올려줘',42,'2024-05-19 05:28:42','2024-05-19 05:28:42',NULL),(1512,4,1,'피망 올려줘',34.4,'2024-05-19 05:28:52','2024-05-19 05:28:52',NULL),(1513,4,1,'피망 올려줘',57.6,'2024-05-19 05:29:36','2024-05-19 05:29:36',NULL),(1514,4,1,'피망 올려줘',50.6,'2024-05-19 05:29:43','2024-05-19 05:29:43',NULL),(1515,4,1,'피망 올려줘',89.4,'2024-05-19 05:30:01','2024-05-19 05:30:01',NULL),(1516,4,1,'피망 올려줘',49.4,'2024-05-19 05:30:27','2024-05-19 05:30:27',NULL),(1517,4,1,'햄 올려줘',97.5,'2024-05-19 06:23:04','2024-05-19 06:23:04',NULL);
/*!40000 ALTER TABLE `chick_record` ENABLE KEYS */;
UNLOCK TABLES;

--
-- Table structure for table `frog_record`
--

DROP TABLE IF EXISTS `frog_record`;
/*!40101 SET @saved_cs_client     = @@character_set_client */;
/*!50503 SET character_set_client = utf8mb4 */;
CREATE TABLE `frog_record` (
  `frog_record_id` bigint NOT NULL AUTO_INCREMENT,
  `member_id` bigint NOT NULL,
  `duration_sec` float DEFAULT NULL,
  `length` float DEFAULT NULL,
  `created_at` timestamp NOT NULL DEFAULT CURRENT_TIMESTAMP,
  `modified_at` timestamp NOT NULL DEFAULT CURRENT_TIMESTAMP ON UPDATE CURRENT_TIMESTAMP,
  `deleted_at` timestamp NULL DEFAULT NULL,
  `play_time` float DEFAULT NULL,
  PRIMARY KEY (`frog_record_id`)
) ENGINE=InnoDB AUTO_INCREMENT=85 DEFAULT CHARSET=utf8mb4 COLLATE=utf8mb4_0900_ai_ci;
/*!40101 SET character_set_client = @saved_cs_client */;

--
-- Dumping data for table `frog_record`
--

LOCK TABLES `frog_record` WRITE;
/*!40000 ALTER TABLE `frog_record` DISABLE KEYS */;
INSERT INTO `frog_record` VALUES (1,4,5.05,0.8,'2024-05-06 04:56:23','2024-05-06 04:56:23',NULL,12.12),(2,4,5.05,NULL,'2024-05-06 05:53:50','2024-05-06 05:53:50',NULL,22.22),(3,4,0.99,0.5,'2024-05-06 06:07:03','2024-05-06 06:07:03',NULL,22.22),(4,4,0.99,1,'2024-05-06 06:08:52','2024-05-06 06:08:52',NULL,22.22),(5,4,0.99,0.2,'2024-05-06 06:09:40','2024-05-06 06:09:40',NULL,30.33),(6,4,3.44,0.2,'2024-05-06 06:11:26','2024-05-06 06:11:26',NULL,30.33),(7,4,5.05,0.8,'2024-05-10 18:09:04','2024-05-10 18:09:04',NULL,22.22),(8,4,0,0,'2024-05-11 23:01:50','2024-05-11 23:01:50',NULL,0),(9,4,0,0,'2024-05-11 23:03:42','2024-05-11 23:03:42',NULL,0),(10,4,0,0,'2024-05-11 23:15:07','2024-05-11 23:15:07',NULL,0),(11,4,0,0,'2024-05-11 23:32:49','2024-05-11 23:32:49',NULL,0),(12,4,0,0,'2024-05-11 23:35:21','2024-05-11 23:35:21',NULL,0),(13,4,0,0,'2024-05-11 23:45:19','2024-05-11 23:45:19',NULL,0),(14,4,0,0,'2024-05-11 23:59:44','2024-05-11 23:59:44',NULL,0),(15,4,0,0,'2024-05-11 23:59:58','2024-05-11 23:59:58',NULL,0),(16,4,0,0,'2024-05-12 00:02:13','2024-05-12 00:02:13',NULL,0),(17,4,0,0,'2024-05-12 01:46:22','2024-05-12 01:46:22',NULL,0),(18,4,0,0,'2024-05-13 17:59:52','2024-05-13 17:59:52',NULL,0),(19,4,0,0,'2024-05-13 18:00:39','2024-05-13 18:00:39',NULL,0),(20,4,0,0,'2024-05-13 18:14:56','2024-05-13 18:14:56',NULL,0),(21,4,0,0,'2024-05-13 18:15:37','2024-05-13 18:15:37',NULL,0),(22,4,0,0,'2024-05-13 18:16:10','2024-05-13 18:16:10',NULL,0),(23,4,0,0,'2024-05-13 18:17:41','2024-05-13 18:17:41',NULL,0),(24,4,0,0,'2024-05-13 18:18:11','2024-05-13 18:18:11',NULL,0),(25,4,0,0,'2024-05-13 21:59:43','2024-05-13 21:59:43',NULL,0),(26,4,0,0,'2024-05-13 22:00:19','2024-05-13 22:00:19',NULL,0),(27,4,0,0,'2024-05-13 22:15:06','2024-05-13 22:15:06',NULL,0),(28,4,0,0,'2024-05-15 19:43:30','2024-05-15 19:43:30',NULL,0),(29,4,0,0,'2024-05-15 19:52:18','2024-05-15 19:52:18',NULL,0),(30,4,0,0,'2024-05-15 21:36:39','2024-05-15 21:36:39',NULL,0),(31,4,0,0,'2024-05-16 22:32:24','2024-05-16 22:32:24',NULL,0),(32,4,0,0,'2024-05-16 23:22:43','2024-05-16 23:22:43',NULL,0),(33,4,0,0,'2024-05-16 23:35:34','2024-05-16 23:35:34',NULL,0),(34,4,0,0,'2024-05-17 02:05:38','2024-05-17 02:05:38',NULL,0),(35,4,0,0,'2024-05-17 18:14:33','2024-05-17 18:14:33',NULL,0),(36,4,0,0,'2024-05-17 20:48:29','2024-05-17 20:48:29',NULL,0),(37,4,0,0,'2024-05-17 20:53:59','2024-05-17 20:53:59',NULL,0),(38,4,0,0,'2024-05-17 20:54:38','2024-05-17 20:54:38',NULL,0),(39,4,0,0,'2024-05-17 20:56:19','2024-05-17 20:56:19',NULL,0),(40,4,0,0,'2024-05-17 20:59:01','2024-05-17 20:59:01',NULL,0),(41,4,0,0,'2024-05-17 21:00:20','2024-05-17 21:00:20',NULL,0),(42,4,0,0,'2024-05-17 21:57:43','2024-05-17 21:57:43',NULL,0),(43,4,0,0,'2024-05-17 22:42:22','2024-05-17 22:42:22',NULL,0),(44,4,0,0,'2024-05-17 22:42:46','2024-05-17 22:42:46',NULL,0),(45,4,0,0,'2024-05-17 22:44:17','2024-05-17 22:44:17',NULL,0),(46,4,0,0,'2024-05-17 22:45:04','2024-05-17 22:45:04',NULL,0),(47,4,0,0,'2024-05-17 23:05:41','2024-05-17 23:05:41',NULL,0),(48,4,0,0,'2024-05-17 23:06:24','2024-05-17 23:06:24',NULL,0),(49,4,0,0,'2024-05-17 23:07:03','2024-05-17 23:07:03',NULL,0),(50,4,0,0,'2024-05-17 23:07:45','2024-05-17 23:07:45',NULL,0),(51,4,0,0,'2024-05-18 01:57:55','2024-05-18 01:57:55',NULL,0),(52,4,0,0,'2024-05-18 01:59:12','2024-05-18 01:59:12',NULL,0),(53,4,0,0,'2024-05-18 02:50:34','2024-05-18 02:50:34',NULL,0),(54,4,0,0,'2024-05-18 02:54:16','2024-05-18 02:54:16',NULL,0),(55,4,0,0,'2024-05-18 02:59:04','2024-05-18 02:59:04',NULL,0),(56,4,0,0,'2024-05-18 07:39:12','2024-05-18 07:39:12',NULL,0),(57,4,0,0,'2024-05-18 07:40:50','2024-05-18 07:40:50',NULL,0),(58,4,0,0,'2024-05-18 18:29:47','2024-05-18 18:29:47',NULL,0),(59,4,0,0,'2024-05-18 20:03:26','2024-05-18 20:03:26',NULL,0),(60,4,0,0,'2024-05-18 20:37:03','2024-05-18 20:37:03',NULL,0),(61,4,0,0,'2024-05-18 22:09:13','2024-05-18 22:09:13',NULL,0),(62,4,0,0,'2024-05-18 23:43:12','2024-05-18 23:43:12',NULL,0),(63,4,0,0,'2024-05-19 00:05:30','2024-05-19 00:05:30',NULL,0),(64,4,0,0,'2024-05-19 01:14:12','2024-05-19 01:14:12',NULL,0),(65,4,0,0,'2024-05-19 01:41:39','2024-05-19 01:41:39',NULL,0),(66,4,0,0,'2024-05-19 01:44:08','2024-05-19 01:44:08',NULL,0),(67,4,0,0,'2024-05-19 01:47:53','2024-05-19 01:47:53',NULL,0),(68,4,0,0,'2024-05-19 02:11:47','2024-05-19 02:11:47',NULL,0),(69,4,0,0,'2024-05-19 02:39:45','2024-05-19 02:39:45',NULL,0),(70,4,0,0,'2024-05-19 02:55:04','2024-05-19 02:55:04',NULL,0),(71,4,0,0,'2024-05-19 03:46:41','2024-05-19 03:46:41',NULL,0),(72,4,0,0,'2024-05-19 03:46:55','2024-05-19 03:46:55',NULL,0),(73,4,0,0,'2024-05-19 04:22:42','2024-05-19 04:22:42',NULL,0),(74,4,0,0,'2024-05-19 04:23:00','2024-05-19 04:23:00',NULL,0),(75,4,0,0,'2024-05-19 04:24:06','2024-05-19 04:24:06',NULL,0),(76,4,0,0,'2024-05-19 04:24:44','2024-05-19 04:24:44',NULL,0),(77,4,0,0,'2024-05-19 04:31:32','2024-05-19 04:31:32',NULL,0),(78,4,0,0,'2024-05-19 04:50:15','2024-05-19 04:50:15',NULL,0),(79,4,0,0,'2024-05-19 05:13:21','2024-05-19 05:13:21',NULL,0),(80,4,0,0,'2024-05-19 05:13:40','2024-05-19 05:13:40',NULL,0),(81,4,0,0,'2024-05-19 05:14:32','2024-05-19 05:14:32',NULL,0),(82,4,0,0,'2024-05-19 05:22:10','2024-05-19 05:22:10',NULL,0),(83,4,0,0,'2024-05-19 06:23:51','2024-05-19 06:23:51',NULL,0),(84,4,0,0,'2024-05-19 06:27:09','2024-05-19 06:27:09',NULL,0);
/*!40000 ALTER TABLE `frog_record` ENABLE KEYS */;
UNLOCK TABLES;

--
-- Table structure for table `furniture`
--

DROP TABLE IF EXISTS `furniture`;
/*!40101 SET @saved_cs_client     = @@character_set_client */;
/*!50503 SET character_set_client = utf8mb4 */;
CREATE TABLE `furniture` (
  `furniture_id` bigint NOT NULL AUTO_INCREMENT,
  `furniture_name` varchar(255) DEFAULT NULL,
  `created_at` timestamp NOT NULL DEFAULT CURRENT_TIMESTAMP,
  `modified_at` timestamp NOT NULL DEFAULT CURRENT_TIMESTAMP ON UPDATE CURRENT_TIMESTAMP,
  `deleted_at` timestamp NULL DEFAULT NULL,
  PRIMARY KEY (`furniture_id`)
) ENGINE=InnoDB AUTO_INCREMENT=7 DEFAULT CHARSET=utf8mb4 COLLATE=utf8mb4_0900_ai_ci;
/*!40101 SET character_set_client = @saved_cs_client */;

--
-- Dumping data for table `furniture`
--

LOCK TABLES `furniture` WRITE;
/*!40000 ALTER TABLE `furniture` DISABLE KEYS */;
INSERT INTO `furniture` VALUES (1,'소파','2024-05-05 05:31:17','2024-05-12 10:54:22',NULL),(2,'텔레비전','2024-05-05 05:31:17','2024-05-12 10:54:22',NULL),(3,'식탁','2024-05-05 05:31:17','2024-05-12 10:54:22',NULL),(4,'의자','2024-05-05 05:31:17','2024-05-12 10:54:22',NULL),(5,'창문','2024-05-05 05:31:17','2024-05-12 10:54:22',NULL),(6,'액자','2024-05-05 05:31:17','2024-05-12 10:54:22',NULL);
/*!40000 ALTER TABLE `furniture` ENABLE KEYS */;
UNLOCK TABLES;

--
-- Table structure for table `game_num`
--

DROP TABLE IF EXISTS `game_num`;
/*!40101 SET @saved_cs_client     = @@character_set_client */;
/*!50503 SET character_set_client = utf8mb4 */;
CREATE TABLE `game_num` (
  `game_num_id` bigint NOT NULL AUTO_INCREMENT COMMENT '곰, 병아리게임 시퀀스',
  `game_count` bigint NOT NULL,
  PRIMARY KEY (`game_num_id`)
) ENGINE=InnoDB AUTO_INCREMENT=4 DEFAULT CHARSET=utf8mb4 COLLATE=utf8mb4_0900_ai_ci;
/*!40101 SET character_set_client = @saved_cs_client */;

--
-- Dumping data for table `game_num`
--

LOCK TABLES `game_num` WRITE;
/*!40000 ALTER TABLE `game_num` DISABLE KEYS */;
INSERT INTO `game_num` VALUES (3,431);
/*!40000 ALTER TABLE `game_num` ENABLE KEYS */;
UNLOCK TABLES;

--
-- Table structure for table `homework`
--

DROP TABLE IF EXISTS `homework`;
/*!40101 SET @saved_cs_client     = @@character_set_client */;
/*!50503 SET character_set_client = utf8mb4 */;
CREATE TABLE `homework` (
  `homework_id` bigint NOT NULL AUTO_INCREMENT,
  `notice_id` bigint NOT NULL,
  `homework_contents` varchar(255) DEFAULT NULL,
  `is_done` tinyint(1) NOT NULL DEFAULT '0',
  `created_at` timestamp NOT NULL DEFAULT CURRENT_TIMESTAMP,
  `modified_at` timestamp NOT NULL DEFAULT CURRENT_TIMESTAMP ON UPDATE CURRENT_TIMESTAMP,
  `deleted_at` timestamp NULL DEFAULT NULL,
  PRIMARY KEY (`homework_id`)
) ENGINE=InnoDB AUTO_INCREMENT=154 DEFAULT CHARSET=utf8mb4 COLLATE=utf8mb4_0900_ai_ci;
/*!40101 SET character_set_client = @saved_cs_client */;

--
-- Dumping data for table `homework`
--

LOCK TABLES `homework` WRITE;
/*!40000 ALTER TABLE `homework` DISABLE KEYS */;
INSERT INTO `homework` VALUES (1,4,'개구리집 3회 하기',0,'2024-05-04 05:12:30','2024-05-19 13:08:46',NULL),(2,4,'고래집 2회 하기',0,'2024-05-04 05:12:30','2024-05-19 13:08:57',NULL),(3,4,'오늘 배운 단어 5회 연습하기',0,'2024-05-04 05:12:30','2024-05-19 13:09:13',NULL),(4,5,'밥먹기',0,'2024-05-05 03:43:53','2024-05-05 03:43:53',NULL),(121,44,'11',0,'2024-05-07 18:25:08','2024-05-07 18:25:08',NULL),(122,44,'',0,'2024-05-07 18:25:08','2024-05-07 18:25:08',NULL),(123,44,'',0,'2024-05-07 18:25:08','2024-05-07 18:25:08',NULL),(124,45,'gg',0,'2024-05-07 18:25:45','2024-05-07 18:25:45',NULL),(125,45,'',0,'2024-05-07 18:25:45','2024-05-07 18:25:45',NULL),(126,45,'',0,'2024-05-07 18:25:45','2024-05-07 18:25:45',NULL),(127,46,'11',0,'2024-05-07 18:25:56','2024-05-07 18:25:56',NULL),(128,46,'',0,'2024-05-07 18:25:56','2024-05-07 18:25:56',NULL),(129,46,'',0,'2024-05-07 18:25:56','2024-05-07 18:25:56',NULL),(130,47,'123',0,'2024-05-07 18:27:17','2024-05-07 18:27:17',NULL),(131,47,'',0,'2024-05-07 18:27:17','2024-05-07 18:27:17',NULL),(132,47,'',0,'2024-05-07 18:27:17','2024-05-07 18:27:17',NULL),(133,48,'123',0,'2024-05-07 18:27:24','2024-05-07 18:27:24',NULL),(134,48,'123',0,'2024-05-07 18:27:24','2024-05-07 18:27:24',NULL),(135,48,'11',0,'2024-05-07 18:27:24','2024-05-07 18:27:24',NULL),(136,49,'bb',0,'2024-05-07 18:34:08','2024-05-07 18:34:08',NULL),(137,49,'',0,'2024-05-07 18:34:08','2024-05-07 18:34:08',NULL),(138,49,'',0,'2024-05-07 18:34:08','2024-05-07 18:34:08',NULL),(139,50,'사탕으로 원하는 가구 1개 사기',0,'2024-05-07 18:41:03','2024-05-19 13:10:01',NULL),(140,50,'고래게임 5회 하기',0,'2024-05-07 18:41:03','2024-05-19 13:10:18',NULL),(141,50,'오늘 배운 단어 5회 연습하기',0,'2024-05-07 18:41:03','2024-05-19 13:10:41',NULL),(142,51,'',0,'2024-05-15 00:25:37','2024-05-15 00:25:37',NULL),(143,51,'',0,'2024-05-15 00:25:37','2024-05-15 00:25:37',NULL),(144,51,'',0,'2024-05-15 00:25:37','2024-05-15 00:25:37',NULL),(145,52,'음식 꼭꼭 씹어먹기',0,'2024-05-18 00:06:36','2024-05-19 13:11:09',NULL),(146,52,'고래게임 3회하기',0,'2024-05-18 00:06:36','2024-05-19 13:11:27',NULL),(147,52,'빙고게임 단어 발음해보기',0,'2024-05-18 00:06:36','2024-05-19 13:13:00',NULL),(148,53,'부모님이랑 빙고게임 해보기',0,'2024-05-19 00:06:28','2024-05-19 13:13:16',NULL),(149,53,'좋아하는 빙고 단어 말해보기',0,'2024-05-19 00:06:28','2024-05-19 13:13:44',NULL),(150,53,'나의집 꾸며보기',0,'2024-05-19 00:06:28','2024-05-19 13:13:58',NULL),(151,54,'개구리 게임 3번 하기',0,'2024-05-19 06:18:24','2024-05-19 06:18:24',NULL),(152,54,'병아리 피자 만들기 3번 하기',0,'2024-05-19 06:18:24','2024-05-19 06:18:24',NULL),(153,54,'단어 따라말하기',0,'2024-05-19 06:18:24','2024-05-19 06:18:24',NULL);
/*!40000 ALTER TABLE `homework` ENABLE KEYS */;
UNLOCK TABLES;

--
-- Table structure for table `kid`
--

DROP TABLE IF EXISTS `kid`;
/*!40101 SET @saved_cs_client     = @@character_set_client */;
/*!50503 SET character_set_client = utf8mb4 */;
CREATE TABLE `kid` (
  `member_id` bigint NOT NULL AUTO_INCREMENT,
  `kid_img_url` varchar(255) NOT NULL,
  `kid_birth_DT` date NOT NULL,
  `kid_note` varchar(255) DEFAULT NULL,
  `parent_name` varchar(10) NOT NULL,
  `coin` bigint NOT NULL DEFAULT '0',
  `gender` enum('MALE','FEMALE','ETC') NOT NULL DEFAULT 'ETC',
  `created_at` timestamp NOT NULL DEFAULT CURRENT_TIMESTAMP,
  `modified_at` timestamp NOT NULL DEFAULT CURRENT_TIMESTAMP ON UPDATE CURRENT_TIMESTAMP,
  `deleted_at` timestamp NULL DEFAULT NULL,
  PRIMARY KEY (`member_id`),
  CONSTRAINT `FK_member_TO_kid_1` FOREIGN KEY (`member_id`) REFERENCES `member` (`member_id`)
) ENGINE=InnoDB AUTO_INCREMENT=43 DEFAULT CHARSET=utf8mb4 COLLATE=utf8mb4_0900_ai_ci;
/*!40101 SET character_set_client = @saved_cs_client */;

--
-- Dumping data for table `kid`
--

LOCK TABLES `kid` WRITE;
/*!40000 ALTER TABLE `kid` DISABLE KEYS */;
INSERT INTO `kid` VALUES (4,'src/manul.img','2020-01-01','아이가 발화경험이 부족하여 단어의 정확한 발음이 어려워함','마늘부모',64,'ETC','2024-05-02 12:06:45','2024-05-19 15:27:55',NULL),(35,'https://ggomalggomal.s3.ap-southeast-2.amazonaws.com/userImg/female','2015-05-01','무','김부모',0,'FEMALE','2024-05-18 00:04:43','2024-05-18 00:04:43',NULL),(36,'https://ggomalggomal.s3.ap-southeast-2.amazonaws.com/userImg/female','2015-05-06','없음','부모',0,'FEMALE','2024-05-18 00:06:12','2024-05-18 00:06:12',NULL),(37,'https://ggomalggomal.s3.ap-southeast-2.amazonaws.com/userImg/female','2021-05-01','팀장','서현',0,'FEMALE','2024-05-19 06:20:51','2024-05-19 06:20:51',NULL),(38,'https://ggomalggomal.s3.ap-southeast-2.amazonaws.com/userImg/male','2021-05-01','BE','창희',0,'MALE','2024-05-19 06:21:32','2024-05-19 06:21:32',NULL),(39,'https://ggomalggomal.s3.ap-southeast-2.amazonaws.com/userImg/female','2021-05-01','FE','수빈',0,'FEMALE','2024-05-19 06:22:12','2024-05-19 06:22:12',NULL),(40,'https://ggomalggomal.s3.ap-southeast-2.amazonaws.com/userImg/female','2021-05-01','BE','재원',0,'FEMALE','2024-05-19 06:22:59','2024-05-19 06:22:59',NULL),(41,'https://ggomalggomal.s3.ap-southeast-2.amazonaws.com/userImg/female','2021-05-01','FE','지민',0,'FEMALE','2024-05-19 06:23:27','2024-05-19 06:23:27',NULL),(42,'https://ggomalggomal.s3.ap-southeast-2.amazonaws.com/userImg/male','2024-05-20','BE','진우',0,'MALE','2024-05-19 06:23:58','2024-05-19 06:23:58',NULL);
/*!40000 ALTER TABLE `kid` ENABLE KEYS */;
UNLOCK TABLES;

--
-- Table structure for table `kid_furniture`
--

DROP TABLE IF EXISTS `kid_furniture`;
/*!40101 SET @saved_cs_client     = @@character_set_client */;
/*!50503 SET character_set_client = utf8mb4 */;
CREATE TABLE `kid_furniture` (
  `kid_furniture_id` bigint NOT NULL AUTO_INCREMENT,
  `member_id` bigint NOT NULL,
  `furniture_id` bigint NOT NULL,
  `created_at` timestamp NOT NULL DEFAULT CURRENT_TIMESTAMP,
  `modified_at` timestamp NOT NULL DEFAULT CURRENT_TIMESTAMP ON UPDATE CURRENT_TIMESTAMP,
  `deleted_at` timestamp NULL DEFAULT NULL,
  PRIMARY KEY (`kid_furniture_id`),
  KEY `furniture_id_idx` (`furniture_id`),
  KEY `member_id_idx` (`member_id`),
  CONSTRAINT `furniture_id` FOREIGN KEY (`furniture_id`) REFERENCES `furniture` (`furniture_id`),
  CONSTRAINT `member_id` FOREIGN KEY (`member_id`) REFERENCES `member` (`member_id`)
) ENGINE=InnoDB AUTO_INCREMENT=13 DEFAULT CHARSET=utf8mb4 COLLATE=utf8mb4_0900_ai_ci;
/*!40101 SET character_set_client = @saved_cs_client */;

--
-- Dumping data for table `kid_furniture`
--

LOCK TABLES `kid_furniture` WRITE;
/*!40000 ALTER TABLE `kid_furniture` DISABLE KEYS */;
INSERT INTO `kid_furniture` VALUES (7,4,1,'2024-05-19 05:02:13','2024-05-19 05:02:13',NULL),(8,4,2,'2024-05-19 05:02:17','2024-05-19 05:02:17',NULL),(9,4,3,'2024-05-19 05:02:19','2024-05-19 05:02:19',NULL),(10,4,4,'2024-05-19 05:02:22','2024-05-19 05:02:22',NULL),(11,4,5,'2024-05-19 05:03:37','2024-05-19 05:03:37',NULL),(12,4,6,'2024-05-19 05:03:40','2024-05-19 05:03:40',NULL);
/*!40000 ALTER TABLE `kid_furniture` ENABLE KEYS */;
UNLOCK TABLES;

--
-- Table structure for table `member`
--

DROP TABLE IF EXISTS `member`;
/*!40101 SET @saved_cs_client     = @@character_set_client */;
/*!50503 SET character_set_client = utf8mb4 */;
CREATE TABLE `member` (
  `member_id` bigint NOT NULL AUTO_INCREMENT,
  `center_id` bigint DEFAULT NULL,
  `user` varchar(255) NOT NULL,
  `password` varchar(255) NOT NULL,
  `name` varchar(10) NOT NULL,
  `phone` varchar(15) NOT NULL,
  `role` enum('CENTER','TEACHER','KID') NOT NULL,
  `created_at` timestamp NOT NULL DEFAULT CURRENT_TIMESTAMP,
  `modified_at` timestamp NOT NULL DEFAULT CURRENT_TIMESTAMP ON UPDATE CURRENT_TIMESTAMP,
  `deleted_at` timestamp NULL DEFAULT NULL,
  PRIMARY KEY (`member_id`)
) ENGINE=InnoDB AUTO_INCREMENT=43 DEFAULT CHARSET=utf8mb4 COLLATE=utf8mb4_0900_ai_ci;
/*!40101 SET character_set_client = @saved_cs_client */;

--
-- Dumping data for table `member`
--

LOCK TABLES `member` WRITE;
/*!40000 ALTER TABLE `member` DISABLE KEYS */;
INSERT INTO `member` VALUES (2,NULL,'admin1','aksmfaksmf','마늘센터','010-0000-1234','CENTER','2024-04-26 01:28:25','2024-04-26 01:28:25',NULL),(3,2,'t1','1','박티처','010-0000-1234','TEACHER','2024-04-26 01:29:22','2024-05-18 09:04:00',NULL),(4,2,'k1','1','김싸피','010-4756-5296','KID','2024-05-02 12:04:44','2024-05-19 12:42:45',NULL),(35,2,'2stuv7UxS21','20150501','이키즈','01234567890','KID','2024-05-18 00:04:43','2024-05-18 00:04:43',NULL),(36,2,'2stu6N90TaV','20150506','박싸피','012345678','KID','2024-05-18 00:06:12','2024-05-18 00:06:12',NULL),(37,2,'2stuO3Xy8CT','20210501','박서현','010-1111-2222','KID','2024-05-19 06:20:51','2024-05-19 06:20:51',NULL),(38,2,'2stuhaOMsL6','20210501','김창희','010-2222-1111','KID','2024-05-19 06:21:32','2024-05-19 06:21:32',NULL),(39,2,'2stuN4Y8RMT','20210501','박수빈','010-3333-2222','KID','2024-05-19 06:22:12','2024-05-19 06:22:12',NULL),(40,2,'2stuavbGlId','20210501','위재원','010-1111-1111','KID','2024-05-19 06:22:59','2024-05-19 06:22:59',NULL),(41,2,'2stuu3tv0LY','20210501','장지민','010-2222-2222','KID','2024-05-19 06:23:27','2024-05-19 06:23:27',NULL),(42,2,'2stuPeAeYv3','20240520','최진우','010-2222-3333','KID','2024-05-19 06:23:58','2024-05-19 06:23:58',NULL);
/*!40000 ALTER TABLE `member` ENABLE KEYS */;
UNLOCK TABLES;

--
-- Table structure for table `notice`
--

DROP TABLE IF EXISTS `notice`;
/*!40101 SET @saved_cs_client     = @@character_set_client */;
/*!50503 SET character_set_client = utf8mb4 */;
CREATE TABLE `notice` (
  `notice_id` bigint NOT NULL AUTO_INCREMENT,
  `kid_id` bigint NOT NULL,
  `notice_contents` varchar(255) NOT NULL,
  `teacher_name` varchar(255) NOT NULL,
  `created_at` timestamp NOT NULL DEFAULT CURRENT_TIMESTAMP,
  `modified_at` timestamp NOT NULL DEFAULT CURRENT_TIMESTAMP ON UPDATE CURRENT_TIMESTAMP,
  `deleted_at` timestamp NULL DEFAULT NULL,
  PRIMARY KEY (`notice_id`)
) ENGINE=InnoDB AUTO_INCREMENT=55 DEFAULT CHARSET=utf8mb4 COLLATE=utf8mb4_0900_ai_ci;
/*!40101 SET character_set_client = @saved_cs_client */;

--
-- Dumping data for table `notice`
--

LOCK TABLES `notice` WRITE;
/*!40000 ALTER TABLE `notice` DISABLE KEYS */;
INSERT INTO `notice` VALUES (1,4,'첫수업때 ㅍ,ㅁ발음 연습을 시작했습니다.','박티처','2024-05-04 14:01:28','2024-05-19 12:56:39',NULL),(2,4,'첫수업때 ㅍ,ㅁ발음 연습을 시작했습니다.','박티처','2024-05-04 14:07:38','2024-05-19 12:56:39',NULL),(3,4,'첫수업때 ㅍ,ㅁ발음 연습을 시작했습니다.','박티처','2024-05-04 14:07:38','2024-05-19 12:56:39',NULL),(4,4,'첫수업때 ㅍ,ㅁ발음 연습을 시작했습니다.','박티처','2024-05-04 05:12:30','2024-05-19 12:56:39',NULL),(45,5,'gg','박티처','2024-05-07 18:25:45','2024-05-18 12:03:30',NULL),(46,9,'princess','박티처','2024-05-07 18:25:56','2024-05-18 12:03:30',NULL),(47,5,'start','박티처','2024-05-07 18:27:17','2024-05-18 12:03:30',NULL),(48,5,'123','박티처','2024-05-07 18:27:24','2024-05-18 12:03:31',NULL),(49,10,'bb','박티처','2024-05-07 18:34:08','2024-05-18 12:03:31',NULL),(50,4,'ㅍ,ㅁ단어 숙제를 열심히 해서 발음이 매우 좋아졌습니다.','박티처','2024-05-07 18:41:03','2024-05-19 13:00:06',NULL),(51,31,'','박티처','2024-05-15 00:25:37','2024-05-18 12:03:31',NULL),(52,4,'ㄷ,ㅌ,ㄴ발음 수업을 시작했습니다.','박티처','2024-05-18 00:06:36','2024-05-19 13:02:02',NULL),(53,4,'ㄷ,ㅌ,ㄴ발음이 많이 좋아졌습니다.','박티처','2024-05-19 00:06:28','2024-05-19 13:02:32',NULL),(54,4,'ㅅ 발음 수업을 시작했습니다. 수업에 열심히 참여하고 있어요.','박티처','2024-05-20 06:18:24','2024-05-20 06:18:24',NULL);
/*!40000 ALTER TABLE `notice` ENABLE KEYS */;
UNLOCK TABLES;

--
-- Table structure for table `schedule`
--

DROP TABLE IF EXISTS `schedule`;
/*!40101 SET @saved_cs_client     = @@character_set_client */;
/*!50503 SET character_set_client = utf8mb4 */;
CREATE TABLE `schedule` (
  `schedule_id` bigint NOT NULL AUTO_INCREMENT,
  `teacher_kid_id` bigint NOT NULL,
  `start_time` timestamp NOT NULL DEFAULT CURRENT_TIMESTAMP,
  `end_time` datetime DEFAULT NULL,
  `status` enum('TODO','PROGRESSING','DONE') NOT NULL,
  `content` varchar(255) DEFAULT NULL,
  `created_at` timestamp NOT NULL DEFAULT CURRENT_TIMESTAMP,
  `modified_at` timestamp NOT NULL DEFAULT CURRENT_TIMESTAMP ON UPDATE CURRENT_TIMESTAMP,
  `deleted_at` timestamp NULL DEFAULT NULL,
  PRIMARY KEY (`schedule_id`)
) ENGINE=InnoDB AUTO_INCREMENT=18 DEFAULT CHARSET=utf8mb4 COLLATE=utf8mb4_0900_ai_ci;
/*!40101 SET character_set_client = @saved_cs_client */;

--
-- Dumping data for table `schedule`
--

LOCK TABLES `schedule` WRITE;
/*!40000 ALTER TABLE `schedule` DISABLE KEYS */;
INSERT INTO `schedule` VALUES (1,1,'2024-05-14 01:00:00','2024-05-14 12:00:00','TODO','수빈이 숙제 해오기','2024-05-13 18:33:11','2024-05-13 18:33:11',NULL),(8,1,'2024-05-18 00:00:00','2024-05-18 10:00:00','TODO','상담','2024-05-18 00:05:40','2024-05-18 00:05:40',NULL),(9,1,'2024-05-19 02:00:00','2024-05-19 12:00:00','TODO','test입니다','2024-05-18 05:33:39','2024-05-18 05:33:39',NULL),(10,1,'2024-05-18 00:00:00','2024-05-18 10:00:00','TODO','','2024-05-19 02:08:53','2024-05-19 02:08:53',NULL),(11,1,'2024-05-20 02:00:00','2024-05-20 12:00:00','TODO','발표 잘 하기!!','2024-05-19 02:37:33','2024-05-19 02:37:33',NULL),(12,1,'2024-05-05 19:00:00','2024-05-06 06:00:00','TODO','','2024-05-19 02:37:45','2024-05-19 02:37:45',NULL),(13,1,'2024-05-08 22:00:00','2024-05-09 06:00:00','TODO','','2024-05-19 02:37:53','2024-05-19 02:37:53',NULL),(14,1,'2024-05-01 01:00:00','2024-05-01 11:00:00','TODO','김싸피','2024-05-19 04:04:48','2024-05-19 04:04:48',NULL),(15,1,'2024-05-04 00:00:00','2024-05-04 10:00:00','TODO','박싸피 수업','2024-05-19 04:05:08','2024-05-19 04:05:08',NULL),(16,1,'2024-05-04 01:00:00','2024-05-04 11:00:00','TODO','상담 예약','2024-05-19 04:05:21','2024-05-19 04:05:21',NULL),(17,1,'2024-05-04 02:00:00','2024-05-04 12:00:00','TODO','이키즈 수업','2024-05-19 04:05:43','2024-05-19 04:05:43',NULL);
/*!40000 ALTER TABLE `schedule` ENABLE KEYS */;
UNLOCK TABLES;

--
-- Table structure for table `situation`
--

DROP TABLE IF EXISTS `situation`;
/*!40101 SET @saved_cs_client     = @@character_set_client */;
/*!50503 SET character_set_client = utf8mb4 */;
CREATE TABLE `situation` (
  `situation_id` bigint NOT NULL AUTO_INCREMENT,
  `situation_title` varchar(255) DEFAULT NULL,
  `created_at` timestamp NOT NULL DEFAULT CURRENT_TIMESTAMP,
  `modified_at` timestamp NOT NULL DEFAULT CURRENT_TIMESTAMP ON UPDATE CURRENT_TIMESTAMP,
  `deleted_at` timestamp NULL DEFAULT NULL,
  PRIMARY KEY (`situation_id`)
) ENGINE=InnoDB AUTO_INCREMENT=4 DEFAULT CHARSET=utf8mb4 COLLATE=utf8mb4_0900_ai_ci;
/*!40101 SET character_set_client = @saved_cs_client */;

--
-- Dumping data for table `situation`
--

LOCK TABLES `situation` WRITE;
/*!40000 ALTER TABLE `situation` DISABLE KEYS */;
INSERT INTO `situation` VALUES (1,'피자 만들기','2024-05-06 06:32:45','2024-05-17 05:17:23',NULL),(2,'집 청소','2024-05-06 06:32:45','2024-05-17 05:17:23',NULL),(3,'밥먹기','2024-05-07 01:19:49','2024-05-07 01:19:49',NULL);
/*!40000 ALTER TABLE `situation` ENABLE KEYS */;
UNLOCK TABLES;

--
-- Table structure for table `situation_kid`
--

DROP TABLE IF EXISTS `situation_kid`;
/*!40101 SET @saved_cs_client     = @@character_set_client */;
/*!50503 SET character_set_client = utf8mb4 */;
CREATE TABLE `situation_kid` (
  `situation_kid_id` bigint NOT NULL AUTO_INCREMENT,
  `member_id` bigint NOT NULL,
  `situation_id` bigint NOT NULL,
  `created_at` timestamp NOT NULL DEFAULT CURRENT_TIMESTAMP,
  `modified_at` timestamp NOT NULL DEFAULT CURRENT_TIMESTAMP ON UPDATE CURRENT_TIMESTAMP,
  `deleted_at` timestamp NULL DEFAULT NULL,
  PRIMARY KEY (`situation_kid_id`),
  KEY `member_id_idx` (`member_id`),
  KEY `situation_id_idx` (`situation_id`),
  CONSTRAINT `sk_member_id` FOREIGN KEY (`member_id`) REFERENCES `member` (`member_id`),
  CONSTRAINT `sk_situation_id` FOREIGN KEY (`situation_id`) REFERENCES `situation` (`situation_id`)
) ENGINE=InnoDB AUTO_INCREMENT=32 DEFAULT CHARSET=utf8mb4 COLLATE=utf8mb4_0900_ai_ci;
/*!40101 SET character_set_client = @saved_cs_client */;

--
-- Dumping data for table `situation_kid`
--

LOCK TABLES `situation_kid` WRITE;
/*!40000 ALTER TABLE `situation_kid` DISABLE KEYS */;
INSERT INTO `situation_kid` VALUES (1,4,1,'2024-05-06 07:03:59','2024-05-06 07:03:59',NULL),(21,35,1,'2024-05-18 00:04:43','2024-05-18 00:04:43',NULL),(22,36,1,'2024-05-18 00:06:12','2024-05-18 00:06:12',NULL),(23,4,3,'2024-05-18 03:15:51','2024-05-18 03:15:51',NULL),(26,37,1,'2024-05-19 06:20:51','2024-05-19 06:20:51',NULL),(27,38,1,'2024-05-19 06:21:32','2024-05-19 06:21:32',NULL),(28,39,1,'2024-05-19 06:22:12','2024-05-19 06:22:12',NULL),(29,40,1,'2024-05-19 06:22:59','2024-05-19 06:22:59',NULL),(30,41,1,'2024-05-19 06:23:27','2024-05-19 06:23:27',NULL),(31,42,1,'2024-05-19 06:23:58','2024-05-19 06:23:58',NULL);
/*!40000 ALTER TABLE `situation_kid` ENABLE KEYS */;
UNLOCK TABLES;

--
-- Table structure for table `teacher_kid`
--

DROP TABLE IF EXISTS `teacher_kid`;
/*!40101 SET @saved_cs_client     = @@character_set_client */;
/*!50503 SET character_set_client = utf8mb4 */;
CREATE TABLE `teacher_kid` (
  `teacher_kid_id` bigint NOT NULL AUTO_INCREMENT,
  `teacher_id` bigint NOT NULL,
  `kid_id` bigint NOT NULL,
  `created_at` timestamp NOT NULL DEFAULT CURRENT_TIMESTAMP,
  `modified_at` timestamp NOT NULL DEFAULT CURRENT_TIMESTAMP ON UPDATE CURRENT_TIMESTAMP,
  `deleted_at` timestamp NULL DEFAULT NULL,
  PRIMARY KEY (`teacher_kid_id`)
) ENGINE=InnoDB AUTO_INCREMENT=40 DEFAULT CHARSET=utf8mb4 COLLATE=utf8mb4_0900_ai_ci;
/*!40101 SET character_set_client = @saved_cs_client */;

--
-- Dumping data for table `teacher_kid`
--

LOCK TABLES `teacher_kid` WRITE;
/*!40000 ALTER TABLE `teacher_kid` DISABLE KEYS */;
INSERT INTO `teacher_kid` VALUES (1,3,4,'2024-05-03 05:29:35','2024-05-04 07:31:10',NULL),(2,3,5,'2024-05-03 05:29:35','2024-05-04 07:31:10',NULL),(3,3,6,'2024-05-06 15:28:55','2024-05-06 15:28:55',NULL),(4,3,7,'2024-05-06 17:08:41','2024-05-06 17:08:41',NULL),(5,3,8,'2024-05-06 17:18:08','2024-05-06 17:18:08',NULL),(6,3,9,'2024-05-06 17:37:01','2024-05-06 17:37:01',NULL),(7,3,10,'2024-05-06 17:59:14','2024-05-06 17:59:14',NULL),(8,3,11,'2024-05-06 18:01:00','2024-05-06 18:01:00',NULL),(9,3,12,'2024-05-06 18:01:56','2024-05-06 18:01:56',NULL),(10,3,13,'2024-05-06 18:03:54','2024-05-06 18:03:54',NULL),(11,3,14,'2024-05-06 18:06:08','2024-05-06 18:06:08',NULL),(12,3,15,'2024-05-06 18:06:33','2024-05-06 18:06:33',NULL),(13,3,16,'2024-05-06 18:07:22','2024-05-06 18:07:22',NULL),(14,3,17,'2024-05-06 18:11:30','2024-05-06 18:11:30',NULL),(15,3,18,'2024-05-06 18:20:56','2024-05-06 18:20:56',NULL),(16,3,19,'2024-05-06 18:27:34','2024-05-06 18:27:34',NULL),(17,3,20,'2024-05-06 21:28:26','2024-05-06 21:28:26',NULL),(18,3,21,'2024-05-06 21:30:02','2024-05-06 21:30:02',NULL),(19,3,22,'2024-05-07 18:40:10','2024-05-07 18:40:10',NULL),(20,3,23,'2024-05-07 20:06:32','2024-05-07 20:06:32',NULL),(21,3,24,'2024-05-08 16:27:59','2024-05-08 16:27:59',NULL),(22,3,25,'2024-05-08 16:30:30','2024-05-08 16:30:30',NULL),(23,3,26,'2024-05-08 16:32:59','2024-05-08 16:32:59',NULL),(24,3,27,'2024-05-08 16:35:49','2024-05-08 16:35:49',NULL),(25,3,28,'2024-05-08 16:37:12','2024-05-08 16:37:12',NULL),(26,3,29,'2024-05-08 16:39:12','2024-05-08 16:39:12',NULL),(27,3,30,'2024-05-08 16:39:32','2024-05-08 16:39:32',NULL),(28,3,31,'2024-05-08 16:43:28','2024-05-08 16:43:28',NULL),(29,3,32,'2024-05-08 16:44:18','2024-05-08 16:44:18',NULL),(30,3,33,'2024-05-13 17:24:58','2024-05-13 17:24:58',NULL),(31,3,34,'2024-05-17 23:13:56','2024-05-17 23:13:56',NULL),(32,3,35,'2024-05-18 00:04:43','2024-05-18 00:04:43',NULL),(33,3,36,'2024-05-18 00:06:12','2024-05-18 00:06:12',NULL),(34,3,37,'2024-05-19 06:20:51','2024-05-19 06:20:51',NULL),(35,3,38,'2024-05-19 06:21:32','2024-05-19 06:21:32',NULL),(36,3,39,'2024-05-19 06:22:12','2024-05-19 06:22:12',NULL),(37,3,40,'2024-05-19 06:22:59','2024-05-19 06:22:59',NULL),(38,3,41,'2024-05-19 06:23:27','2024-05-19 06:23:27',NULL),(39,3,42,'2024-05-19 06:23:58','2024-05-19 06:23:58',NULL);
/*!40000 ALTER TABLE `teacher_kid` ENABLE KEYS */;
UNLOCK TABLES;

--
-- Table structure for table `whale_record`
--

DROP TABLE IF EXISTS `whale_record`;
/*!40101 SET @saved_cs_client     = @@character_set_client */;
/*!50503 SET character_set_client = utf8mb4 */;
CREATE TABLE `whale_record` (
  `whale_record_id` bigint NOT NULL AUTO_INCREMENT,
  `member_id` bigint NOT NULL,
  `max_time` float NOT NULL,
  `created_at` timestamp NOT NULL DEFAULT CURRENT_TIMESTAMP,
  `modified_at` timestamp NOT NULL DEFAULT CURRENT_TIMESTAMP ON UPDATE CURRENT_TIMESTAMP,
  `is_delete` timestamp NULL DEFAULT NULL,
  PRIMARY KEY (`whale_record_id`),
  KEY `member_id_idx` (`member_id`),
  KEY `whale_member_id_idx` (`member_id`) /*!80000 INVISIBLE */,
  CONSTRAINT `whale_member_id` FOREIGN KEY (`member_id`) REFERENCES `member` (`member_id`)
) ENGINE=InnoDB AUTO_INCREMENT=57 DEFAULT CHARSET=utf8mb4 COLLATE=utf8mb4_unicode_ci;
/*!40101 SET character_set_client = @saved_cs_client */;

--
-- Dumping data for table `whale_record`
--

LOCK TABLES `whale_record` WRITE;
/*!40000 ALTER TABLE `whale_record` DISABLE KEYS */;
INSERT INTO `whale_record` VALUES (1,4,2.4303,'2024-05-09 11:27:50','2024-05-09 11:27:50',NULL),(2,4,3.5,'2024-05-10 01:27:19','2024-05-10 01:27:19',NULL),(3,4,3.2,'2024-05-10 01:32:31','2024-05-10 01:32:31',NULL),(4,4,30,'2024-05-09 18:49:12','2024-05-09 18:49:12',NULL),(5,4,30,'2024-05-09 20:15:56','2024-05-09 20:15:56',NULL),(6,4,30,'2024-05-09 20:18:57','2024-05-09 20:18:57',NULL),(7,4,30,'2024-05-09 20:23:19','2024-05-09 20:23:19',NULL),(8,4,30,'2024-05-09 20:25:50','2024-05-09 20:25:50',NULL),(9,4,30,'2024-05-09 20:34:49','2024-05-09 20:34:49',NULL),(11,4,7.249,'2024-05-09 20:47:24','2024-05-09 20:47:24',NULL),(12,4,8.831,'2024-05-09 20:48:45','2024-05-09 20:48:45',NULL),(13,4,17.707,'2024-05-09 20:49:14','2024-05-09 20:49:14',NULL),(14,4,7.174,'2024-05-09 21:31:22','2024-05-09 21:31:22',NULL),(15,4,6.96,'2024-05-09 21:32:51','2024-05-09 21:32:51',NULL),(16,4,7.103,'2024-05-09 21:33:07','2024-05-09 21:33:07',NULL),(17,4,7.107,'2024-05-09 21:38:36','2024-05-09 21:38:36',NULL),(18,4,7.098,'2024-05-09 21:39:00','2024-05-09 21:39:00',NULL),(19,4,6.957,'2024-05-09 21:39:34','2024-05-09 21:39:34',NULL),(20,4,25.277,'2024-05-10 22:45:35','2024-05-10 22:45:35',NULL),(21,4,10.831,'2024-05-11 23:33:59','2024-05-11 23:33:59',NULL),(22,4,7.026,'2024-05-13 04:47:05','2024-05-13 04:47:05',NULL),(23,4,7.021,'2024-05-13 04:47:19','2024-05-13 04:47:19',NULL),(24,4,7.042,'2024-05-13 04:47:36','2024-05-13 04:47:36',NULL),(25,4,17.001,'2024-05-13 21:34:57','2024-05-13 21:34:57',NULL),(26,4,9.677,'2024-05-13 21:35:13','2024-05-13 21:35:13',NULL),(27,4,14.164,'2024-05-13 21:35:42','2024-05-13 21:35:42',NULL),(28,4,21.308,'2024-05-13 21:40:05','2024-05-13 21:40:05',NULL),(29,4,22.09,'2024-05-13 22:00:48','2024-05-13 22:00:48',NULL),(30,4,18,'2024-05-13 22:03:36','2024-05-13 22:03:36',NULL),(31,4,11.887,'2024-05-13 22:15:27','2024-05-13 22:15:27',NULL),(32,4,22.33,'2024-05-13 22:16:07','2024-05-13 22:16:07',NULL),(33,4,32.322,'2024-05-13 22:27:13','2024-05-13 22:27:13',NULL),(34,4,24.147,'2024-05-14 03:48:17','2024-05-14 03:48:17',NULL),(35,4,14.713,'2024-05-14 03:48:42','2024-05-14 03:48:42',NULL),(38,4,22.979,'2024-05-15 21:08:36','2024-05-15 21:08:36',NULL),(53,4,1.234,'2024-05-16 14:04:05','2024-05-16 14:04:05',NULL);
/*!40000 ALTER TABLE `whale_record` ENABLE KEYS */;
UNLOCK TABLES;

--
-- Table structure for table `word`
--

DROP TABLE IF EXISTS `word`;
/*!40101 SET @saved_cs_client     = @@character_set_client */;
/*!50503 SET character_set_client = utf8mb4 */;
CREATE TABLE `word` (
  `word_id` bigint NOT NULL AUTO_INCREMENT,
  `letter` varchar(255) NOT NULL,
  `pronunciation` varchar(255) NOT NULL,
  `syllable` tinyint NOT NULL COMMENT '글자 수',
  `initial` char(2) NOT NULL COMMENT '첫 글자 초성',
  `finality` char(2) DEFAULT NULL COMMENT '받침 유무',
  `letter_img_url` varchar(255) NOT NULL,
  `sound_url` varchar(255) NOT NULL,
  `created_at` timestamp NOT NULL DEFAULT CURRENT_TIMESTAMP,
  `modified_at` timestamp NOT NULL DEFAULT CURRENT_TIMESTAMP ON UPDATE CURRENT_TIMESTAMP,
  `deleted_at` timestamp NULL DEFAULT NULL,
  PRIMARY KEY (`word_id`)
) ENGINE=InnoDB AUTO_INCREMENT=788 DEFAULT CHARSET=utf8mb4 COLLATE=utf8mb4_0900_ai_ci;
/*!40101 SET character_set_client = @saved_cs_client */;

--
-- Dumping data for table `word`
--

LOCK TABLES `word` WRITE;
/*!40000 ALTER TABLE `word` DISABLE KEYS */;
INSERT INTO `word` VALUES (1,'가로등','가로등',3,'ㄱ','ㅇ','https://ggomalggomal.s3.ap-southeast-2.amazonaws.com/ggomal/word/ed/ed+(1).png','https://ggomalggomal.s3.ap-southeast-2.amazonaws.com/ggomal/sound/d/%EA%B0%80%EB%A1%9C%EB%93%B1.mp3','2024-05-08 08:00:53','2024-05-09 07:08:31',NULL),(2,'가방','가방',2,'ㄱ','ㅇ','https://ggomalggomal.s3.ap-southeast-2.amazonaws.com/ggomal/word/ed/ed+(2).png','https://ggomalggomal.s3.ap-southeast-2.amazonaws.com/ggomal/sound/d/%EA%B0%80%EB%B0%A9.mp3','2024-05-08 08:00:53','2024-05-09 07:08:31',NULL),(3,'경찰차','경ː찰차',3,'ㄱ','ㅇ','https://ggomalggomal.s3.ap-southeast-2.amazonaws.com/ggomal/word/ed/ed+(3).png','https://ggomalggomal.s3.ap-southeast-2.amazonaws.com/ggomal/sound/d/%EA%B2%BD%EC%B0%B0%EC%B0%A8.mp3','2024-05-08 08:00:53','2024-05-09 07:08:31',NULL),(4,'고양이','고양이',3,'ㄱ','ㅇ','https://ggomalggomal.s3.ap-southeast-2.amazonaws.com/ggomal/word/ed/ed+(4).png','https://ggomalggomal.s3.ap-southeast-2.amazonaws.com/ggomal/sound/d/%EA%B3%A0%EC%96%91%EC%9D%B4.mp3','2024-05-08 08:00:53','2024-05-09 07:08:31',NULL),(5,'공룡','공ː뇽',2,'ㄱ','ㅇ','https://ggomalggomal.s3.ap-southeast-2.amazonaws.com/ggomal/word/ed/ed+(5).png','https://ggomalggomal.s3.ap-southeast-2.amazonaws.com/ggomal/sound/d/%EA%B3%B5%EB%A3%A1.mp3','2024-05-08 08:00:53','2024-05-09 07:08:31',NULL),(6,'냉장고','냉ː장고',3,'ㄴ','ㅇ','https://ggomalggomal.s3.ap-southeast-2.amazonaws.com/ggomal/word/ed/ed+(6).png','https://ggomalggomal.s3.ap-southeast-2.amazonaws.com/ggomal/sound/d/%EB%83%89%EC%9E%A5%EA%B3%A0.mp3','2024-05-08 08:00:53','2024-05-09 07:08:31',NULL),(7,'농구공','농구공',3,'ㄴ','ㅇ','https://ggomalggomal.s3.ap-southeast-2.amazonaws.com/ggomal/word/ed/ed+(7).png','https://ggomalggomal.s3.ap-southeast-2.amazonaws.com/ggomal/sound/d/%EB%86%8D%EA%B5%AC%EA%B3%B5.mp3','2024-05-08 08:00:53','2024-05-09 07:08:31',NULL),(8,'단풍','단풍',2,'ㄷ','ㅇ','https://ggomalggomal.s3.ap-southeast-2.amazonaws.com/ggomal/word/ed/ed+(8).png','https://ggomalggomal.s3.ap-southeast-2.amazonaws.com/ggomal/sound/d/%EB%8B%A8%ED%92%8D.mp3','2024-05-08 08:00:53','2024-05-09 07:08:31',NULL),(9,'땅콩','땅콩',2,'ㄸ','ㅇ','https://ggomalggomal.s3.ap-southeast-2.amazonaws.com/ggomal/word/ed/ed+(9).png','https://ggomalggomal.s3.ap-southeast-2.amazonaws.com/ggomal/sound/d/%EB%95%85%EC%BD%A9.mp3','2024-05-08 08:00:53','2024-05-09 07:08:31',NULL),(10,'똥','똥',1,'ㄸ','ㅇ','https://ggomalggomal.s3.ap-southeast-2.amazonaws.com/ggomal/word/ed/ed+(10).png','https://ggomalggomal.s3.ap-southeast-2.amazonaws.com/ggomal/sound/d/%EB%98%A5.mp3','2024-05-08 08:00:53','2024-05-09 07:08:31',NULL),(11,'마카롱','마카롱',3,'ㅁ','ㅇ','https://ggomalggomal.s3.ap-southeast-2.amazonaws.com/ggomal/word/ed/ed+(11).png','https://ggomalggomal.s3.ap-southeast-2.amazonaws.com/ggomal/sound/d/%EB%A7%88%EC%B9%B4%EB%A1%B1.mp3','2024-05-08 08:00:53','2024-05-09 07:08:31',NULL),(12,'망원경','망ː원경',3,'ㅇ','ㅇ','https://ggomalggomal.s3.ap-southeast-2.amazonaws.com/ggomal/word/ed/ed+(12).png','https://ggomalggomal.s3.ap-southeast-2.amazonaws.com/ggomal/sound/d/%EB%A7%9D%EC%9B%90%EA%B2%BD.mp3','2024-05-08 08:00:53','2024-05-09 07:08:31',NULL),(13,'무궁화','무궁화',3,'ㅁ','ㅇ','https://ggomalggomal.s3.ap-southeast-2.amazonaws.com/ggomal/word/ed/ed+(13).png','https://ggomalggomal.s3.ap-southeast-2.amazonaws.com/ggomal/sound/d/%EB%AC%B4%EA%B6%81%ED%99%94.mp3','2024-05-08 08:00:53','2024-05-09 07:08:31',NULL),(14,'무당벌레','무ː당벌레',4,'ㅁ','ㅇ','https://ggomalggomal.s3.ap-southeast-2.amazonaws.com/ggomal/word/ed/ed+(14).png','https://ggomalggomal.s3.ap-southeast-2.amazonaws.com/ggomal/sound/d/%EB%AC%B4%EB%8B%B9%EB%B2%8C%EB%A0%88.mp3','2024-05-08 08:00:53','2024-05-09 07:08:31',NULL),(15,'방귀','방ː귀',2,'ㅂ','ㅇ','https://ggomalggomal.s3.ap-southeast-2.amazonaws.com/ggomal/word/ed/ed+(15).png','https://ggomalggomal.s3.ap-southeast-2.amazonaws.com/ggomal/sound/d/%EB%B0%A9%EA%B7%80.mp3','2024-05-08 08:00:53','2024-05-09 07:08:31',NULL),(16,'병아리','병아리',3,'ㅇ','ㅇ','https://ggomalggomal.s3.ap-southeast-2.amazonaws.com/ggomal/word/ed/ed+(16).png','https://ggomalggomal.s3.ap-southeast-2.amazonaws.com/ggomal/sound/d/%EB%B3%91%EC%95%84%EB%A6%AC.mp3','2024-05-08 08:00:53','2024-05-09 07:08:31',NULL),(17,'병원','병ː원',2,'ㅇ','ㅇ','https://ggomalggomal.s3.ap-southeast-2.amazonaws.com/ggomal/word/ed/ed+(17).png','https://ggomalggomal.s3.ap-southeast-2.amazonaws.com/ggomal/sound/d/%EB%B3%91%EC%9B%90.mp3','2024-05-08 08:00:53','2024-05-09 07:08:31',NULL),(18,'볼링','볼링',2,'ㅂ','ㅇ','https://ggomalggomal.s3.ap-southeast-2.amazonaws.com/ggomal/word/ed/ed+(18).png','https://ggomalggomal.s3.ap-southeast-2.amazonaws.com/ggomal/sound/d/%EB%B3%BC%EB%A7%81.mp3','2024-05-08 08:00:53','2024-05-09 07:08:31',NULL),(19,'붕어빵','붕ː어빵',3,'ㅃ','ㅇ','https://ggomalggomal.s3.ap-southeast-2.amazonaws.com/ggomal/word/ed/ed+(19).png','https://ggomalggomal.s3.ap-southeast-2.amazonaws.com/ggomal/sound/d/%EB%B6%95%EC%96%B4%EB%B9%B5.mp3','2024-05-08 08:00:53','2024-05-09 07:08:31',NULL),(20,'비눗방울','비누빵울/비눋빵울',4,'ㅇ','ㅇ','https://ggomalggomal.s3.ap-southeast-2.amazonaws.com/ggomal/word/ed/ed+(20).png','https://ggomalggomal.s3.ap-southeast-2.amazonaws.com/ggomal/sound/d/%EB%B9%84%EB%88%97%EB%B0%A9%EC%9A%B8.mp3','2024-05-08 08:00:53','2024-05-09 07:08:31',NULL),(21,'비상구','비ː상구',3,'ㅂ','ㅇ','https://ggomalggomal.s3.ap-southeast-2.amazonaws.com/ggomal/word/ed/ed+(21).png','https://ggomalggomal.s3.ap-southeast-2.amazonaws.com/ggomal/sound/d/%EB%B9%84%EC%83%81%EA%B5%AC.mp3','2024-05-08 08:00:53','2024-05-09 07:08:31',NULL),(22,'비행기','비행기',3,'ㅂ','ㅇ','https://ggomalggomal.s3.ap-southeast-2.amazonaws.com/ggomal/word/ed/ed+(22).png','https://ggomalggomal.s3.ap-southeast-2.amazonaws.com/ggomal/sound/d/%EB%B9%84%ED%96%89%EA%B8%B0.mp3','2024-05-08 08:00:53','2024-05-09 07:08:31',NULL),(23,'색종이','색쫑이',3,'ㅇ','ㅇ','https://ggomalggomal.s3.ap-southeast-2.amazonaws.com/ggomal/word/ed/ed+(23).png','https://ggomalggomal.s3.ap-southeast-2.amazonaws.com/ggomal/sound/d/%EC%83%89%EC%A2%85%EC%9D%B4.mp3','2024-05-08 08:00:53','2024-05-09 07:08:32',NULL),(24,'선인장','서닌장',3,'ㅅ','ㅇ','https://ggomalggomal.s3.ap-southeast-2.amazonaws.com/ggomal/word/ed/ed+(24).png','https://ggomalggomal.s3.ap-southeast-2.amazonaws.com/ggomal/sound/d/%EC%84%A0%EC%9D%B8%EC%9E%A5.mp3','2024-05-08 08:00:53','2024-05-09 07:08:32',NULL),(25,'선풍기','선풍기',3,'ㅍ','ㅇ','https://ggomalggomal.s3.ap-southeast-2.amazonaws.com/ggomal/word/ed/ed+(25).png','https://ggomalggomal.s3.ap-southeast-2.amazonaws.com/ggomal/sound/d/%EC%84%A0%ED%92%8D%EA%B8%B0.mp3','2024-05-08 08:00:53','2024-05-09 07:08:32',NULL),(26,'소방차','소방차',3,'ㅅ','ㅇ','https://ggomalggomal.s3.ap-southeast-2.amazonaws.com/ggomal/word/ed/ed+(26).png','https://ggomalggomal.s3.ap-southeast-2.amazonaws.com/ggomal/sound/d/%EC%86%8C%EB%B0%A9%EC%B0%A8.mp3','2024-05-08 08:00:53','2024-05-09 07:08:32',NULL),(27,'송편','송편',2,'ㅍ','ㅇ','https://ggomalggomal.s3.ap-southeast-2.amazonaws.com/ggomal/word/ed/ed+(27).png','https://ggomalggomal.s3.ap-southeast-2.amazonaws.com/ggomal/sound/d/%EC%86%A1%ED%8E%B8.mp3','2024-05-08 08:00:53','2024-05-09 07:08:32',NULL),(28,'쓰레기통','쓰레기통',4,'ㅌ','ㅇ','https://ggomalggomal.s3.ap-southeast-2.amazonaws.com/ggomal/word/ed/ed+(28).png','https://ggomalggomal.s3.ap-southeast-2.amazonaws.com/ggomal/sound/d/%EC%93%B0%EB%A0%88%EA%B8%B0%ED%86%B5.mp3','2024-05-08 08:00:53','2024-05-09 07:08:32',NULL),(30,'앵무새','앵무새',3,'ㅇ','ㅇ','https://ggomalggomal.s3.ap-southeast-2.amazonaws.com/ggomal/word/ed/ed+(30).png','https://ggomalggomal.s3.ap-southeast-2.amazonaws.com/ggomal/sound/d/%EC%95%B5%EB%AC%B4%EC%83%88.mp3','2024-05-08 08:00:54','2024-05-09 07:08:32',NULL),(31,'야구공','야ː구공',3,'ㅇ','ㅇ','https://ggomalggomal.s3.ap-southeast-2.amazonaws.com/ggomal/word/ed/ed+(31).png','https://ggomalggomal.s3.ap-southeast-2.amazonaws.com/ggomal/sound/d/%EC%95%BC%EA%B5%AC%EA%B3%B5.mp3','2024-05-08 08:00:54','2024-05-09 07:08:32',NULL),(32,'양말','양말',2,'ㅁ','ㅇ','https://ggomalggomal.s3.ap-southeast-2.amazonaws.com/ggomal/word/ed/ed+(32).png','https://ggomalggomal.s3.ap-southeast-2.amazonaws.com/ggomal/sound/a/%EC%96%91%EB%A7%90.mp3','2024-05-08 08:00:54','2024-05-09 07:06:46',NULL),(33,'양치','양치',2,'ㅊ','ㅇ','https://ggomalggomal.s3.ap-southeast-2.amazonaws.com/ggomal/word/ed/ed+(33).png','https://ggomalggomal.s3.ap-southeast-2.amazonaws.com/ggomal/sound/d/%EC%96%91%EC%B9%98.mp3','2024-05-08 08:00:54','2024-05-09 07:08:32',NULL),(34,'양파','양파',2,'ㅇ','ㅇ','https://ggomalggomal.s3.ap-southeast-2.amazonaws.com/ggomal/word/ed/ed+(34).png','https://ggomalggomal.s3.ap-southeast-2.amazonaws.com/ggomal/sound/d/%EC%96%91%ED%8C%8C.mp3','2024-05-08 08:00:54','2024-05-09 07:08:32',NULL),(35,'어항','어항',2,'ㅇ','ㅇ','https://ggomalggomal.s3.ap-southeast-2.amazonaws.com/ggomal/word/ed/ed+(35).png','https://ggomalggomal.s3.ap-southeast-2.amazonaws.com/ggomal/sound/d/%EC%96%B4%ED%95%AD.mp3','2024-05-08 08:00:54','2024-05-09 07:08:32',NULL),(36,'오징어','오징어',3,'ㅈ','ㅇ','https://ggomalggomal.s3.ap-southeast-2.amazonaws.com/ggomal/word/ed/ed+(36).png','https://ggomalggomal.s3.ap-southeast-2.amazonaws.com/ggomal/sound/d/%EC%98%A4%EC%A7%95%EC%96%B4.mp3','2024-05-08 08:00:54','2024-05-09 07:08:32',NULL),(37,'완두콩','완두콩',3,'ㅋ','ㅇ','https://ggomalggomal.s3.ap-southeast-2.amazonaws.com/ggomal/word/ed/ed+(37).png','https://ggomalggomal.s3.ap-southeast-2.amazonaws.com/ggomal/sound/d/%EC%99%84%EB%91%90%EC%BD%A9.mp3','2024-05-08 08:00:54','2024-05-09 07:08:32',NULL),(38,'왕관','왕관',2,'ㅇ','ㅇ','https://ggomalggomal.s3.ap-southeast-2.amazonaws.com/ggomal/word/ed/ed+(38).png','https://ggomalggomal.s3.ap-southeast-2.amazonaws.com/ggomal/sound/d/%EC%99%95%EA%B4%80.mp3','2024-05-08 08:00:54','2024-05-09 07:08:32',NULL),(39,'운동화','운ː동화',3,'ㄷ','ㅇ','https://ggomalggomal.s3.ap-southeast-2.amazonaws.com/ggomal/word/ed/ed+(39).png','https://ggomalggomal.s3.ap-southeast-2.amazonaws.com/ggomal/sound/d/%EC%9A%B4%EB%8F%99%ED%99%94.mp3','2024-05-08 08:00:54','2024-05-09 07:08:32',NULL),(40,'유령','유령',2,'ㄹ','ㅇ','https://ggomalggomal.s3.ap-southeast-2.amazonaws.com/ggomal/word/ed/ed+(40).png','https://ggomalggomal.s3.ap-southeast-2.amazonaws.com/ggomal/sound/d/%EC%9C%A0%EB%A0%B9.mp3','2024-05-08 08:00:54','2024-05-09 07:08:32',NULL),(41,'자동차','자동차',3,'ㅊ','ㅇ','https://ggomalggomal.s3.ap-southeast-2.amazonaws.com/ggomal/word/ed/ed+(41).png','https://ggomalggomal.s3.ap-southeast-2.amazonaws.com/ggomal/sound/d/%EC%9E%90%EB%8F%99%EC%B0%A8.mp3','2024-05-08 08:00:54','2024-05-09 07:08:32',NULL),(42,'장갑','장ː갑',2,'ㅈ','ㅇ','https://ggomalggomal.s3.ap-southeast-2.amazonaws.com/ggomal/word/ed/ed+(42).png','https://ggomalggomal.s3.ap-southeast-2.amazonaws.com/ggomal/sound/d/%EC%9E%A5%EA%B0%91.mp3','2024-05-08 08:00:54','2024-05-09 07:08:32',NULL),(43,'장구','장구',2,'ㅈ','ㅇ','https://ggomalggomal.s3.ap-southeast-2.amazonaws.com/ggomal/word/ed/ed+(43).png','https://ggomalggomal.s3.ap-southeast-2.amazonaws.com/ggomal/sound/d/%EC%9E%A5%EA%B5%AC.mp3','2024-05-08 08:00:54','2024-05-09 07:08:32',NULL),(44,'장독대','장ː똑때',3,'ㅈ','ㅇ','https://ggomalggomal.s3.ap-southeast-2.amazonaws.com/ggomal/word/ed/ed+(44).png','https://ggomalggomal.s3.ap-southeast-2.amazonaws.com/ggomal/sound/d/%EC%9E%A5%EB%8F%85%EB%8C%80.mp3','2024-05-08 08:00:54','2024-05-09 07:08:32',NULL),(45,'장미','장미',2,'ㅈ','ㅇ','https://ggomalggomal.s3.ap-southeast-2.amazonaws.com/ggomal/word/ed/ed+(45).png','https://ggomalggomal.s3.ap-southeast-2.amazonaws.com/ggomal/sound/d/%EC%9E%A5%EB%AF%B8.mp3','2024-05-08 08:00:54','2024-05-09 07:08:32',NULL),(46,'장화','장화',2,'ㅈ','ㅇ','https://ggomalggomal.s3.ap-southeast-2.amazonaws.com/ggomal/word/ed/ed+(46).png','https://ggomalggomal.s3.ap-southeast-2.amazonaws.com/ggomal/sound/d/%EC%9E%A5%ED%99%94.mp3','2024-05-08 08:00:54','2024-05-09 07:08:32',NULL),(47,'저금통','저ː금통',3,'ㅌ','ㅇ','https://ggomalggomal.s3.ap-southeast-2.amazonaws.com/ggomal/word/ed/ed+(47).png','https://ggomalggomal.s3.ap-southeast-2.amazonaws.com/ggomal/sound/d/%EC%A0%80%EA%B8%88%ED%86%B5.mp3','2024-05-08 08:00:54','2024-05-09 07:08:32',NULL),(48,'정수기','정수기',3,'ㅈ','ㅇ','https://ggomalggomal.s3.ap-southeast-2.amazonaws.com/ggomal/word/ed/ed+(48).png','https://ggomalggomal.s3.ap-southeast-2.amazonaws.com/ggomal/sound/d/%EC%A0%95%EC%88%98%EA%B8%B0.mp3','2024-05-08 08:00:54','2024-05-09 07:08:32',NULL),(49,'종','종',1,'ㅈ','ㅇ','https://ggomalggomal.s3.ap-southeast-2.amazonaws.com/ggomal/word/ed/ed+(49).png','https://ggomalggomal.s3.ap-southeast-2.amazonaws.com/ggomal/sound/d/%EC%A2%85.mp3','2024-05-08 08:00:54','2024-05-09 07:08:32',NULL),(50,'지렁이','지ː렁이',3,'ㄹ','ㅇ','https://ggomalggomal.s3.ap-southeast-2.amazonaws.com/ggomal/word/ed/ed+(50).png','https://ggomalggomal.s3.ap-southeast-2.amazonaws.com/ggomal/sound/d/%EC%A7%80%EB%A0%81%EC%9D%B4.mp3','2024-05-08 08:00:54','2024-05-09 07:08:32',NULL),(51,'청소기','청소기',3,'ㅅ','ㅇ','https://ggomalggomal.s3.ap-southeast-2.amazonaws.com/ggomal/word/ed/ed+(51).png','https://ggomalggomal.s3.ap-southeast-2.amazonaws.com/ggomal/sound/d/%EC%B2%AD%EC%86%8C%EA%B8%B0.mp3','2024-05-08 08:00:54','2024-05-09 07:08:32',NULL),(52,'청진기','청진기',3,'ㅊ','ㅇ','https://ggomalggomal.s3.ap-southeast-2.amazonaws.com/ggomal/word/ed/ed+(52).png','https://ggomalggomal.s3.ap-southeast-2.amazonaws.com/ggomal/sound/c/%EC%B2%AD%EC%A7%84%EA%B8%B0.mp3','2024-05-08 08:00:54','2024-05-09 07:08:29',NULL),(53,'축구공','축꾸공',3,'ㅊ','ㅇ','https://ggomalggomal.s3.ap-southeast-2.amazonaws.com/ggomal/word/ed/ed+(53).png','https://ggomalggomal.s3.ap-southeast-2.amazonaws.com/ggomal/sound/c/%EC%B6%95%EA%B5%AC%EA%B3%B5.mp3','2024-05-08 08:00:54','2024-05-09 07:08:29',NULL),(54,'캥거루','캥거루',3,'ㅋ','ㅇ','https://ggomalggomal.s3.ap-southeast-2.amazonaws.com/ggomal/word/ed/ed+(54).png','https://ggomalggomal.s3.ap-southeast-2.amazonaws.com/ggomal/sound/d/%EC%BA%A5%EA%B1%B0%EB%A3%A8.mp3','2024-05-08 08:00:54','2024-05-09 07:08:32',NULL),(55,'탕후루','탕후루',3,'ㅌ','ㅇ','https://ggomalggomal.s3.ap-southeast-2.amazonaws.com/ggomal/word/ed/ed+(55).png','https://ggomalggomal.s3.ap-southeast-2.amazonaws.com/ggomal/sound/d/%ED%83%95%ED%9B%84%EB%A3%A8.mp3','2024-05-08 08:00:54','2024-05-09 07:08:32',NULL),(56,'팥빙수','팓삥수',3,'ㅍ','ㅇ','https://ggomalggomal.s3.ap-southeast-2.amazonaws.com/ggomal/word/ed/ed+(56).png','https://ggomalggomal.s3.ap-southeast-2.amazonaws.com/ggomal/sound/d/%ED%8C%A5%EB%B9%99%EC%88%98.mp3','2024-05-08 08:00:54','2024-05-09 07:08:32',NULL),(58,'펭귄','펭귄',2,'ㅍ','ㅇ','https://ggomalggomal.s3.ap-southeast-2.amazonaws.com/ggomal/word/ed/ed+(58).png','https://ggomalggomal.s3.ap-southeast-2.amazonaws.com/ggomal/sound/d/%ED%8E%AD%EA%B7%84.mp3','2024-05-08 08:00:54','2024-05-09 07:08:32',NULL),(59,'풍선','풍선',2,'ㅍ','ㅇ','https://ggomalggomal.s3.ap-southeast-2.amazonaws.com/ggomal/word/ed/ed+(59).png','https://ggomalggomal.s3.ap-southeast-2.amazonaws.com/ggomal/sound/d/%ED%92%8D%EC%84%A0.mp3','2024-05-08 08:00:54','2024-05-09 07:08:32',NULL),(60,'호랑이','호ː랑이',3,'ㄹ','ㅇ','https://ggomalggomal.s3.ap-southeast-2.amazonaws.com/ggomal/word/ed/ed+(60).png','https://ggomalggomal.s3.ap-southeast-2.amazonaws.com/ggomal/sound/d/%ED%98%B8%EB%9E%91%EC%9D%B4.mp3','2024-05-08 08:00:54','2024-05-09 07:08:32',NULL),(61,'호빵','호빵',2,'ㅎ','ㅇ','https://ggomalggomal.s3.ap-southeast-2.amazonaws.com/ggomal/word/ed/ed+(61).png','https://ggomalggomal.s3.ap-southeast-2.amazonaws.com/ggomal/sound/d/%ED%98%B8%EB%B9%B5.mp3','2024-05-08 08:00:54','2024-05-09 07:08:32',NULL),(62,'개미','개:미',2,'ㅁ',NULL,'https://ggomalggomal.s3.ap-southeast-2.amazonaws.com/ggomal/word/a/a+(1).png','https://ggomalggomal.s3.ap-southeast-2.amazonaws.com/ggomal/sound/a/%EA%B0%9C%EB%AF%B8.mp3','2024-05-08 08:00:58','2024-05-09 07:06:46',NULL),(63,'나무','나무',2,'ㅁ',NULL,'https://ggomalggomal.s3.ap-southeast-2.amazonaws.com/ggomal/word/a/a+(2).png','https://ggomalggomal.s3.ap-southeast-2.amazonaws.com/ggomal/sound/a/%EB%82%98%EB%AC%B4.mp3','2024-05-08 08:00:58','2024-05-09 07:06:46',NULL),(64,'레몬','레몬',2,'ㅁ','ㄴ','https://ggomalggomal.s3.ap-southeast-2.amazonaws.com/ggomal/word/a/a+(3).png','https://ggomalggomal.s3.ap-southeast-2.amazonaws.com/ggomal/sound/a/%EB%A0%88%EB%AA%AC.mp3','2024-05-08 08:00:58','2024-05-09 07:06:46',NULL),(65,'마늘','마늘',2,'ㅁ','ㄹ','https://ggomalggomal.s3.ap-southeast-2.amazonaws.com/ggomal/word/a/a+(4).png','https://ggomalggomal.s3.ap-southeast-2.amazonaws.com/ggomal/sound/a/%EB%A7%88%EB%8A%98.mp3','2024-05-08 08:00:58','2024-05-09 07:06:46',NULL),(66,'마스크','마스크',3,'ㅁ',NULL,'https://ggomalggomal.s3.ap-southeast-2.amazonaws.com/ggomal/word/a/a+(5).png','https://ggomalggomal.s3.ap-southeast-2.amazonaws.com/ggomal/sound/a/%EB%A7%88%EC%8A%A4%ED%81%AC.mp3','2024-05-08 08:00:58','2024-05-09 07:06:46',NULL),(67,'마우스','마우스',3,'ㅁ',NULL,'https://ggomalggomal.s3.ap-southeast-2.amazonaws.com/ggomal/word/a/a+(6).png','https://ggomalggomal.s3.ap-southeast-2.amazonaws.com/ggomal/sound/a/%EB%A7%88%EC%9A%B0%EC%8A%A4.mp3','2024-05-08 08:00:58','2024-05-09 07:06:46',NULL),(68,'마이크','마이크',3,'ㅁ',NULL,'https://ggomalggomal.s3.ap-southeast-2.amazonaws.com/ggomal/word/a/a+(7).png','https://ggomalggomal.s3.ap-southeast-2.amazonaws.com/ggomal/sound/a/%EB%A7%88%EC%9D%B4%ED%81%AC.mp3','2024-05-08 08:00:58','2024-05-09 07:06:46',NULL),(69,'만두','만두',2,'ㅁ','ㄴ','https://ggomalggomal.s3.ap-southeast-2.amazonaws.com/ggomal/word/a/a+(8).png','https://ggomalggomal.s3.ap-southeast-2.amazonaws.com/ggomal/sound/a/%EB%A7%8C%EB%91%90.mp3','2024-05-08 08:00:58','2024-05-09 07:06:46',NULL),(70,'말','말:',1,'ㅁ','ㄹ','https://ggomalggomal.s3.ap-southeast-2.amazonaws.com/ggomal/word/a/a+(9).png','https://ggomalggomal.s3.ap-southeast-2.amazonaws.com/ggomal/sound/a/%EB%A7%90.mp3','2024-05-08 08:00:58','2024-05-09 07:06:46',NULL),(71,'망고','망고',2,'ㅁ','ㅇ','https://ggomalggomal.s3.ap-southeast-2.amazonaws.com/ggomal/word/a/a+(10).png','https://ggomalggomal.s3.ap-southeast-2.amazonaws.com/ggomal/sound/a/%EB%A7%9D%EA%B3%A0.mp3','2024-05-08 08:00:58','2024-05-09 07:06:46',NULL),(72,'망치','망치',2,'ㅁ','ㅇ','https://ggomalggomal.s3.ap-southeast-2.amazonaws.com/ggomal/word/a/a+(11).png','https://ggomalggomal.s3.ap-southeast-2.amazonaws.com/ggomal/sound/a/%EB%A7%9D%EC%B9%98.mp3','2024-05-08 08:00:58','2024-05-09 07:06:46',NULL),(73,'매니큐어','매니큐어',4,'ㅁ',NULL,'https://ggomalggomal.s3.ap-southeast-2.amazonaws.com/ggomal/word/a/a+(12).png','https://ggomalggomal.s3.ap-southeast-2.amazonaws.com/ggomal/sound/a/%EB%A7%A4%EB%8B%88%ED%81%90%EC%96%B4.mp3','2024-05-08 08:00:58','2024-05-09 07:06:46',NULL),(74,'매미','매미',2,'ㅁ',NULL,'https://ggomalggomal.s3.ap-southeast-2.amazonaws.com/ggomal/word/a/a+(13).png','https://ggomalggomal.s3.ap-southeast-2.amazonaws.com/ggomal/sound/a/%EB%A7%A4%EB%AF%B8.mp3','2024-05-08 08:00:58','2024-05-09 07:06:46',NULL),(75,'멜론','멜론',2,'ㅁ','ㄹ','https://ggomalggomal.s3.ap-southeast-2.amazonaws.com/ggomal/word/a/a+(14).png','https://ggomalggomal.s3.ap-southeast-2.amazonaws.com/ggomal/sound/a/%EB%A9%9C%EB%A1%A0.mp3','2024-05-08 08:00:58','2024-05-09 07:06:46',NULL),(76,'모기','모기',2,'ㅁ',NULL,'https://ggomalggomal.s3.ap-southeast-2.amazonaws.com/ggomal/word/a/a+(15).png','https://ggomalggomal.s3.ap-southeast-2.amazonaws.com/ggomal/sound/a/%EB%AA%A8%EA%B8%B0.mp3','2024-05-08 08:00:58','2024-05-09 07:06:46',NULL),(77,'모자','모자',2,'ㅁ',NULL,'https://ggomalggomal.s3.ap-southeast-2.amazonaws.com/ggomal/word/a/a+(16).png','https://ggomalggomal.s3.ap-southeast-2.amazonaws.com/ggomal/sound/a/%EB%AA%A8%EC%9E%90.mp3','2024-05-08 08:00:58','2024-05-09 07:06:46',NULL),(78,'목도리','목또리',3,'ㅁ','ㄱ','https://ggomalggomal.s3.ap-southeast-2.amazonaws.com/ggomal/word/a/a+(17).png','https://ggomalggomal.s3.ap-southeast-2.amazonaws.com/ggomal/sound/a/%EB%AA%A9%EB%8F%84%EB%A6%AC.mp3','2024-05-08 08:00:58','2024-05-09 07:06:46',NULL),(79,'무','무:',1,'ㅁ',NULL,'https://ggomalggomal.s3.ap-southeast-2.amazonaws.com/ggomal/word/a/a+(18).png','https://ggomalggomal.s3.ap-southeast-2.amazonaws.com/ggomal/sound/a/%EB%AC%B4.mp3','2024-05-08 08:00:58','2024-05-09 07:06:46',NULL),(80,'무지개','무지개',3,'ㅁ',NULL,'https://ggomalggomal.s3.ap-southeast-2.amazonaws.com/ggomal/word/a/a+(19).png','https://ggomalggomal.s3.ap-southeast-2.amazonaws.com/ggomal/sound/a/%EB%AC%B4%EC%A7%80%EA%B0%9C.mp3','2024-05-08 08:00:58','2024-05-09 07:06:46',NULL),(81,'문','문:',1,'ㅁ','ㄴ','https://ggomalggomal.s3.ap-southeast-2.amazonaws.com/ggomal/word/a/a+(20).png','https://ggomalggomal.s3.ap-southeast-2.amazonaws.com/ggomal/sound/a/%EB%AC%B8.mp3','2024-05-08 08:00:58','2024-05-09 07:06:46',NULL),(82,'물감','물깜',2,'ㅁ','ㄹ','https://ggomalggomal.s3.ap-southeast-2.amazonaws.com/ggomal/word/a/a+(21).png','https://ggomalggomal.s3.ap-southeast-2.amazonaws.com/ggomal/sound/a/%EB%AC%BC%EA%B0%90.mp3','2024-05-08 08:00:58','2024-05-09 07:06:46',NULL),(83,'물티슈','물티슈',3,'ㅁ','ㄹ','https://ggomalggomal.s3.ap-southeast-2.amazonaws.com/ggomal/word/a/a+(22).png','https://ggomalggomal.s3.ap-southeast-2.amazonaws.com/ggomal/sound/a/%EB%AC%BC%ED%8B%B0%EC%8A%88.mp3','2024-05-08 08:00:58','2024-05-09 07:06:46',NULL),(84,'미역','미역',2,'ㅁ','ㄱ','https://ggomalggomal.s3.ap-southeast-2.amazonaws.com/ggomal/word/a/a+(23).png','https://ggomalggomal.s3.ap-southeast-2.amazonaws.com/ggomal/sound/a/%EB%AF%B8%EC%97%AD.mp3','2024-05-08 08:00:58','2024-05-09 07:06:46',NULL),(85,'세면대','세면대',3,'ㅁ','ㄴ','https://ggomalggomal.s3.ap-southeast-2.amazonaws.com/ggomal/word/a/a+(24).png','https://ggomalggomal.s3.ap-southeast-2.amazonaws.com/ggomal/sound/a/%EC%84%B8%EB%A9%B4%EB%8C%80.mp3','2024-05-08 08:00:58','2024-05-09 07:06:46',NULL),(86,'썰매','썰매',2,'ㅁ','ㄹ','https://ggomalggomal.s3.ap-southeast-2.amazonaws.com/ggomal/word/a/a+(25).png','https://ggomalggomal.s3.ap-southeast-2.amazonaws.com/ggomal/sound/a/%EC%8D%B0%EB%A7%A4.mp3','2024-05-08 08:00:58','2024-05-09 07:06:46',NULL),(87,'양말','양말',2,'ㅁ','ㄹ','https://ggomalggomal.s3.ap-southeast-2.amazonaws.com/ggomal/word/a/a+(26).png','https://ggomalggomal.s3.ap-southeast-2.amazonaws.com/ggomal/sound/a/%EC%96%91%EB%A7%90.mp3','2024-05-08 08:00:58','2024-05-09 07:06:46',NULL),(88,'코스모스','코쓰모쓰',4,'ㅁ',NULL,'https://ggomalggomal.s3.ap-southeast-2.amazonaws.com/ggomal/word/a/a+(27).png','https://ggomalggomal.s3.ap-southeast-2.amazonaws.com/ggomal/sound/a/%EC%BD%94%EC%8A%A4%EB%AA%A8%EC%8A%A4.mp3','2024-05-08 08:00:58','2024-05-09 07:06:47',NULL),(89,'할머니','할머니',3,'ㅁ','ㄹ','https://ggomalggomal.s3.ap-southeast-2.amazonaws.com/ggomal/word/a/a+(28).png','https://ggomalggomal.s3.ap-southeast-2.amazonaws.com/ggomal/sound/a/%ED%95%A0%EB%A8%B8%EB%8B%88.mp3','2024-05-08 08:00:58','2024-05-09 07:06:47',NULL),(90,'감','감',1,'ㄱ','ㅁ','https://ggomalggomal.s3.ap-southeast-2.amazonaws.com/ggomal/word/ea/ea+(1).png','https://ggomalggomal.s3.ap-southeast-2.amazonaws.com/ggomal/sound/a/%EA%B0%90.mp3','2024-05-08 08:00:58','2024-05-09 07:06:47',NULL),(91,'감자','감자',2,'ㄱ','ㅁ','https://ggomalggomal.s3.ap-southeast-2.amazonaws.com/ggomal/word/ea/ea+(2).png','https://ggomalggomal.s3.ap-southeast-2.amazonaws.com/ggomal/sound/a/%EA%B0%90%EC%9E%90.mp3','2024-05-08 08:00:58','2024-05-09 07:06:47',NULL),(92,'구름','구름',2,'ㄱ','ㅁ','https://ggomalggomal.s3.ap-southeast-2.amazonaws.com/ggomal/word/ea/ea+(3).png','https://ggomalggomal.s3.ap-southeast-2.amazonaws.com/ggomal/sound/a/%EA%B5%AC%EB%A6%84.mp3','2024-05-08 08:00:58','2024-05-09 07:06:47',NULL),(93,'김밥','김빱',2,'ㄱ','ㅁ','https://ggomalggomal.s3.ap-southeast-2.amazonaws.com/ggomal/word/ea/ea+(4).png','https://ggomalggomal.s3.ap-southeast-2.amazonaws.com/ggomal/sound/a/%EA%B9%80%EB%B0%A5.mp3','2024-05-08 08:00:58','2024-05-09 07:06:47',NULL),(94,'냄비','냄비',2,'ㄴ','ㅁ','https://ggomalggomal.s3.ap-southeast-2.amazonaws.com/ggomal/word/ea/ea+(5).png','https://ggomalggomal.s3.ap-southeast-2.amazonaws.com/ggomal/sound/a/%EB%83%84%EB%B9%84.mp3','2024-05-08 08:00:58','2024-05-09 07:06:47',NULL),(95,'눈사람','눈ː싸람',3,'ㄴ','ㅁ','https://ggomalggomal.s3.ap-southeast-2.amazonaws.com/ggomal/word/ea/ea+(6).png','https://ggomalggomal.s3.ap-southeast-2.amazonaws.com/ggomal/sound/a/%EB%88%88%EC%82%AC%EB%9E%8C.mp3','2024-05-08 08:00:58','2024-05-09 07:06:47',NULL),(96,'다람쥐','다람쥐',3,'ㄷ','ㅁ','https://ggomalggomal.s3.ap-southeast-2.amazonaws.com/ggomal/word/ea/ea+(7).png','https://ggomalggomal.s3.ap-southeast-2.amazonaws.com/ggomal/sound/a/%EB%8B%A4%EB%9E%8C%EC%A5%90.mp3','2024-05-08 08:00:58','2024-05-09 07:06:47',NULL),(97,'드럼','드럼',2,'ㄷ','ㅁ','https://ggomalggomal.s3.ap-southeast-2.amazonaws.com/ggomal/word/ea/ea+(8).png','https://ggomalggomal.s3.ap-southeast-2.amazonaws.com/ggomal/sound/a/%EB%93%9C%EB%9F%BC.mp3','2024-05-08 08:00:58','2024-05-09 07:06:47',NULL),(98,'물음표','무름표',3,'ㅁ','ㅁ','https://ggomalggomal.s3.ap-southeast-2.amazonaws.com/ggomal/word/ea/ea+(9).png','https://ggomalggomal.s3.ap-southeast-2.amazonaws.com/ggomal/sound/a/%EB%AC%BC%EC%9D%8C%ED%91%9C.mp3','2024-05-08 08:00:58','2024-05-09 07:06:47',NULL),(99,'밤','밤',1,'ㅂ','ㅁ','https://ggomalggomal.s3.ap-southeast-2.amazonaws.com/ggomal/word/ea/ea+(10).png','https://ggomalggomal.s3.ap-southeast-2.amazonaws.com/ggomal/sound/a/%EB%B0%A4.mp3','2024-05-08 08:00:58','2024-05-09 07:06:47',NULL),(100,'삼','삼',1,'ㅅ','ㅁ','https://ggomalggomal.s3.ap-southeast-2.amazonaws.com/ggomal/word/ea/ea+(11).png','https://ggomalggomal.s3.ap-southeast-2.amazonaws.com/ggomal/sound/a/%EC%82%BC.mp3','2024-05-08 08:00:58','2024-05-09 07:06:47',NULL),(101,'솜사탕','솜:사탕',3,'ㅅ','ㅁ','https://ggomalggomal.s3.ap-southeast-2.amazonaws.com/ggomal/word/ea/ea+(12).png','https://ggomalggomal.s3.ap-southeast-2.amazonaws.com/ggomal/sound/a/%EC%86%9C%EC%82%AC%ED%83%95.mp3','2024-05-08 08:00:58','2024-05-09 07:06:47',NULL),(102,'아이스크림','아이스크림',5,'ㅋ','ㅁ','https://ggomalggomal.s3.ap-southeast-2.amazonaws.com/ggomal/word/ea/ea+(13).png','https://ggomalggomal.s3.ap-southeast-2.amazonaws.com/ggomal/sound/a/%EC%95%84%EC%9D%B4%EC%8A%A4%ED%81%AC%EB%A6%BC.mp3','2024-05-08 08:00:58','2024-05-09 07:06:47',NULL),(103,'잠자리','잠자리',3,'ㅈ','ㅁ','https://ggomalggomal.s3.ap-southeast-2.amazonaws.com/ggomal/word/ea/ea+(14).png','https://ggomalggomal.s3.ap-southeast-2.amazonaws.com/ggomal/sound/a/%EC%9E%A0%EC%9E%90%EB%A6%AC.mp3','2024-05-08 08:00:58','2024-05-09 07:06:47',NULL),(104,'줄넘기','줄럼끼',3,'ㅈ','ㅁ','https://ggomalggomal.s3.ap-southeast-2.amazonaws.com/ggomal/word/ea/ea+(15).png','https://ggomalggomal.s3.ap-southeast-2.amazonaws.com/ggomal/sound/a/%EC%A4%84%EB%84%98%EA%B8%B0.mp3','2024-05-08 08:00:58','2024-05-09 07:06:47',NULL),(105,'참새','참새',2,'ㅊ','ㅁ','https://ggomalggomal.s3.ap-southeast-2.amazonaws.com/ggomal/word/ea/ea+(16).png','https://ggomalggomal.s3.ap-southeast-2.amazonaws.com/ggomal/sound/a/%EC%B0%B8%EC%83%88.mp3','2024-05-08 08:00:58','2024-05-09 07:06:47',NULL),(106,'춤','춤',1,'ㅊ','ㅁ','https://ggomalggomal.s3.ap-southeast-2.amazonaws.com/ggomal/word/ea/ea+(17).png','https://ggomalggomal.s3.ap-southeast-2.amazonaws.com/ggomal/sound/a/%EC%B6%A4.mp3','2024-05-08 08:00:58','2024-05-09 07:06:47',NULL),(107,'침대','침대',2,'ㅊ','ㅁ','https://ggomalggomal.s3.ap-southeast-2.amazonaws.com/ggomal/word/ea/ea+(18).png','https://ggomalggomal.s3.ap-southeast-2.amazonaws.com/ggomal/sound/a/%EC%B9%A8%EB%8C%80.mp3','2024-05-08 08:00:58','2024-05-09 07:06:47',NULL),(108,'탬버린','탬버린',3,'ㅌ','ㅁ','https://ggomalggomal.s3.ap-southeast-2.amazonaws.com/ggomal/word/ea/ea+(19).png','https://ggomalggomal.s3.ap-southeast-2.amazonaws.com/ggomal/sound/a/%ED%83%AC%EB%B2%84%EB%A6%B0.mp3','2024-05-08 08:00:58','2024-05-09 07:06:47',NULL),(109,'햄버거','햄버거',3,'ㅎ','ㅁ','https://ggomalggomal.s3.ap-southeast-2.amazonaws.com/ggomal/word/ea/ea+(20).png','https://ggomalggomal.s3.ap-southeast-2.amazonaws.com/ggomal/sound/a/%ED%96%84%EB%B2%84%EA%B1%B0.mp3','2024-05-08 08:00:58','2024-05-09 07:06:47',NULL),(110,'햄스터','햄스터',3,'ㅎ','ㅁ','https://ggomalggomal.s3.ap-southeast-2.amazonaws.com/ggomal/word/ea/ea+(21).png','https://ggomalggomal.s3.ap-southeast-2.amazonaws.com/ggomal/sound/a/%ED%96%84%EC%8A%A4%ED%84%B0.mp3','2024-05-08 08:00:58','2024-05-09 07:06:47',NULL),(111,'가로등','가로등',3,'ㄷ','ㅇ','https://ggomalggomal.s3.ap-southeast-2.amazonaws.com/ggomal/word/e/e+(1).png','https://ggomalggomal.s3.ap-southeast-2.amazonaws.com/ggomal/sound/d/%EA%B0%80%EB%A1%9C%EB%93%B1.mp3','2024-05-08 08:01:02','2024-05-09 07:08:31',NULL),(112,'계단','게ː단',2,'ㄷ','ㄴ','https://ggomalggomal.s3.ap-southeast-2.amazonaws.com/ggomal/word/e/e+(2).png','https://ggomalggomal.s3.ap-southeast-2.amazonaws.com/ggomal/sound/eEx/%EA%B3%84%EB%8B%A8.mp3','2024-05-08 08:01:02','2024-05-09 07:08:34',NULL),(113,'고슴도치','고슴도치',4,'ㄷ','ㅁ','https://ggomalggomal.s3.ap-southeast-2.amazonaws.com/ggomal/word/e/e+(3).png','https://ggomalggomal.s3.ap-southeast-2.amazonaws.com/ggomal/sound/c/%EA%B3%A0%EC%8A%B4%EB%8F%84%EC%B9%98.mp3','2024-05-08 08:01:02','2024-05-09 07:08:28',NULL),(114,'낙타','낙타',2,'ㄴ','ㄱ','https://ggomalggomal.s3.ap-southeast-2.amazonaws.com/ggomal/word/e/e+(4).png','https://ggomalggomal.s3.ap-southeast-2.amazonaws.com/ggomal/sound/eEx/%EB%82%99%ED%83%80.mp3','2024-05-08 08:01:02','2024-05-09 07:08:34',NULL),(115,'다람쥐','다람쥐',3,'ㄷ','ㅁ','https://ggomalggomal.s3.ap-southeast-2.amazonaws.com/ggomal/word/e/e+(5).png','https://ggomalggomal.s3.ap-southeast-2.amazonaws.com/ggomal/sound/a/%EB%8B%A4%EB%9E%8C%EC%A5%90.mp3','2024-05-08 08:01:02','2024-05-09 07:06:47',NULL),(116,'다리미','다리미',3,'ㄷ',NULL,'https://ggomalggomal.s3.ap-southeast-2.amazonaws.com/ggomal/word/e/e+(6).png','https://ggomalggomal.s3.ap-southeast-2.amazonaws.com/ggomal/sound/eEx/%EB%8B%A4%EB%A6%AC%EB%AF%B8.mp3','2024-05-08 08:01:02','2024-05-09 07:08:34',NULL),(117,'단풍잎','단풍닙',3,'ㄷ','ㅂ','https://ggomalggomal.s3.ap-southeast-2.amazonaws.com/ggomal/word/e/e+(7).png','https://ggomalggomal.s3.ap-southeast-2.amazonaws.com/ggomal/sound/eEx/%EB%8B%A8%ED%92%8D%EC%9E%8E.mp3','2024-05-08 08:01:02','2024-05-09 07:08:34',NULL),(118,'달','달',1,'ㄷ','ㄹ','https://ggomalggomal.s3.ap-southeast-2.amazonaws.com/ggomal/word/e/e+(8).png','https://ggomalggomal.s3.ap-southeast-2.amazonaws.com/ggomal/sound/eEx/%EB%8B%AC.mp3','2024-05-08 08:01:02','2024-05-09 07:08:34',NULL),(119,'당근','당근',2,'ㄷ','ㅇ','https://ggomalggomal.s3.ap-southeast-2.amazonaws.com/ggomal/word/e/e+(9).png','https://ggomalggomal.s3.ap-southeast-2.amazonaws.com/ggomal/sound/eEx/%EB%8B%B9%EA%B7%BC.mp3','2024-05-08 08:01:02','2024-05-09 07:08:34',NULL),(120,'도끼','도ː끼',2,'ㄷ',NULL,'https://ggomalggomal.s3.ap-southeast-2.amazonaws.com/ggomal/word/e/e+(10).png','https://ggomalggomal.s3.ap-southeast-2.amazonaws.com/ggomal/sound/eEx/%EB%8F%84%EB%81%BC.mp3','2024-05-08 08:01:02','2024-05-09 07:08:34',NULL),(121,'도넛','도넏',2,'ㄷ','ㄷ','https://ggomalggomal.s3.ap-southeast-2.amazonaws.com/ggomal/word/e/e+(11).png','https://ggomalggomal.s3.ap-southeast-2.amazonaws.com/ggomal/sound/eEx/%EB%8F%84%EB%84%9B.mp3','2024-05-08 08:01:02','2024-05-09 07:08:34',NULL),(122,'도로','도로',2,'ㄷ',NULL,'https://ggomalggomal.s3.ap-southeast-2.amazonaws.com/ggomal/word/e/e+(12).png','https://ggomalggomal.s3.ap-southeast-2.amazonaws.com/ggomal/sound/eEx/%EB%8F%84%EB%A1%9C.mp3','2024-05-08 08:01:02','2024-05-09 07:08:34',NULL),(123,'도토리','도토리',3,'ㄷ',NULL,'https://ggomalggomal.s3.ap-southeast-2.amazonaws.com/ggomal/word/e/e+(13).png','https://ggomalggomal.s3.ap-southeast-2.amazonaws.com/ggomal/sound/eEx/%EB%8F%84%ED%86%A0%EB%A6%AC.mp3','2024-05-08 08:01:02','2024-05-09 07:08:34',NULL),(124,'돈','돈ː',1,'ㄷ','ㄴ','https://ggomalggomal.s3.ap-southeast-2.amazonaws.com/ggomal/word/e/e+(14).png','https://ggomalggomal.s3.ap-southeast-2.amazonaws.com/ggomal/sound/eEx/%EB%8F%88.mp3','2024-05-08 08:01:02','2024-05-09 07:08:34',NULL),(125,'동굴','동ː굴',2,'ㄷ','ㄹ','https://ggomalggomal.s3.ap-southeast-2.amazonaws.com/ggomal/word/e/e+(15).png','https://ggomalggomal.s3.ap-southeast-2.amazonaws.com/ggomal/sound/eEx/%EB%8F%99%EA%B5%B4.mp3','2024-05-08 08:01:02','2024-05-09 07:08:34',NULL),(126,'돼지','돼ː지',2,'ㄷ',NULL,'https://ggomalggomal.s3.ap-southeast-2.amazonaws.com/ggomal/word/e/e+(16).png','https://ggomalggomal.s3.ap-southeast-2.amazonaws.com/ggomal/sound/eEx/%EB%8F%BC%EC%A7%80.mp3','2024-05-08 08:01:02','2024-05-09 07:08:34',NULL),(127,'뒤집개','뒤집깨',3,'ㄷ','ㅂ','https://ggomalggomal.s3.ap-southeast-2.amazonaws.com/ggomal/word/e/e+(17).png','https://ggomalggomal.s3.ap-southeast-2.amazonaws.com/ggomal/sound/eEx/%EB%92%A4%EC%A7%91%EA%B0%9C.mp3','2024-05-08 08:01:02','2024-05-09 07:08:34',NULL),(128,'드라이기','드라이기',4,'ㄷ',NULL,'https://ggomalggomal.s3.ap-southeast-2.amazonaws.com/ggomal/word/e/e+(18).png','https://ggomalggomal.s3.ap-southeast-2.amazonaws.com/ggomal/sound/eEx/%EB%93%9C%EB%9D%BC%EC%9D%B4%EA%B8%B0.mp3','2024-05-08 08:01:02','2024-05-09 07:08:34',NULL),(129,'드라큘라','드라큘라',4,'ㄷ','ㄹ','https://ggomalggomal.s3.ap-southeast-2.amazonaws.com/ggomal/word/e/e+(19).png','https://ggomalggomal.s3.ap-southeast-2.amazonaws.com/ggomal/sound/eEx/%EB%93%9C%EB%9D%BC%ED%81%98%EB%9D%BC.mp3','2024-05-08 08:01:02','2024-05-09 07:08:34',NULL),(130,'루돌프','루돌프',3,'ㄹ','ㄹ','https://ggomalggomal.s3.ap-southeast-2.amazonaws.com/ggomal/word/e/e+(20).png','https://ggomalggomal.s3.ap-southeast-2.amazonaws.com/ggomal/sound/eEx/%EB%A3%A8%EB%8F%8C%ED%94%84.mp3','2024-05-08 08:01:02','2024-05-09 07:08:34',NULL),(131,'무당벌레','무ː당벌레',4,'ㅁ','ㄹ','https://ggomalggomal.s3.ap-southeast-2.amazonaws.com/ggomal/word/e/e+(21).png','https://ggomalggomal.s3.ap-southeast-2.amazonaws.com/ggomal/sound/d/%EB%AC%B4%EB%8B%B9%EB%B2%8C%EB%A0%88.mp3','2024-05-08 08:01:02','2024-05-09 07:08:31',NULL),(132,'밴드','밴드',2,'ㅂ','ㄴ','https://ggomalggomal.s3.ap-southeast-2.amazonaws.com/ggomal/word/e/e+(22).png','https://ggomalggomal.s3.ap-southeast-2.amazonaws.com/ggomal/sound/eEx/%EB%B0%B4%EB%93%9C.mp3','2024-05-08 08:01:02','2024-05-09 07:08:34',NULL),(133,'비둘기','비둘기',3,'ㅂ','ㄹ','https://ggomalggomal.s3.ap-southeast-2.amazonaws.com/ggomal/word/e/e+(23).png','https://ggomalggomal.s3.ap-southeast-2.amazonaws.com/ggomal/sound/eEx/%EB%B9%84%EB%91%98%EA%B8%B0.mp3','2024-05-08 08:01:02','2024-05-09 07:08:35',NULL),(134,'사다리','사다리',3,'ㅅ',NULL,'https://ggomalggomal.s3.ap-southeast-2.amazonaws.com/ggomal/word/e/e+(24).png','https://ggomalggomal.s3.ap-southeast-2.amazonaws.com/ggomal/sound/eEx/%EC%82%AC%EB%8B%A4%EB%A6%AC.mp3','2024-05-08 08:01:02','2024-05-09 07:08:35',NULL),(135,'샌드위치','샌드위치',4,'ㅅ','ㄴ','https://ggomalggomal.s3.ap-southeast-2.amazonaws.com/ggomal/word/e/e+(25).png','https://ggomalggomal.s3.ap-southeast-2.amazonaws.com/ggomal/sound/eEx/%EC%83%8C%EB%93%9C%EC%9C%84%EC%B9%98.mp3','2024-05-08 08:01:02','2024-05-09 07:08:35',NULL),(136,'세면대','세ː면대',3,'ㅅ','ㄴ','https://ggomalggomal.s3.ap-southeast-2.amazonaws.com/ggomal/word/e/e+(26).png','https://ggomalggomal.s3.ap-southeast-2.amazonaws.com/ggomal/sound/a/%EC%84%B8%EB%A9%B4%EB%8C%80.mp3','2024-05-08 08:01:02','2024-05-09 07:06:46',NULL),(137,'신호등','신ː호등',3,'ㅅ','ㅇ','https://ggomalggomal.s3.ap-southeast-2.amazonaws.com/ggomal/word/e/e+(27).png','https://ggomalggomal.s3.ap-southeast-2.amazonaws.com/ggomal/sound/eEx/%EC%8B%A0%ED%98%B8%EB%93%B1.mp3','2024-05-08 08:01:02','2024-05-09 07:08:35',NULL),(138,'아보카도','아보카도',4,'ㅇ',NULL,'https://ggomalggomal.s3.ap-southeast-2.amazonaws.com/ggomal/word/e/e+(28).png','https://ggomalggomal.s3.ap-southeast-2.amazonaws.com/ggomal/sound/eEx/%EC%95%84%EB%B3%B4%EC%B9%B4%EB%8F%84.mp3','2024-05-08 08:01:02','2024-05-09 07:08:35',NULL),(139,'운동화','운ː동화',3,'ㅇ','ㅇ','https://ggomalggomal.s3.ap-southeast-2.amazonaws.com/ggomal/word/e/e+(29).png','https://ggomalggomal.s3.ap-southeast-2.amazonaws.com/ggomal/sound/d/%EC%9A%B4%EB%8F%99%ED%99%94.mp3','2024-05-08 08:01:02','2024-05-09 07:08:32',NULL),(140,'자동차','자동차',3,'ㅈ','ㅇ','https://ggomalggomal.s3.ap-southeast-2.amazonaws.com/ggomal/word/e/e+(30).png','https://ggomalggomal.s3.ap-southeast-2.amazonaws.com/ggomal/sound/d/%EC%9E%90%EB%8F%99%EC%B0%A8.mp3','2024-05-08 08:01:02','2024-05-09 07:08:32',NULL),(141,'카드','카드',2,'ㅋ',NULL,'https://ggomalggomal.s3.ap-southeast-2.amazonaws.com/ggomal/word/e/e+(31).png','https://ggomalggomal.s3.ap-southeast-2.amazonaws.com/ggomal/sound/eEx/%EC%B9%B4%EB%93%9C.mp3','2024-05-08 08:01:02','2024-05-09 07:08:35',NULL),(142,'포도','포도',2,'ㅍ',NULL,'https://ggomalggomal.s3.ap-southeast-2.amazonaws.com/ggomal/word/e/e+(32).png','https://ggomalggomal.s3.ap-southeast-2.amazonaws.com/ggomal/sound/eEx/%ED%8F%AC%EB%8F%84.mp3','2024-05-08 08:01:02','2024-05-09 07:08:35',NULL),(143,'호두','호두',2,'ㅎ',NULL,'https://ggomalggomal.s3.ap-southeast-2.amazonaws.com/ggomal/word/e/e+(33).png','https://ggomalggomal.s3.ap-southeast-2.amazonaws.com/ggomal/sound/eEx/%ED%98%B8%EB%91%90.mp3','2024-05-08 08:01:02','2024-05-09 07:08:35',NULL),(144,'낚싯대','낙씨때',3,'ㄸ','ㄱ','https://ggomalggomal.s3.ap-southeast-2.amazonaws.com/ggomal/word/ee/ee+(1).png','https://ggomalggomal.s3.ap-southeast-2.amazonaws.com/ggomal/sound/eEx/%EB%82%9A%EC%8B%AF%EB%8C%80.mp3','2024-05-08 08:01:02','2024-05-09 07:08:35',NULL),(145,'딸기잼','딸기쨈',3,'ㄸ','ㅁ','https://ggomalggomal.s3.ap-southeast-2.amazonaws.com/ggomal/word/ee/ee+(2).png','https://ggomalggomal.s3.ap-southeast-2.amazonaws.com/ggomal/sound/eEx/%EB%94%B8%EA%B8%B0%EC%9E%BC.mp3','2024-05-08 08:01:02','2024-05-09 07:08:35',NULL),(146,'땅콩','땅콩',2,'ㄸ','ㅇ','https://ggomalggomal.s3.ap-southeast-2.amazonaws.com/ggomal/word/ee/ee+(3).png','https://ggomalggomal.s3.ap-southeast-2.amazonaws.com/ggomal/sound/d/%EB%95%85%EC%BD%A9.mp3','2024-05-08 08:01:02','2024-05-09 07:08:31',NULL),(147,'똥','똥',1,'ㄸ','ㅇ','https://ggomalggomal.s3.ap-southeast-2.amazonaws.com/ggomal/word/ee/ee+(4).png','https://ggomalggomal.s3.ap-southeast-2.amazonaws.com/ggomal/sound/d/%EB%98%A5.mp3','2024-05-08 08:01:02','2024-05-09 07:08:31',NULL),(148,'메뚜기','메뚜기',3,'ㄸ',NULL,'https://ggomalggomal.s3.ap-southeast-2.amazonaws.com/ggomal/word/ee/ee+(5).png','https://ggomalggomal.s3.ap-southeast-2.amazonaws.com/ggomal/sound/eEx/%EB%A9%94%EB%9A%9C%EA%B8%B0.mp3','2024-05-08 08:01:02','2024-05-09 07:08:35',NULL),(149,'핫도그','핫또그',3,'ㄸ','ㅅ','https://ggomalggomal.s3.ap-southeast-2.amazonaws.com/ggomal/word/ee/ee+(6).png','https://ggomalggomal.s3.ap-southeast-2.amazonaws.com/ggomal/sound/eEx/%ED%95%AB%EB%8F%84%EA%B7%B8.mp3','2024-05-08 08:01:02','2024-05-09 07:08:35',NULL),(150,'기타','기타',2,'ㅌ',NULL,'https://ggomalggomal.s3.ap-southeast-2.amazonaws.com/ggomal/word/x/x+(1).png','https://ggomalggomal.s3.ap-southeast-2.amazonaws.com/ggomal/sound/eEx/%EA%B8%B0%ED%83%80.mp3','2024-05-08 08:01:02','2024-05-09 07:08:35',NULL),(151,'도토리','도토리',3,'ㅌ',NULL,'https://ggomalggomal.s3.ap-southeast-2.amazonaws.com/ggomal/word/x/x+(2).png','https://ggomalggomal.s3.ap-southeast-2.amazonaws.com/ggomal/sound/eEx/%EB%8F%84%ED%86%A0%EB%A6%AC.mp3','2024-05-08 08:01:02','2024-05-09 07:08:34',NULL),(152,'립스틱','립스틱',3,'ㅌ','ㅂ','https://ggomalggomal.s3.ap-southeast-2.amazonaws.com/ggomal/word/x/x+(3).png','https://ggomalggomal.s3.ap-southeast-2.amazonaws.com/ggomal/sound/eEx/%EB%A6%BD%EC%8A%A4%ED%8B%B1.mp3','2024-05-08 08:01:02','2024-05-09 07:08:35',NULL),(153,'모니터','모니터',3,'ㅌ',NULL,'https://ggomalggomal.s3.ap-southeast-2.amazonaws.com/ggomal/word/x/x+(4).png','https://ggomalggomal.s3.ap-southeast-2.amazonaws.com/ggomal/sound/eEx/%EB%AA%A8%EB%8B%88%ED%84%B0.mp3','2024-05-08 08:01:02','2024-05-09 07:08:35',NULL),(154,'물티슈','물티슈',3,'ㅌ','ㄹ','https://ggomalggomal.s3.ap-southeast-2.amazonaws.com/ggomal/word/x/x+(5).png','https://ggomalggomal.s3.ap-southeast-2.amazonaws.com/ggomal/sound/a/%EB%AC%BC%ED%8B%B0%EC%8A%88.mp3','2024-05-08 08:01:02','2024-05-09 07:06:46',NULL),(155,'미끄럼틀','미끄럼틀',4,'ㅌ','ㄹ','https://ggomalggomal.s3.ap-southeast-2.amazonaws.com/ggomal/word/x/x+(6).png','https://ggomalggomal.s3.ap-southeast-2.amazonaws.com/ggomal/sound/eEx/%EB%AF%B8%EB%81%84%EB%9F%BC%ED%8B%80.mp3','2024-05-08 08:01:03','2024-05-09 07:08:35',NULL),(156,'산타','싼타',2,'ㅌ','ㄴ','https://ggomalggomal.s3.ap-southeast-2.amazonaws.com/ggomal/word/x/x+(7).png','https://ggomalggomal.s3.ap-southeast-2.amazonaws.com/ggomal/sound/eEx/%EC%82%B0%ED%83%80.mp3','2024-05-08 08:01:03','2024-05-09 07:08:35',NULL),(157,'세탁기','세ː탁끼',3,'ㅌ','ㄱ','https://ggomalggomal.s3.ap-southeast-2.amazonaws.com/ggomal/word/x/x+(8).png','https://ggomalggomal.s3.ap-southeast-2.amazonaws.com/ggomal/sound/eEx/%EC%84%B8%ED%83%81%EA%B8%B0.mp3','2024-05-08 08:01:03','2024-05-09 07:08:35',NULL),(158,'솜사탕','솜ː사탕',3,'ㅌ','ㅇ','https://ggomalggomal.s3.ap-southeast-2.amazonaws.com/ggomal/word/x/x+(9).png','https://ggomalggomal.s3.ap-southeast-2.amazonaws.com/ggomal/sound/a/%EC%86%9C%EC%82%AC%ED%83%95.mp3','2024-05-08 08:01:03','2024-05-09 07:06:47',NULL),(159,'식탁','식탁',2,'ㅌ','ㄱ','https://ggomalggomal.s3.ap-southeast-2.amazonaws.com/ggomal/word/x/x+(10).png','https://ggomalggomal.s3.ap-southeast-2.amazonaws.com/ggomal/sound/eEx/%EC%8B%9D%ED%83%81.mp3','2024-05-08 08:01:03','2024-05-09 07:08:35',NULL),(160,'오토바이','오토바이',4,'ㅌ',NULL,'https://ggomalggomal.s3.ap-southeast-2.amazonaws.com/ggomal/word/x/x+(11).png','https://ggomalggomal.s3.ap-southeast-2.amazonaws.com/ggomal/sound/eEx/%EC%98%A4%ED%86%A0%EB%B0%94%EC%9D%B4.mp3','2024-05-08 08:01:03','2024-05-09 07:08:35',NULL),(161,'저금통','저ː금통',3,'ㅌ','ㅇ','https://ggomalggomal.s3.ap-southeast-2.amazonaws.com/ggomal/word/x/x+(12).png','https://ggomalggomal.s3.ap-southeast-2.amazonaws.com/ggomal/sound/d/%EC%A0%80%EA%B8%88%ED%86%B5.mp3','2024-05-08 08:01:03','2024-05-09 07:08:32',NULL),(162,'치타','치타',2,'ㅌ',NULL,'https://ggomalggomal.s3.ap-southeast-2.amazonaws.com/ggomal/word/x/x+(13).png','https://ggomalggomal.s3.ap-southeast-2.amazonaws.com/ggomal/sound/eEx/%EC%B9%98%ED%83%80.mp3','2024-05-08 08:01:03','2024-05-09 07:08:35',NULL),(163,'타조','타ː조',2,'ㅌ',NULL,'https://ggomalggomal.s3.ap-southeast-2.amazonaws.com/ggomal/word/x/x+(14).png','https://ggomalggomal.s3.ap-southeast-2.amazonaws.com/ggomal/sound/eEx/%ED%83%80%EC%A1%B0.mp3','2024-05-08 08:01:03','2024-05-09 07:08:35',NULL),(164,'태권도','태꿘도',3,'ㅌ','ㄴ','https://ggomalggomal.s3.ap-southeast-2.amazonaws.com/ggomal/word/x/x+(15).png','https://ggomalggomal.s3.ap-southeast-2.amazonaws.com/ggomal/sound/eEx/%ED%83%9C%EA%B6%8C%EB%8F%84.mp3','2024-05-08 08:01:03','2024-05-09 07:08:35',NULL),(165,'태극기','태극끼',3,'ㅌ','ㄱ','https://ggomalggomal.s3.ap-southeast-2.amazonaws.com/ggomal/word/x/x+(16).png','https://ggomalggomal.s3.ap-southeast-2.amazonaws.com/ggomal/sound/eEx/%ED%83%9C%EA%B7%B9%EA%B8%B0.mp3','2024-05-08 08:01:03','2024-05-09 07:08:35',NULL),(166,'택시','택시',2,'ㅌ','ㄱ','https://ggomalggomal.s3.ap-southeast-2.amazonaws.com/ggomal/word/x/x+(17).png','https://ggomalggomal.s3.ap-southeast-2.amazonaws.com/ggomal/sound/eEx/%ED%83%9D%EC%8B%9C.mp3','2024-05-08 08:01:03','2024-05-09 07:08:35',NULL),(167,'테이프','테이프',3,'ㅌ',NULL,'https://ggomalggomal.s3.ap-southeast-2.amazonaws.com/ggomal/word/x/x+(18).png','https://ggomalggomal.s3.ap-southeast-2.amazonaws.com/ggomal/sound/eEx/%ED%85%8C%EC%9D%B4%ED%94%84.mp3','2024-05-08 08:01:03','2024-05-09 07:08:35',NULL),(168,'토끼','토끼',2,'ㅌ',NULL,'https://ggomalggomal.s3.ap-southeast-2.amazonaws.com/ggomal/word/x/x+(19).png','https://ggomalggomal.s3.ap-southeast-2.amazonaws.com/ggomal/sound/eEx/%ED%86%A0%EB%81%BC.mp3','2024-05-08 08:01:03','2024-05-09 07:08:35',NULL),(169,'토마토','토마토',3,'ㅌ',NULL,'https://ggomalggomal.s3.ap-southeast-2.amazonaws.com/ggomal/word/x/x+(20).png','https://ggomalggomal.s3.ap-southeast-2.amazonaws.com/ggomal/sound/eEx/%ED%86%A0%EB%A7%88%ED%86%A0.mp3','2024-05-08 08:01:03','2024-05-09 07:08:35',NULL),(170,'통나무','통나무',3,'ㅌ','ㅇ','https://ggomalggomal.s3.ap-southeast-2.amazonaws.com/ggomal/word/x/x+(21).png','https://ggomalggomal.s3.ap-southeast-2.amazonaws.com/ggomal/sound/eEx/%ED%86%B5%EB%82%98%EB%AC%B4.mp3','2024-05-08 08:01:03','2024-05-09 07:08:35',NULL),(171,'튜브','튜브',2,'ㅌ',NULL,'https://ggomalggomal.s3.ap-southeast-2.amazonaws.com/ggomal/word/x/x+(22).png','https://ggomalggomal.s3.ap-southeast-2.amazonaws.com/ggomal/sound/eEx/%ED%8A%9C%EB%B8%8C.mp3','2024-05-08 08:01:03','2024-05-09 07:08:35',NULL),(172,'튤립','튤립',2,'ㅌ','ㅂ','https://ggomalggomal.s3.ap-southeast-2.amazonaws.com/ggomal/word/x/x+(23).png','https://ggomalggomal.s3.ap-southeast-2.amazonaws.com/ggomal/sound/eEx/%ED%8A%A4%EB%A6%BD.mp3','2024-05-08 08:01:03','2024-05-09 07:08:35',NULL),(173,'트럭','트럭',2,'ㅌ','ㄱ','https://ggomalggomal.s3.ap-southeast-2.amazonaws.com/ggomal/word/x/x+(24).png','https://ggomalggomal.s3.ap-southeast-2.amazonaws.com/ggomal/sound/eEx/%ED%8A%B8%EB%9F%AD.mp3','2024-05-08 08:01:03','2024-05-09 07:08:35',NULL),(174,'트리','트리',2,'ㅌ',NULL,'https://ggomalggomal.s3.ap-southeast-2.amazonaws.com/ggomal/word/x/x+(25).png','https://ggomalggomal.s3.ap-southeast-2.amazonaws.com/ggomal/sound/eEx/%ED%8A%B8%EB%A6%AC.mp3','2024-05-08 08:01:03','2024-05-09 07:08:35',NULL),(175,'팬티','팬티',2,'ㅌ','ㄴ','https://ggomalggomal.s3.ap-southeast-2.amazonaws.com/ggomal/word/x/x+(26).png','https://ggomalggomal.s3.ap-southeast-2.amazonaws.com/ggomal/sound/eEx/%ED%8C%AC%ED%8B%B0.mp3','2024-05-08 08:01:03','2024-05-09 07:08:35',NULL),(176,'필통','필통',2,'ㅌ','ㅇ','https://ggomalggomal.s3.ap-southeast-2.amazonaws.com/ggomal/word/x/x+(27).png','https://ggomalggomal.s3.ap-southeast-2.amazonaws.com/ggomal/sound/eEx/%ED%95%84%ED%86%B5.mp3','2024-05-08 08:01:03','2024-05-09 07:08:35',NULL),(177,'햄스터','햄스터',3,'ㅌ','ㅁ','https://ggomalggomal.s3.ap-southeast-2.amazonaws.com/ggomal/word/x/x+(28).png','https://ggomalggomal.s3.ap-southeast-2.amazonaws.com/ggomal/sound/a/%ED%96%84%EC%8A%A4%ED%84%B0.mp3','2024-05-08 08:01:03','2024-05-09 07:06:47',NULL),(178,'헬리콥터','헬리콥터',4,'ㅌ','ㅂ','https://ggomalggomal.s3.ap-southeast-2.amazonaws.com/ggomal/word/x/x+(29).png','https://ggomalggomal.s3.ap-southeast-2.amazonaws.com/ggomal/sound/eEx/%ED%97%AC%EB%A6%AC%EC%BD%A5%ED%84%B0.mp3','2024-05-08 08:01:03','2024-05-09 07:08:35',NULL),(179,'가방','가방',2,'ㅂ','ㅇ','https://ggomalggomal.s3.ap-southeast-2.amazonaws.com/ggomal/word/q/q+(1).png','https://ggomalggomal.s3.ap-southeast-2.amazonaws.com/ggomal/sound/d/%EA%B0%80%EB%B0%A9.mp3','2024-05-08 08:01:09','2024-05-09 07:08:31',NULL),(180,'거북이','거부기',3,'ㅂ','ㄱ','https://ggomalggomal.s3.ap-southeast-2.amazonaws.com/ggomal/word/q/q+(2).png','https://ggomalggomal.s3.ap-southeast-2.amazonaws.com/ggomal/sound/qQv/%EA%B1%B0%EB%B6%81%EC%9D%B4.mp3','2024-05-08 08:01:09','2024-05-09 07:08:41',NULL),(181,'꿀벌','꿀벌',2,'ㅂ','ㄹ','https://ggomalggomal.s3.ap-southeast-2.amazonaws.com/ggomal/word/q/q+(3).png','https://ggomalggomal.s3.ap-southeast-2.amazonaws.com/ggomal/sound/f/%EA%BF%80%EB%B2%8C.mp3','2024-05-08 08:01:09','2024-05-09 07:08:38',NULL),(182,'나비','나비',2,'ㅂ',NULL,'https://ggomalggomal.s3.ap-southeast-2.amazonaws.com/ggomal/word/q/q+(4).png','https://ggomalggomal.s3.ap-southeast-2.amazonaws.com/ggomal/sound/qQv/%EB%82%98%EB%B9%84.mp3','2024-05-08 08:01:09','2024-05-09 07:08:41',NULL),(183,'냄비','냄비',2,'ㅂ','ㅁ','https://ggomalggomal.s3.ap-southeast-2.amazonaws.com/ggomal/word/q/q+(5).png','https://ggomalggomal.s3.ap-southeast-2.amazonaws.com/ggomal/sound/a/%EB%83%84%EB%B9%84.mp3','2024-05-08 08:01:09','2024-05-09 07:06:47',NULL),(184,'돛단배','돋딴배',3,'ㅂ','ㄷ','https://ggomalggomal.s3.ap-southeast-2.amazonaws.com/ggomal/word/q/q+(6).png','https://ggomalggomal.s3.ap-southeast-2.amazonaws.com/ggomal/sound/qQv/%EB%8F%9B%EB%8B%A8%EB%B0%B0.mp3','2024-05-08 08:01:09','2024-05-09 07:08:41',NULL),(185,'로봇','로볻',2,'ㅂ','ㄷ','https://ggomalggomal.s3.ap-southeast-2.amazonaws.com/ggomal/word/q/q+(7).png','https://ggomalggomal.s3.ap-southeast-2.amazonaws.com/ggomal/sound/f/%EB%A1%9C%EB%B4%87.mp3','2024-05-08 08:01:09','2024-05-09 07:08:37',NULL),(186,'리본','리본',2,'ㅂ','ㄴ','https://ggomalggomal.s3.ap-southeast-2.amazonaws.com/ggomal/word/q/q+(8).png','https://ggomalggomal.s3.ap-southeast-2.amazonaws.com/ggomal/sound/f/%EB%A6%AC%EB%B3%B8.mp3','2024-05-08 08:01:09','2024-05-09 07:08:37',NULL),(187,'무당벌레','무ː당벌레',4,'ㅂ','ㄹ','https://ggomalggomal.s3.ap-southeast-2.amazonaws.com/ggomal/word/q/q+(9).png','https://ggomalggomal.s3.ap-southeast-2.amazonaws.com/ggomal/sound/d/%EB%AC%B4%EB%8B%B9%EB%B2%8C%EB%A0%88.mp3','2024-05-08 08:01:09','2024-05-09 07:08:31',NULL),(188,'바나나','바나나',3,'ㅂ',NULL,'https://ggomalggomal.s3.ap-southeast-2.amazonaws.com/ggomal/word/q/q+(10).png','https://ggomalggomal.s3.ap-southeast-2.amazonaws.com/ggomal/sound/qQv/%EB%B0%94%EB%82%98%EB%82%98.mp3','2024-05-08 08:01:09','2024-05-09 07:08:41',NULL),(189,'바람','바람',2,'ㅂ','ㅁ','https://ggomalggomal.s3.ap-southeast-2.amazonaws.com/ggomal/word/q/q+(11).png','https://ggomalggomal.s3.ap-southeast-2.amazonaws.com/ggomal/sound/qQv/%EB%B0%94%EB%9E%8C.mp3','2024-05-08 08:01:09','2024-05-09 07:08:41',NULL),(190,'바람개비','바람개비',4,'ㅂ','ㅁ','https://ggomalggomal.s3.ap-southeast-2.amazonaws.com/ggomal/word/q/q+(12).png','https://ggomalggomal.s3.ap-southeast-2.amazonaws.com/ggomal/sound/qQv/%EB%B0%94%EB%9E%8C%EA%B0%9C%EB%B9%84.mp3','2024-05-08 08:01:09','2024-05-09 07:08:41',NULL),(191,'바이올린','바이올린',4,'ㅂ','ㄹ','https://ggomalggomal.s3.ap-southeast-2.amazonaws.com/ggomal/word/q/q+(13).png','https://ggomalggomal.s3.ap-southeast-2.amazonaws.com/ggomal/sound/f/%EB%B0%94%EC%9D%B4%EC%98%AC%EB%A6%B0.mp3','2024-05-08 08:01:09','2024-05-09 07:08:37',NULL),(192,'바지','바지',2,'ㅂ',NULL,'https://ggomalggomal.s3.ap-southeast-2.amazonaws.com/ggomal/word/q/q+(14).png','https://ggomalggomal.s3.ap-southeast-2.amazonaws.com/ggomal/sound/qQv/%EB%B0%94%EC%A7%80.mp3','2024-05-08 08:01:09','2024-05-09 07:08:41',NULL),(193,'바퀴','바퀴',2,'ㅂ',NULL,'https://ggomalggomal.s3.ap-southeast-2.amazonaws.com/ggomal/word/q/q+(15).png','https://ggomalggomal.s3.ap-southeast-2.amazonaws.com/ggomal/sound/qQv/%EB%B0%94%ED%80%B4.mp3','2024-05-08 08:01:09','2024-05-09 07:08:41',NULL),(194,'반지','반지',2,'ㅂ','ㄴ','https://ggomalggomal.s3.ap-southeast-2.amazonaws.com/ggomal/word/q/q+(16).png','https://ggomalggomal.s3.ap-southeast-2.amazonaws.com/ggomal/sound/qQv/%EB%B0%98%EC%A7%80.mp3','2024-05-08 08:01:09','2024-05-09 07:08:41',NULL),(195,'반창고','반창고',3,'ㅂ','ㅇ','https://ggomalggomal.s3.ap-southeast-2.amazonaws.com/ggomal/word/q/q+(17).png','https://ggomalggomal.s3.ap-southeast-2.amazonaws.com/ggomal/sound/qQv/%EB%B0%98%EC%B0%BD%EA%B3%A0.mp3','2024-05-08 08:01:09','2024-05-09 07:08:41',NULL),(196,'발','발',1,'ㅂ','ㄹ','https://ggomalggomal.s3.ap-southeast-2.amazonaws.com/ggomal/word/q/q+(18).png','https://ggomalggomal.s3.ap-southeast-2.amazonaws.com/ggomal/sound/f/%EB%B0%9C.mp3','2024-05-08 08:01:09','2024-05-09 07:08:38',NULL),(197,'밤','밤',1,'ㅂ','ㅁ','https://ggomalggomal.s3.ap-southeast-2.amazonaws.com/ggomal/word/q/q+(19).png','https://ggomalggomal.s3.ap-southeast-2.amazonaws.com/ggomal/sound/a/%EB%B0%A4.mp3','2024-05-08 08:01:09','2024-05-09 07:06:47',NULL),(198,'배','배',1,'ㅂ',NULL,'https://ggomalggomal.s3.ap-southeast-2.amazonaws.com/ggomal/word/q/q+(20).png','https://ggomalggomal.s3.ap-southeast-2.amazonaws.com/ggomal/sound/qQv/%EB%B0%B0.mp3','2024-05-08 08:01:09','2024-05-09 07:08:41',NULL),(199,'뱀','뱀',1,'ㅂ','ㅁ','https://ggomalggomal.s3.ap-southeast-2.amazonaws.com/ggomal/word/q/q+(21).png','https://ggomalggomal.s3.ap-southeast-2.amazonaws.com/ggomal/sound/qQv/%EB%B1%80.mp3','2024-05-08 08:01:09','2024-05-09 07:08:41',NULL),(200,'버섯','버섣',2,'ㅂ','ㄷ','https://ggomalggomal.s3.ap-southeast-2.amazonaws.com/ggomal/word/q/q+(22).png','https://ggomalggomal.s3.ap-southeast-2.amazonaws.com/ggomal/sound/qQv/%EB%B2%84%EC%84%AF.mp3','2024-05-08 08:01:09','2024-05-09 07:08:41',NULL),(201,'버스','버스',2,'ㅂ',NULL,'https://ggomalggomal.s3.ap-southeast-2.amazonaws.com/ggomal/word/q/q+(23).png','https://ggomalggomal.s3.ap-southeast-2.amazonaws.com/ggomal/sound/qQv/%EB%B2%84%EC%8A%A4.mp3','2024-05-08 08:01:09','2024-05-09 07:08:41',NULL),(202,'번개','번개',2,'ㅂ','ㄴ','https://ggomalggomal.s3.ap-southeast-2.amazonaws.com/ggomal/word/q/q+(24).png','https://ggomalggomal.s3.ap-southeast-2.amazonaws.com/ggomal/sound/qQv/%EB%B2%88%EA%B0%9C.mp3','2024-05-08 08:01:09','2024-05-09 07:08:41',NULL),(203,'변기','변기',2,'ㅂ','ㄴ','https://ggomalggomal.s3.ap-southeast-2.amazonaws.com/ggomal/word/q/q+(25).png','https://ggomalggomal.s3.ap-southeast-2.amazonaws.com/ggomal/sound/qQv/%EB%B3%80%EA%B8%B0.mp3','2024-05-08 08:01:09','2024-05-09 07:08:41',NULL),(204,'별','별',1,'ㅂ','ㄹ','https://ggomalggomal.s3.ap-southeast-2.amazonaws.com/ggomal/word/q/q+(26).png','https://ggomalggomal.s3.ap-southeast-2.amazonaws.com/ggomal/sound/f/%EB%B3%84.mp3','2024-05-08 08:01:09','2024-05-09 07:08:38',NULL),(205,'병아리','병아리',3,'ㅂ','ㅇ','https://ggomalggomal.s3.ap-southeast-2.amazonaws.com/ggomal/word/q/q+(27).png','https://ggomalggomal.s3.ap-southeast-2.amazonaws.com/ggomal/sound/d/%EB%B3%91%EC%95%84%EB%A6%AC.mp3','2024-05-08 08:01:09','2024-05-09 07:08:31',NULL),(206,'병원','병ː원',2,'ㅂ','ㅇ','https://ggomalggomal.s3.ap-southeast-2.amazonaws.com/ggomal/word/q/q+(28).png','https://ggomalggomal.s3.ap-southeast-2.amazonaws.com/ggomal/sound/d/%EB%B3%91%EC%9B%90.mp3','2024-05-08 08:01:09','2024-05-09 07:08:31',NULL),(207,'보석','보석',2,'ㅂ',NULL,'https://ggomalggomal.s3.ap-southeast-2.amazonaws.com/ggomal/word/q/q+(29).png','https://ggomalggomal.s3.ap-southeast-2.amazonaws.com/ggomal/sound/qQv/%EB%B3%B4%EC%84%9D.mp3','2024-05-08 08:01:09','2024-05-09 07:08:41',NULL),(208,'복숭아','복쑹아',3,'ㅂ','ㅇ','https://ggomalggomal.s3.ap-southeast-2.amazonaws.com/ggomal/word/q/q+(30).png','https://ggomalggomal.s3.ap-southeast-2.amazonaws.com/ggomal/sound/qQv/%EB%B3%B5%EC%88%AD%EC%95%84.mp3','2024-05-08 08:01:09','2024-05-09 07:08:41',NULL),(209,'볼링','볼링',2,'ㅂ','ㅇ','https://ggomalggomal.s3.ap-southeast-2.amazonaws.com/ggomal/word/q/q+(31).png','https://ggomalggomal.s3.ap-southeast-2.amazonaws.com/ggomal/sound/d/%EB%B3%BC%EB%A7%81.mp3','2024-05-08 08:01:09','2024-05-09 07:08:31',NULL),(210,'부채','부채',2,'ㅂ',NULL,'https://ggomalggomal.s3.ap-southeast-2.amazonaws.com/ggomal/word/q/q+(32).png','https://ggomalggomal.s3.ap-southeast-2.amazonaws.com/ggomal/sound/qQv/%EB%B6%80%EC%B1%84.mp3','2024-05-08 08:01:09','2024-05-09 07:08:41',NULL),(211,'불','불',1,'ㅂ','ㄹ','https://ggomalggomal.s3.ap-southeast-2.amazonaws.com/ggomal/word/q/q+(33).png','https://ggomalggomal.s3.ap-southeast-2.amazonaws.com/ggomal/sound/f/%EB%B6%88.mp3','2024-05-08 08:01:09','2024-05-09 07:08:38',NULL),(212,'불가사리','불가사리',4,'ㅂ','ㄹ','https://ggomalggomal.s3.ap-southeast-2.amazonaws.com/ggomal/word/q/q+(34).png','https://ggomalggomal.s3.ap-southeast-2.amazonaws.com/ggomal/sound/f/%EB%B6%88%EA%B0%80%EC%82%AC%EB%A6%AC.mp3','2024-05-08 08:01:09','2024-05-09 07:08:37',NULL),(213,'브로콜리','브로콜리',4,'ㅂ','ㄹ','https://ggomalggomal.s3.ap-southeast-2.amazonaws.com/ggomal/word/q/q+(35).png','https://ggomalggomal.s3.ap-southeast-2.amazonaws.com/ggomal/sound/f/%EB%B8%8C%EB%A1%9C%EC%BD%9C%EB%A6%AC.mp3','2024-05-08 08:01:09','2024-05-09 07:08:37',NULL),(214,'블루베리','블루베리',4,'ㅂ','ㄹ','https://ggomalggomal.s3.ap-southeast-2.amazonaws.com/ggomal/word/q/q+(36).png','https://ggomalggomal.s3.ap-southeast-2.amazonaws.com/ggomal/sound/f/%EB%B8%94%EB%A3%A8%EB%B2%A0%EB%A6%AC.mp3','2024-05-08 08:01:09','2024-05-09 07:08:37',NULL),(215,'비둘기','비둘기',3,'ㅂ','ㄹ','https://ggomalggomal.s3.ap-southeast-2.amazonaws.com/ggomal/word/q/q+(37).png','https://ggomalggomal.s3.ap-southeast-2.amazonaws.com/ggomal/sound/eEx/%EB%B9%84%EB%91%98%EA%B8%B0.mp3','2024-05-08 08:01:09','2024-05-09 07:08:35',NULL),(216,'빗자루','비짜루',3,'ㅂ','ㄷ','https://ggomalggomal.s3.ap-southeast-2.amazonaws.com/ggomal/word/q/q+(38).png','https://ggomalggomal.s3.ap-southeast-2.amazonaws.com/ggomal/sound/f/%EB%B9%97%EC%9E%90%EB%A3%A8.mp3','2024-05-08 08:01:09','2024-05-09 07:08:37',NULL),(217,'소방관','소방관',3,'ㅂ','ㄴ','https://ggomalggomal.s3.ap-southeast-2.amazonaws.com/ggomal/word/q/q+(39).png','https://ggomalggomal.s3.ap-southeast-2.amazonaws.com/ggomal/sound/qQv/%EC%86%8C%EB%B0%A9%EA%B4%80.mp3','2024-05-08 08:01:09','2024-05-09 07:08:41',NULL),(218,'소방차','소방차',3,'ㅂ','ㅇ','https://ggomalggomal.s3.ap-southeast-2.amazonaws.com/ggomal/word/q/q+(40).png','https://ggomalggomal.s3.ap-southeast-2.amazonaws.com/ggomal/sound/d/%EC%86%8C%EB%B0%A9%EC%B0%A8.mp3','2024-05-08 08:01:09','2024-05-09 07:08:32',NULL),(219,'수박','수박',2,'ㅂ','ㄱ','https://ggomalggomal.s3.ap-southeast-2.amazonaws.com/ggomal/word/q/q+(41).png','https://ggomalggomal.s3.ap-southeast-2.amazonaws.com/ggomal/sound/qQv/%EC%88%98%EB%B0%95.mp3','2024-05-08 08:01:09','2024-05-09 07:08:41',NULL),(220,'수영복','수영복',3,'ㅂ','ㅇ','https://ggomalggomal.s3.ap-southeast-2.amazonaws.com/ggomal/word/q/q+(42).png','https://ggomalggomal.s3.ap-southeast-2.amazonaws.com/ggomal/sound/qQv/%EC%88%98%EC%98%81%EB%B3%B5.mp3','2024-05-08 08:01:09','2024-05-09 07:08:41',NULL),(221,'아보카도','아보카도',4,'ㅂ',NULL,'https://ggomalggomal.s3.ap-southeast-2.amazonaws.com/ggomal/word/q/q+(43).png','https://ggomalggomal.s3.ap-southeast-2.amazonaws.com/ggomal/sound/eEx/%EC%95%84%EB%B3%B4%EC%B9%B4%EB%8F%84.mp3','2024-05-08 08:01:09','2024-05-09 07:08:35',NULL),(222,'엘레베이터','엘레베이터',5,'ㅂ','ㄹ','https://ggomalggomal.s3.ap-southeast-2.amazonaws.com/ggomal/word/q/q+(44).png','https://ggomalggomal.s3.ap-southeast-2.amazonaws.com/ggomal/sound/qQv/%EC%97%98%EB%A0%88%EB%B2%A0%EC%9D%B4%ED%84%B0.mp3','2024-05-08 08:01:09','2024-05-09 07:08:41',NULL),(223,'오토바이','오토바이',4,'ㅂ',NULL,'https://ggomalggomal.s3.ap-southeast-2.amazonaws.com/ggomal/word/q/q+(45).png','https://ggomalggomal.s3.ap-southeast-2.amazonaws.com/ggomal/sound/eEx/%EC%98%A4%ED%86%A0%EB%B0%94%EC%9D%B4.mp3','2024-05-08 08:01:09','2024-05-09 07:08:35',NULL),(224,'잠바','잠바',2,'ㅂ','ㅁ','https://ggomalggomal.s3.ap-southeast-2.amazonaws.com/ggomal/word/q/q+(46).png','https://ggomalggomal.s3.ap-southeast-2.amazonaws.com/ggomal/sound/qQv/%EC%9E%A0%EB%B0%94.mp3','2024-05-08 08:01:09','2024-05-09 07:08:41',NULL),(225,'종이배','종이배',4,'ㅂ','ㅇ','https://ggomalggomal.s3.ap-southeast-2.amazonaws.com/ggomal/word/q/q+(47).png','https://ggomalggomal.s3.ap-southeast-2.amazonaws.com/ggomal/sound/qQv/%EC%A2%85%EC%9D%B4%EB%B0%B0.mp3','2024-05-08 08:01:09','2024-05-09 07:08:42',NULL),(226,'철봉','철봉',2,'ㅂ','ㄹ','https://ggomalggomal.s3.ap-southeast-2.amazonaws.com/ggomal/word/q/q+(48).png','https://ggomalggomal.s3.ap-southeast-2.amazonaws.com/ggomal/sound/f/%EC%B2%A0%EB%B4%89.mp3','2024-05-08 08:01:09','2024-05-09 07:08:38',NULL),(227,'클로버','클로버',4,'ㅂ','ㄹ','https://ggomalggomal.s3.ap-southeast-2.amazonaws.com/ggomal/word/q/q+(49).png','https://ggomalggomal.s3.ap-southeast-2.amazonaws.com/ggomal/sound/qQv/%ED%81%B4%EB%A1%9C%EB%B2%84.mp3','2024-05-08 08:01:09','2024-05-09 07:08:42',NULL),(228,'탬버린','탬버린',4,'ㅂ','ㅁ','https://ggomalggomal.s3.ap-southeast-2.amazonaws.com/ggomal/word/q/q+(50).png','https://ggomalggomal.s3.ap-southeast-2.amazonaws.com/ggomal/sound/a/%ED%83%AC%EB%B2%84%EB%A6%B0.mp3','2024-05-08 08:01:09','2024-05-09 07:06:47',NULL),(229,'튜브','튜브',2,'ㅂ',NULL,'https://ggomalggomal.s3.ap-southeast-2.amazonaws.com/ggomal/word/q/q+(51).png','https://ggomalggomal.s3.ap-southeast-2.amazonaws.com/ggomal/sound/eEx/%ED%8A%9C%EB%B8%8C.mp3','2024-05-08 08:01:09','2024-05-09 07:08:35',NULL),(230,'할아버지','하라버지',4,'ㅂ','ㄹ','https://ggomalggomal.s3.ap-southeast-2.amazonaws.com/ggomal/word/q/q+(52).png','https://ggomalggomal.s3.ap-southeast-2.amazonaws.com/ggomal/sound/qQv/%ED%95%A0%EC%95%84%EB%B2%84%EC%A7%80.mp3','2024-05-08 08:01:09','2024-05-09 07:08:42',NULL),(231,'해바라기','해바라기',4,'ㅂ',NULL,'https://ggomalggomal.s3.ap-southeast-2.amazonaws.com/ggomal/word/q/q+(53).png','https://ggomalggomal.s3.ap-southeast-2.amazonaws.com/ggomal/sound/f/%ED%95%B4%EB%B0%94%EB%9D%BC%EA%B8%B0.mp3','2024-05-08 08:01:09','2024-05-09 07:08:38',NULL),(232,'햄버거','햄버거',3,'ㅂ','ㅁ','https://ggomalggomal.s3.ap-southeast-2.amazonaws.com/ggomal/word/q/q+(54).png','https://ggomalggomal.s3.ap-southeast-2.amazonaws.com/ggomal/sound/a/%ED%96%84%EB%B2%84%EA%B1%B0.mp3','2024-05-08 08:01:09','2024-05-09 07:06:47',NULL),(233,'호박','호박',2,'ㅂ',NULL,'https://ggomalggomal.s3.ap-southeast-2.amazonaws.com/ggomal/word/q/q+(55).png','https://ggomalggomal.s3.ap-southeast-2.amazonaws.com/ggomal/sound/qQv/%ED%98%B8%EB%B0%95.mp3','2024-05-08 08:01:09','2024-05-09 07:08:42',NULL),(234,'화분','화분',2,'ㅂ','ㄴ','https://ggomalggomal.s3.ap-southeast-2.amazonaws.com/ggomal/word/q/q+(56).png','https://ggomalggomal.s3.ap-southeast-2.amazonaws.com/ggomal/sound/qQv/%ED%99%94%EB%B6%84.mp3','2024-05-08 08:01:09','2024-05-09 07:08:42',NULL),(235,'김밥','김ː빱',2,'ㅃ','ㅂ','https://ggomalggomal.s3.ap-southeast-2.amazonaws.com/ggomal/word/qq/qq+(1).png','https://ggomalggomal.s3.ap-southeast-2.amazonaws.com/ggomal/sound/a/%EA%B9%80%EB%B0%A5.mp3','2024-05-08 08:01:09','2024-05-09 07:06:47',NULL),(236,'깃발','긷빨',2,'ㅃ','ㄷ','https://ggomalggomal.s3.ap-southeast-2.amazonaws.com/ggomal/word/qq/qq+(2).png','https://ggomalggomal.s3.ap-southeast-2.amazonaws.com/ggomal/sound/qQv/%EA%B9%83%EB%B0%9C.mp3','2024-05-08 08:01:09','2024-05-09 07:08:42',NULL),(237,'떡볶이','떡뽀끼',3,'ㅃ','ㄱ','https://ggomalggomal.s3.ap-southeast-2.amazonaws.com/ggomal/word/qq/qq+(3).png','https://ggomalggomal.s3.ap-southeast-2.amazonaws.com/ggomal/sound/qQv/%EB%96%A1%EB%B3%B6%EC%9D%B4.mp3','2024-05-08 08:01:09','2024-05-09 07:08:42',NULL),(238,'물병','물뼝',2,'ㅃ','ㄹ','https://ggomalggomal.s3.ap-southeast-2.amazonaws.com/ggomal/word/qq/qq+(4).png','https://ggomalggomal.s3.ap-southeast-2.amazonaws.com/ggomal/sound/qQv/%EB%AC%BC%EB%B3%91.mp3','2024-05-08 08:01:09','2024-05-09 07:08:42',NULL),(239,'붕어빵','붕어빵',3,'ㅃ','ㅇ','https://ggomalggomal.s3.ap-southeast-2.amazonaws.com/ggomal/word/qq/qq+(5).png','https://ggomalggomal.s3.ap-southeast-2.amazonaws.com/ggomal/sound/d/%EB%B6%95%EC%96%B4%EB%B9%B5.mp3','2024-05-08 08:01:09','2024-05-09 07:08:31',NULL),(240,'빨대','빨때',2,'ㅃ','ㄹ','https://ggomalggomal.s3.ap-southeast-2.amazonaws.com/ggomal/word/qq/qq+(6).png','https://ggomalggomal.s3.ap-southeast-2.amazonaws.com/ggomal/sound/f/%EB%B9%A8%EB%8C%80.mp3','2024-05-08 08:01:09','2024-05-09 07:08:38',NULL),(241,'빵','빵',1,'ㅃ','ㅇ','https://ggomalggomal.s3.ap-southeast-2.amazonaws.com/ggomal/word/qq/qq+(7).png','https://ggomalggomal.s3.ap-southeast-2.amazonaws.com/ggomal/sound/qQv/%EB%B9%B5.mp3','2024-05-08 08:01:09','2024-05-09 07:08:42',NULL),(242,'빼빼로','빼빼로',3,'ㅃ',NULL,'https://ggomalggomal.s3.ap-southeast-2.amazonaws.com/ggomal/word/qq/qq+(8).png','https://ggomalggomal.s3.ap-southeast-2.amazonaws.com/ggomal/sound/qQv/%EB%B9%BC%EB%B9%BC%EB%A1%9C.mp3','2024-05-08 08:01:09','2024-05-09 07:08:42',NULL),(243,'뼈다귀','뼈다귀',3,'ㅃ',NULL,'https://ggomalggomal.s3.ap-southeast-2.amazonaws.com/ggomal/word/qq/qq+(9).png','https://ggomalggomal.s3.ap-southeast-2.amazonaws.com/ggomal/sound/qQv/%EB%BC%88%EB%8B%A4%EA%B7%80.mp3','2024-05-08 08:01:09','2024-05-09 07:08:42',NULL),(244,'뿔','뿔',1,'ㅃ','ㄹ','https://ggomalggomal.s3.ap-southeast-2.amazonaws.com/ggomal/word/qq/qq+(10).png','https://ggomalggomal.s3.ap-southeast-2.amazonaws.com/ggomal/sound/qQv/%EB%BF%94.mp3','2024-05-08 08:01:10','2024-05-09 07:08:42',NULL),(245,'삐에로','삐에로',3,'ㅃ',NULL,'https://ggomalggomal.s3.ap-southeast-2.amazonaws.com/ggomal/word/qq/qq+(11).png','https://ggomalggomal.s3.ap-southeast-2.amazonaws.com/ggomal/sound/qQv/%EC%82%90%EC%97%90%EB%A1%9C.mp3','2024-05-08 08:01:10','2024-05-09 07:08:42',NULL),(246,'아빠','아빠',2,'ㅃ',NULL,'https://ggomalggomal.s3.ap-southeast-2.amazonaws.com/ggomal/word/qq/qq+(12).png','https://ggomalggomal.s3.ap-southeast-2.amazonaws.com/ggomal/sound/qQv/%EC%95%84%EB%B9%A0.mp3','2024-05-08 08:01:10','2024-05-09 07:08:42',NULL),(247,'코뿔소','코뿔쏘',3,'ㅃ','ㄹ','https://ggomalggomal.s3.ap-southeast-2.amazonaws.com/ggomal/word/qq/qq+(13).png','https://ggomalggomal.s3.ap-southeast-2.amazonaws.com/ggomal/sound/qQv/%EC%BD%94%EB%BF%94%EC%86%8C.mp3','2024-05-08 08:01:10','2024-05-09 07:08:42',NULL),(248,'킥보드','킥뽀드',3,'ㅃ','ㄱ','https://ggomalggomal.s3.ap-southeast-2.amazonaws.com/ggomal/word/qq/qq+(14).png','https://ggomalggomal.s3.ap-southeast-2.amazonaws.com/ggomal/sound/qQv/%ED%82%A5%EB%B3%B4%EB%93%9C.mp3','2024-05-08 08:01:10','2024-05-09 07:08:42',NULL),(249,'호빵','호빵',2,'ㅃ','ㅇ','https://ggomalggomal.s3.ap-southeast-2.amazonaws.com/ggomal/word/qq/qq+(15).png','https://ggomalggomal.s3.ap-southeast-2.amazonaws.com/ggomal/sound/d/%ED%98%B8%EB%B9%B5.mp3','2024-05-08 08:01:10','2024-05-09 07:08:32',NULL),(250,'단풍','단풍',2,'ㅍ','ㅇ','https://ggomalggomal.s3.ap-southeast-2.amazonaws.com/ggomal/word/v/v+(1).png','https://ggomalggomal.s3.ap-southeast-2.amazonaws.com/ggomal/sound/d/%EB%8B%A8%ED%92%8D.mp3','2024-05-08 08:01:10','2024-05-09 07:08:31',NULL),(251,'달팽이','달팽이',3,'ㅍ','ㅇ','https://ggomalggomal.s3.ap-southeast-2.amazonaws.com/ggomal/word/v/v+(2).png','https://ggomalggomal.s3.ap-southeast-2.amazonaws.com/ggomal/sound/qQv/%EB%8B%AC%ED%8C%BD%EC%9D%B4.mp3','2024-05-08 08:01:10','2024-05-09 07:08:42',NULL),(252,'루돌프','루돌프',3,'ㅍ','ㄹ','https://ggomalggomal.s3.ap-southeast-2.amazonaws.com/ggomal/word/v/v+(3).png','https://ggomalggomal.s3.ap-southeast-2.amazonaws.com/ggomal/sound/eEx/%EB%A3%A8%EB%8F%8C%ED%94%84.mp3','2024-05-08 08:01:10','2024-05-09 07:08:34',NULL),(253,'물음표','무름표',3,'ㅍ','ㅁ','https://ggomalggomal.s3.ap-southeast-2.amazonaws.com/ggomal/word/v/v+(4).png','https://ggomalggomal.s3.ap-southeast-2.amazonaws.com/ggomal/sound/a/%EB%AC%BC%EC%9D%8C%ED%91%9C.mp3','2024-05-08 08:01:10','2024-05-09 07:06:47',NULL),(255,'선풍기','선풍기',3,'ㅍ','ㅇ','https://ggomalggomal.s3.ap-southeast-2.amazonaws.com/ggomal/word/v/v+(6).png','https://ggomalggomal.s3.ap-southeast-2.amazonaws.com/ggomal/sound/d/%EC%84%A0%ED%92%8D%EA%B8%B0.mp3','2024-05-08 08:01:10','2024-05-09 07:08:32',NULL),(256,'소파','소파',2,'ㅍ',NULL,'https://ggomalggomal.s3.ap-southeast-2.amazonaws.com/ggomal/word/v/v+(7).png','https://ggomalggomal.s3.ap-southeast-2.amazonaws.com/ggomal/sound/qQv/%EC%86%8C%ED%8C%8C.mp3','2024-05-08 08:01:10','2024-05-09 07:08:42',NULL),(257,'슬리퍼','슬리퍼',3,'ㅍ','ㄹ','https://ggomalggomal.s3.ap-southeast-2.amazonaws.com/ggomal/word/v/v+(8).png','https://ggomalggomal.s3.ap-southeast-2.amazonaws.com/ggomal/sound/qQv/%EC%8A%AC%EB%A6%AC%ED%8D%BC.mp3','2024-05-08 08:01:10','2024-05-09 07:08:42',NULL),(258,'실로폰','실로폰',3,'ㅍ','ㄴ','https://ggomalggomal.s3.ap-southeast-2.amazonaws.com/ggomal/word/v/v+(9).png','https://ggomalggomal.s3.ap-southeast-2.amazonaws.com/ggomal/sound/f/%EC%8B%A4%EB%A1%9C%ED%8F%B0.mp3','2024-05-08 08:01:10','2024-05-09 07:08:38',NULL),(259,'양파','양파',2,'ㅍ','ㅇ','https://ggomalggomal.s3.ap-southeast-2.amazonaws.com/ggomal/word/v/v+(10).png','https://ggomalggomal.s3.ap-southeast-2.amazonaws.com/ggomal/sound/d/%EC%96%91%ED%8C%8C.mp3','2024-05-08 08:01:10','2024-05-09 07:08:32',NULL),(260,'연필','연필',2,'ㅍ','ㄴ','https://ggomalggomal.s3.ap-southeast-2.amazonaws.com/ggomal/word/v/v+(11).png','https://ggomalggomal.s3.ap-southeast-2.amazonaws.com/ggomal/sound/f/%EC%97%B0%ED%95%84.mp3','2024-05-08 08:01:10','2024-05-09 07:08:38',NULL),(261,'원피스','원피스',3,'ㅍ','ㄴ','https://ggomalggomal.s3.ap-southeast-2.amazonaws.com/ggomal/word/v/v+(12).png','https://ggomalggomal.s3.ap-southeast-2.amazonaws.com/ggomal/sound/qQv/%EC%9B%90%ED%94%BC%EC%8A%A4.mp3','2024-05-08 08:01:10','2024-05-09 07:08:42',NULL),(262,'이어폰','이어폰',3,'ㅍ','ㄴ','https://ggomalggomal.s3.ap-southeast-2.amazonaws.com/ggomal/word/v/v+(13).png','https://ggomalggomal.s3.ap-southeast-2.amazonaws.com/ggomal/sound/qQv/%EC%9D%B4%EC%96%B4%ED%8F%B0.mp3','2024-05-08 08:01:10','2024-05-09 07:08:42',NULL),(263,'지팡이','지팡이',3,'ㅍ','ㅇ','https://ggomalggomal.s3.ap-southeast-2.amazonaws.com/ggomal/word/v/v+(14).png','https://ggomalggomal.s3.ap-southeast-2.amazonaws.com/ggomal/sound/qQv/%EC%A7%80%ED%8C%A1%EC%9D%B4.mp3','2024-05-08 08:01:10','2024-05-09 07:08:42',NULL),(264,'칠판','칠판',2,'ㅍ','ㄹ','https://ggomalggomal.s3.ap-southeast-2.amazonaws.com/ggomal/word/v/v+(15).png','https://ggomalggomal.s3.ap-southeast-2.amazonaws.com/ggomal/sound/c/%EC%B9%A0%ED%8C%90.mp3','2024-05-08 08:01:10','2024-05-09 07:08:29',NULL),(265,'커피','커피',2,'ㅍ',NULL,'https://ggomalggomal.s3.ap-southeast-2.amazonaws.com/ggomal/word/v/v+(16).png','https://ggomalggomal.s3.ap-southeast-2.amazonaws.com/ggomal/sound/qQv/%EC%BB%A4%ED%94%BC.mp3','2024-05-08 08:01:10','2024-05-09 07:08:42',NULL),(266,'크레파스','크레파쓰',4,'ㅍ',NULL,'https://ggomalggomal.s3.ap-southeast-2.amazonaws.com/ggomal/word/v/v+(17).png','https://ggomalggomal.s3.ap-southeast-2.amazonaws.com/ggomal/sound/f/%ED%81%AC%EB%A0%88%ED%8C%8C%EC%8A%A4.mp3','2024-05-08 08:01:10','2024-05-09 07:08:38',NULL),(267,'테이프','테이프',3,'ㅍ',NULL,'https://ggomalggomal.s3.ap-southeast-2.amazonaws.com/ggomal/word/v/v+(18).png','https://ggomalggomal.s3.ap-southeast-2.amazonaws.com/ggomal/sound/eEx/%ED%85%8C%EC%9D%B4%ED%94%84.mp3','2024-05-08 08:01:10','2024-05-09 07:08:35',NULL),(268,'파리','파리',2,'ㅍ',NULL,'https://ggomalggomal.s3.ap-southeast-2.amazonaws.com/ggomal/word/v/v+(19).png','https://ggomalggomal.s3.ap-southeast-2.amazonaws.com/ggomal/sound/f/%ED%8C%8C%EB%A6%AC.mp3','2024-05-08 08:01:10','2024-05-09 07:08:38',NULL),(269,'파인애플','파이내플',4,'ㅍ','ㄹ','https://ggomalggomal.s3.ap-southeast-2.amazonaws.com/ggomal/word/v/v+(20).png','https://ggomalggomal.s3.ap-southeast-2.amazonaws.com/ggomal/sound/qQv/%ED%8C%8C%EC%9D%B8%EC%95%A0%ED%94%8C.mp3','2024-05-08 08:01:10','2024-05-09 07:08:42',NULL),(270,'판다','판다',2,'ㅍ','ㄴ','https://ggomalggomal.s3.ap-southeast-2.amazonaws.com/ggomal/word/v/v+(21).png','https://ggomalggomal.s3.ap-southeast-2.amazonaws.com/ggomal/sound/qQv/%ED%8C%90%EB%8B%A4.mp3','2024-05-08 08:01:10','2024-05-09 07:08:42',NULL),(271,'팔찌','팔지',2,'ㅍ','ㄹ','https://ggomalggomal.s3.ap-southeast-2.amazonaws.com/ggomal/word/v/v+(22).png','https://ggomalggomal.s3.ap-southeast-2.amazonaws.com/ggomal/sound/qQv/%ED%8C%94%EC%B0%8C.mp3','2024-05-08 08:01:10','2024-05-09 07:08:42',NULL),(272,'팬티','팬티',2,'ㅍ','ㄴ','https://ggomalggomal.s3.ap-southeast-2.amazonaws.com/ggomal/word/v/v+(23).png','https://ggomalggomal.s3.ap-southeast-2.amazonaws.com/ggomal/sound/eEx/%ED%8C%AC%ED%8B%B0.mp3','2024-05-08 08:01:10','2024-05-09 07:08:35',NULL),(273,'퍼즐','퍼즐',2,'ㅍ',NULL,'https://ggomalggomal.s3.ap-southeast-2.amazonaws.com/ggomal/word/v/v+(24).png','https://ggomalggomal.s3.ap-southeast-2.amazonaws.com/ggomal/sound/qQv/%ED%8D%BC%EC%A6%90.mp3','2024-05-08 08:01:10','2024-05-09 07:08:42',NULL),(274,'펭귄','펭귄',2,'ㅍ','ㅇ','https://ggomalggomal.s3.ap-southeast-2.amazonaws.com/ggomal/word/v/v+(25).png','https://ggomalggomal.s3.ap-southeast-2.amazonaws.com/ggomal/sound/d/%ED%8E%AD%EA%B7%84.mp3','2024-05-08 08:01:10','2024-05-09 07:08:32',NULL),(275,'편의점','펴니점',3,'ㅍ','ㅁ','https://ggomalggomal.s3.ap-southeast-2.amazonaws.com/ggomal/word/v/v+(26).png','https://ggomalggomal.s3.ap-southeast-2.amazonaws.com/ggomal/sound/qQv/%ED%8E%B8%EC%9D%98%EC%A0%90.mp3','2024-05-08 08:01:10','2024-05-09 07:08:42',NULL),(276,'편지','편지',2,'ㅍ','ㄴ','https://ggomalggomal.s3.ap-southeast-2.amazonaws.com/ggomal/word/v/v+(27).png','https://ggomalggomal.s3.ap-southeast-2.amazonaws.com/ggomal/sound/qQv/%ED%8E%B8%EC%A7%80.mp3','2024-05-08 08:01:10','2024-05-09 07:08:42',NULL),(277,'포도','포도',2,'ㅍ',NULL,'https://ggomalggomal.s3.ap-southeast-2.amazonaws.com/ggomal/word/v/v+(28).png','https://ggomalggomal.s3.ap-southeast-2.amazonaws.com/ggomal/sound/eEx/%ED%8F%AC%EB%8F%84.mp3','2024-05-08 08:01:10','2024-05-09 07:08:35',NULL),(278,'포크','포크',2,'ㅍ',NULL,'https://ggomalggomal.s3.ap-southeast-2.amazonaws.com/ggomal/word/v/v+(29).png','https://ggomalggomal.s3.ap-southeast-2.amazonaws.com/ggomal/sound/qQv/%ED%8F%AC%ED%81%AC.mp3','2024-05-08 08:01:10','2024-05-09 07:08:42',NULL),(279,'포크레인','포크레인',4,'ㅍ','ㄴ','https://ggomalggomal.s3.ap-southeast-2.amazonaws.com/ggomal/word/v/v+(30).png','https://ggomalggomal.s3.ap-southeast-2.amazonaws.com/ggomal/sound/f/%ED%8F%AC%ED%81%AC%EB%A0%88%EC%9D%B8.mp3','2024-05-08 08:01:10','2024-05-09 07:08:38',NULL),(280,'표지판','표지판',3,'ㅍ','ㄴ','https://ggomalggomal.s3.ap-southeast-2.amazonaws.com/ggomal/word/v/v+(31).png','https://ggomalggomal.s3.ap-southeast-2.amazonaws.com/ggomal/sound/qQv/%ED%91%9C%EC%A7%80%ED%8C%90.mp3','2024-05-08 08:01:10','2024-05-09 07:08:42',NULL),(281,'피아노','피아노',3,'ㅍ',NULL,'https://ggomalggomal.s3.ap-southeast-2.amazonaws.com/ggomal/word/v/v+(32).png','https://ggomalggomal.s3.ap-southeast-2.amazonaws.com/ggomal/sound/qQv/%ED%94%BC%EC%95%84%EB%85%B8.mp3','2024-05-08 08:01:10','2024-05-09 07:08:42',NULL),(282,'피자','피자',2,'ㅍ',NULL,'https://ggomalggomal.s3.ap-southeast-2.amazonaws.com/ggomal/word/v/v+(33).png','https://ggomalggomal.s3.ap-southeast-2.amazonaws.com/ggomal/sound/qQv/%ED%94%BC%EC%9E%90.mp3','2024-05-08 08:01:10','2024-05-09 07:08:42',NULL),(283,'필통','필통',2,'ㅍ','ㄹ','https://ggomalggomal.s3.ap-southeast-2.amazonaws.com/ggomal/word/v/v+(34).png','https://ggomalggomal.s3.ap-southeast-2.amazonaws.com/ggomal/sound/eEx/%ED%95%84%ED%86%B5.mp3','2024-05-08 08:01:10','2024-05-09 07:08:35',NULL),(284,'해파리','해파리',3,'ㅍ',NULL,'https://ggomalggomal.s3.ap-southeast-2.amazonaws.com/ggomal/word/v/v+(35).png','https://ggomalggomal.s3.ap-southeast-2.amazonaws.com/ggomal/sound/f/%ED%95%B4%ED%8C%8C%EB%A6%AC.mp3','2024-05-08 08:01:10','2024-05-09 07:08:38',NULL),(285,'휴대폰','휴대폰',3,'ㅍ','ㄴ','https://ggomalggomal.s3.ap-southeast-2.amazonaws.com/ggomal/word/v/v+(36).png','https://ggomalggomal.s3.ap-southeast-2.amazonaws.com/ggomal/sound/qQv/%ED%9C%B4%EB%8C%80%ED%8F%B0.mp3','2024-05-08 08:01:10','2024-05-09 07:08:43',NULL),(286,'구급차','구급차',3,'ㄱ','ㅂ','https://ggomalggomal.s3.ap-southeast-2.amazonaws.com/ggomal/word/eq/eq+(1).png','https://ggomalggomal.s3.ap-southeast-2.amazonaws.com/ggomal/sound/c/%EA%B5%AC%EA%B8%89%EC%B0%A8.mp3','2024-05-08 08:01:10','2024-05-09 07:08:28',NULL),(287,'깁스','깁스',2,'ㄱ','ㅂ','https://ggomalggomal.s3.ap-southeast-2.amazonaws.com/ggomal/word/eq/eq+(2).png','https://ggomalggomal.s3.ap-southeast-2.amazonaws.com/ggomal/sound/qQv/%EA%B9%81%EC%8A%A4.mp3','2024-05-08 08:01:10','2024-05-09 07:08:43',NULL),(288,'나뭇잎','나문닙',3,'ㄴ','ㅂ','https://ggomalggomal.s3.ap-southeast-2.amazonaws.com/ggomal/word/eq/eq+(3).png','https://ggomalggomal.s3.ap-southeast-2.amazonaws.com/ggomal/sound/qQv/%EB%82%98%EB%AD%87%EC%9E%8E.mp3','2024-05-08 08:01:10','2024-05-09 07:08:43',NULL),(289,'뒤집개','뒤집깨',3,'ㄷ','ㅂ','https://ggomalggomal.s3.ap-southeast-2.amazonaws.com/ggomal/word/eq/eq+(4).png','https://ggomalggomal.s3.ap-southeast-2.amazonaws.com/ggomal/sound/eEx/%EB%92%A4%EC%A7%91%EA%B0%9C.mp3','2024-05-08 08:01:10','2024-05-09 07:08:34',NULL),(290,'립스틱','립스틱',3,'ㄹ','ㅂ','https://ggomalggomal.s3.ap-southeast-2.amazonaws.com/ggomal/word/eq/eq+(5).png','https://ggomalggomal.s3.ap-southeast-2.amazonaws.com/ggomal/sound/eEx/%EB%A6%BD%EC%8A%A4%ED%8B%B1.mp3','2024-05-08 08:01:10','2024-05-09 07:08:35',NULL),(291,'마법사','마법싸',3,'ㅁ','ㅂ','https://ggomalggomal.s3.ap-southeast-2.amazonaws.com/ggomal/word/eq/eq+(6).png','https://ggomalggomal.s3.ap-southeast-2.amazonaws.com/ggomal/sound/qQv/%EB%A7%88%EB%B2%95%EC%82%AC.mp3','2024-05-08 08:01:10','2024-05-09 07:08:43',NULL),(292,'밥','밥',1,'ㅂ','ㅂ','https://ggomalggomal.s3.ap-southeast-2.amazonaws.com/ggomal/word/eq/eq+(7).png','https://ggomalggomal.s3.ap-southeast-2.amazonaws.com/ggomal/sound/qQv/%EB%B0%A5.mp3','2024-05-08 08:01:10','2024-05-09 07:08:43',NULL),(293,'삽','삽',1,'ㅅ','ㅂ','https://ggomalggomal.s3.ap-southeast-2.amazonaws.com/ggomal/word/eq/eq+(8).png','https://ggomalggomal.s3.ap-southeast-2.amazonaws.com/ggomal/sound/qQv/%EC%82%BD.mp3','2024-05-08 08:01:10','2024-05-09 07:08:43',NULL),(294,'서랍','서랍',2,'ㅅ','ㅂ','https://ggomalggomal.s3.ap-southeast-2.amazonaws.com/ggomal/word/eq/eq+(9).png','https://ggomalggomal.s3.ap-southeast-2.amazonaws.com/ggomal/sound/qQv/%EC%84%9C%EB%9E%8D.mp3','2024-05-08 08:01:10','2024-05-09 07:08:43',NULL),(295,'손톱','손톱',2,'ㅌ','ㅂ','https://ggomalggomal.s3.ap-southeast-2.amazonaws.com/ggomal/word/eq/eq+(10).png','https://ggomalggomal.s3.ap-southeast-2.amazonaws.com/ggomal/sound/qQv/%EC%86%90%ED%86%B1.mp3','2024-05-08 08:01:10','2024-05-09 07:08:43',NULL),(296,'수갑','수갑',2,'ㅅ','ㅂ','https://ggomalggomal.s3.ap-southeast-2.amazonaws.com/ggomal/word/eq/eq+(11).png','https://ggomalggomal.s3.ap-southeast-2.amazonaws.com/ggomal/sound/qQv/%EC%88%98%EA%B0%91.mp3','2024-05-08 08:01:10','2024-05-09 07:08:43',NULL),(297,'십','십',1,'ㅅ','ㅂ','https://ggomalggomal.s3.ap-southeast-2.amazonaws.com/ggomal/word/eq/eq+(12).png','https://ggomalggomal.s3.ap-southeast-2.amazonaws.com/ggomal/sound/qQv/%EC%8B%AD.mp3','2024-05-08 08:01:10','2024-05-09 07:08:43',NULL),(298,'앞치마','압치마',3,'ㅊ','ㅂ','https://ggomalggomal.s3.ap-southeast-2.amazonaws.com/ggomal/word/eq/eq+(13).png','https://ggomalggomal.s3.ap-southeast-2.amazonaws.com/ggomal/sound/qQv/%EC%95%9E%EC%B9%98%EB%A7%88.mp3','2024-05-08 08:01:10','2024-05-09 07:08:43',NULL),(299,'입술','입쑬',2,'ㅅ','ㅂ','https://ggomalggomal.s3.ap-southeast-2.amazonaws.com/ggomal/word/eq/eq+(14).png','https://ggomalggomal.s3.ap-southeast-2.amazonaws.com/ggomal/sound/qQv/%EC%9E%85%EC%88%A0.mp3','2024-05-08 08:01:10','2024-05-09 07:08:43',NULL),(300,'장갑','장갑',2,'ㅈ','ㅂ','https://ggomalggomal.s3.ap-southeast-2.amazonaws.com/ggomal/word/eq/eq+(15).png','https://ggomalggomal.s3.ap-southeast-2.amazonaws.com/ggomal/sound/d/%EC%9E%A5%EA%B0%91.mp3','2024-05-08 08:01:10','2024-05-09 07:08:32',NULL),(301,'접시','접씨',2,'ㅈ','ㅂ','https://ggomalggomal.s3.ap-southeast-2.amazonaws.com/ggomal/word/eq/eq+(16).png','https://ggomalggomal.s3.ap-southeast-2.amazonaws.com/ggomal/sound/qQv/%EC%A0%91%EC%8B%9C.mp3','2024-05-08 08:01:10','2024-05-09 07:08:43',NULL),(302,'집','집',1,'ㅈ','ㅂ','https://ggomalggomal.s3.ap-southeast-2.amazonaws.com/ggomal/word/eq/eq+(17).png','https://ggomalggomal.s3.ap-southeast-2.amazonaws.com/ggomal/sound/qQv/%EC%A7%91.mp3','2024-05-08 08:01:10','2024-05-09 07:08:43',NULL),(303,'컵','컵',1,'ㅋ','ㅂ','https://ggomalggomal.s3.ap-southeast-2.amazonaws.com/ggomal/word/eq/eq+(18).png','https://ggomalggomal.s3.ap-southeast-2.amazonaws.com/ggomal/sound/qQv/%EC%BB%B5.mp3','2024-05-08 08:01:10','2024-05-09 07:08:43',NULL),(304,'컵라면','컵라면',3,'ㅋ','ㅂ','https://ggomalggomal.s3.ap-southeast-2.amazonaws.com/ggomal/word/eq/eq+(19).png','https://ggomalggomal.s3.ap-southeast-2.amazonaws.com/ggomal/sound/qQv/%EC%BB%B5%EB%9D%BC%EB%A9%B4.mp3','2024-05-08 08:01:10','2024-05-09 07:08:43',NULL),(305,'케찹','케찹',2,'ㅋ','ㅂ','https://ggomalggomal.s3.ap-southeast-2.amazonaws.com/ggomal/word/eq/eq+(20).png','https://ggomalggomal.s3.ap-southeast-2.amazonaws.com/ggomal/sound/qQv/%EC%BC%80%EC%B0%B9.mp3','2024-05-08 08:01:10','2024-05-09 07:08:43',NULL),(306,'톱','톱',1,'ㅌ','ㅂ','https://ggomalggomal.s3.ap-southeast-2.amazonaws.com/ggomal/word/eq/eq+(21).png','https://ggomalggomal.s3.ap-southeast-2.amazonaws.com/ggomal/sound/qQv/%ED%86%B1.mp3','2024-05-08 08:01:10','2024-05-09 07:08:43',NULL),(307,'튤립','튤립',2,'ㅌ','ㅂ','https://ggomalggomal.s3.ap-southeast-2.amazonaws.com/ggomal/word/eq/eq+(22).png','https://ggomalggomal.s3.ap-southeast-2.amazonaws.com/ggomal/sound/eEx/%ED%8A%A4%EB%A6%BD.mp3','2024-05-08 08:01:10','2024-05-09 07:08:35',NULL),(308,'팝콘','팝콘',2,'ㅍ','ㅂ','https://ggomalggomal.s3.ap-southeast-2.amazonaws.com/ggomal/word/eq/eq+(23).png','https://ggomalggomal.s3.ap-southeast-2.amazonaws.com/ggomal/sound/qQv/%ED%8C%9D%EC%BD%98.mp3','2024-05-08 08:01:10','2024-05-09 07:08:43',NULL),(309,'헬리콥터','헬리콥터',4,'ㅋ','ㅂ','https://ggomalggomal.s3.ap-southeast-2.amazonaws.com/ggomal/word/eq/eq+(24).png','https://ggomalggomal.s3.ap-southeast-2.amazonaws.com/ggomal/sound/eEx/%ED%97%AC%EB%A6%AC%EC%BD%A5%ED%84%B0.mp3','2024-05-08 08:01:10','2024-05-09 07:08:35',NULL),(310,'가로등','가로등',3,'ㄱ','ㅇ','https://ggomalggomal.s3.ap-southeast-2.amazonaws.com/ggomal/word/r/r+(1).png','https://ggomalggomal.s3.ap-southeast-2.amazonaws.com/ggomal/sound/d/%EA%B0%80%EB%A1%9C%EB%93%B1.mp3','2024-05-08 08:01:13','2024-05-09 07:08:31',NULL),(311,'가위','가위',2,'ㄱ',NULL,'https://ggomalggomal.s3.ap-southeast-2.amazonaws.com/ggomal/word/r/r+(2).png','https://ggomalggomal.s3.ap-southeast-2.amazonaws.com/ggomal/sound/rkz/%EA%B0%80%EC%9C%84.mp3','2024-05-08 08:01:13','2024-05-09 07:08:44',NULL),(312,'가지','가지',2,'ㄱ',NULL,'https://ggomalggomal.s3.ap-southeast-2.amazonaws.com/ggomal/word/r/r+(3).png','https://ggomalggomal.s3.ap-southeast-2.amazonaws.com/ggomal/sound/rkz/%EA%B0%80%EC%A7%80.mp3','2024-05-08 08:01:13','2024-05-09 07:08:44',NULL),(313,'감자튀김','감자튀김',4,'ㄱ','ㅁ','https://ggomalggomal.s3.ap-southeast-2.amazonaws.com/ggomal/word/r/r+(4).png','https://ggomalggomal.s3.ap-southeast-2.amazonaws.com/ggomal/sound/rkz/%EA%B0%90%EC%9E%90%ED%8A%80%EA%B9%80.mp3','2024-05-08 08:01:13','2024-05-09 07:08:44',NULL),(314,'개구리','개구리',3,'ㄱ',NULL,'https://ggomalggomal.s3.ap-southeast-2.amazonaws.com/ggomal/word/r/r+(5).png','https://ggomalggomal.s3.ap-southeast-2.amazonaws.com/ggomal/sound/f/%EA%B0%9C%EA%B5%AC%EB%A6%AC.mp3','2024-05-08 08:01:13','2024-05-09 07:08:37',NULL),(315,'개미','개미',2,'ㄱ',NULL,'https://ggomalggomal.s3.ap-southeast-2.amazonaws.com/ggomal/word/r/r+(6).png','https://ggomalggomal.s3.ap-southeast-2.amazonaws.com/ggomal/sound/a/%EA%B0%9C%EB%AF%B8.mp3','2024-05-08 08:01:13','2024-05-09 07:06:46',NULL),(316,'거미줄','거미줄',3,'ㄱ','ㄹ','https://ggomalggomal.s3.ap-southeast-2.amazonaws.com/ggomal/word/r/r+(7).png','https://ggomalggomal.s3.ap-southeast-2.amazonaws.com/ggomal/sound/rkz/%EA%B1%B0%EB%AF%B8%EC%A4%84.mp3','2024-05-08 08:01:13','2024-05-09 07:08:44',NULL),(317,'거북이','거부기',3,'ㄱ','ㄱ','https://ggomalggomal.s3.ap-southeast-2.amazonaws.com/ggomal/word/r/r+(8).png','https://ggomalggomal.s3.ap-southeast-2.amazonaws.com/ggomal/sound/qQv/%EA%B1%B0%EB%B6%81%EC%9D%B4.mp3','2024-05-08 08:01:13','2024-05-09 07:08:41',NULL),(318,'거울','거울',2,'ㄱ','ㄹ','https://ggomalggomal.s3.ap-southeast-2.amazonaws.com/ggomal/word/r/r+(9).png','https://ggomalggomal.s3.ap-southeast-2.amazonaws.com/ggomal/sound/f/%EA%B1%B0%EC%9A%B8.mp3','2024-05-08 08:01:13','2024-05-09 07:08:38',NULL),(319,'경찰차','경ː찰차',3,'ㄱ','ㄹ','https://ggomalggomal.s3.ap-southeast-2.amazonaws.com/ggomal/word/r/r+(10).png','https://ggomalggomal.s3.ap-southeast-2.amazonaws.com/ggomal/sound/d/%EA%B2%BD%EC%B0%B0%EC%B0%A8.mp3','2024-05-08 08:01:13','2024-05-09 07:08:31',NULL),(320,'계란','게란',2,'ㄱ','ㄴ','https://ggomalggomal.s3.ap-southeast-2.amazonaws.com/ggomal/word/r/r+(11).png','https://ggomalggomal.s3.ap-southeast-2.amazonaws.com/ggomal/sound/rkz/%EA%B3%84%EB%9E%80.mp3','2024-05-08 08:01:13','2024-05-09 07:08:44',NULL),(321,'고구마','고구마',3,'ㄱ',NULL,'https://ggomalggomal.s3.ap-southeast-2.amazonaws.com/ggomal/word/r/r+(12).png','https://ggomalggomal.s3.ap-southeast-2.amazonaws.com/ggomal/sound/rkz/%EA%B3%A0%EA%B5%AC%EB%A7%88.mp3','2024-05-08 08:01:13','2024-05-09 07:08:45',NULL),(322,'고래','고래',2,'ㄱ',NULL,'https://ggomalggomal.s3.ap-southeast-2.amazonaws.com/ggomal/word/r/r+(13).png','https://ggomalggomal.s3.ap-southeast-2.amazonaws.com/ggomal/sound/f/%EA%B3%A0%EB%9E%98.mp3','2024-05-08 08:01:13','2024-05-09 07:08:37',NULL),(323,'고슴도치','고슴도치',4,'ㄱ','ㅁ','https://ggomalggomal.s3.ap-southeast-2.amazonaws.com/ggomal/word/r/r+(14).png','https://ggomalggomal.s3.ap-southeast-2.amazonaws.com/ggomal/sound/c/%EA%B3%A0%EC%8A%B4%EB%8F%84%EC%B9%98.mp3','2024-05-08 08:01:13','2024-05-09 07:08:28',NULL),(324,'고추','고추',2,'ㄱ',NULL,'https://ggomalggomal.s3.ap-southeast-2.amazonaws.com/ggomal/word/r/r+(15).png','https://ggomalggomal.s3.ap-southeast-2.amazonaws.com/ggomal/sound/c/%EA%B3%A0%EC%B6%94.mp3','2024-05-08 08:01:13','2024-05-09 07:08:28',NULL),(325,'곰돌이','곰도리',3,'ㄱ','ㅁ','https://ggomalggomal.s3.ap-southeast-2.amazonaws.com/ggomal/word/r/r+(16).png','https://ggomalggomal.s3.ap-southeast-2.amazonaws.com/ggomal/sound/rkz/%EA%B3%B0%EB%8F%8C%EC%9D%B4.mp3','2024-05-08 08:01:13','2024-05-09 07:08:45',NULL),(326,'구급차','구ː급차',3,'ㄱ','ㅂ','https://ggomalggomal.s3.ap-southeast-2.amazonaws.com/ggomal/word/r/r+(17).png','https://ggomalggomal.s3.ap-southeast-2.amazonaws.com/ggomal/sound/c/%EA%B5%AC%EA%B8%89%EC%B0%A8.mp3','2024-05-08 08:01:13','2024-05-09 07:08:28',NULL),(327,'구름','구름',2,'ㄱ','ㅁ','https://ggomalggomal.s3.ap-southeast-2.amazonaws.com/ggomal/word/r/r+(18).png','https://ggomalggomal.s3.ap-southeast-2.amazonaws.com/ggomal/sound/a/%EA%B5%AC%EB%A6%84.mp3','2024-05-08 08:01:13','2024-05-09 07:06:47',NULL),(328,'귀','귀',1,'ㄱ',NULL,'https://ggomalggomal.s3.ap-southeast-2.amazonaws.com/ggomal/word/r/r+(19).png','https://ggomalggomal.s3.ap-southeast-2.amazonaws.com/ggomal/sound/rkz/%EA%B7%80.mp3','2024-05-08 08:01:13','2024-05-09 07:08:45',NULL),(329,'귀신','귀신',2,'ㄱ','ㄴ','https://ggomalggomal.s3.ap-southeast-2.amazonaws.com/ggomal/word/r/r+(20).png','https://ggomalggomal.s3.ap-southeast-2.amazonaws.com/ggomal/sound/rkz/%EA%B7%80%EC%8B%A0.mp3','2024-05-08 08:01:13','2024-05-09 07:08:45',NULL),(330,'귤','귤',1,'ㄱ','ㄹ','https://ggomalggomal.s3.ap-southeast-2.amazonaws.com/ggomal/word/r/r+(21).png','https://ggomalggomal.s3.ap-southeast-2.amazonaws.com/ggomal/sound/rkz/%EA%B7%A4.mp3','2024-05-08 08:01:13','2024-05-09 07:08:45',NULL),(331,'그네','그네',2,'ㄱ',NULL,'https://ggomalggomal.s3.ap-southeast-2.amazonaws.com/ggomal/word/r/r+(22).png','https://ggomalggomal.s3.ap-southeast-2.amazonaws.com/ggomal/sound/rkz/%EA%B7%B8%EB%84%A4.mp3','2024-05-08 08:01:13','2024-05-09 07:08:45',NULL),(332,'그릇','그륻',2,'ㄱ','ㄷ','https://ggomalggomal.s3.ap-southeast-2.amazonaws.com/ggomal/word/r/r+(23).png','https://ggomalggomal.s3.ap-southeast-2.amazonaws.com/ggomal/sound/rkz/%EA%B7%B8%EB%A6%87.mp3','2024-05-08 08:01:13','2024-05-09 07:08:45',NULL),(333,'기린','기린',2,'ㄱ','ㄴ','https://ggomalggomal.s3.ap-southeast-2.amazonaws.com/ggomal/word/r/r+(24).png','https://ggomalggomal.s3.ap-southeast-2.amazonaws.com/ggomal/sound/f/%EA%B8%B0%EB%A6%B0.mp3','2024-05-08 08:01:13','2024-05-09 07:08:37',NULL),(334,'기차','기차',2,'ㄱ',NULL,'https://ggomalggomal.s3.ap-southeast-2.amazonaws.com/ggomal/word/r/r+(25).png','https://ggomalggomal.s3.ap-southeast-2.amazonaws.com/ggomal/sound/c/%EA%B8%B0%EC%B0%A8.mp3','2024-05-08 08:01:13','2024-05-09 07:08:28',NULL),(335,'당근','당근',2,'ㄱ','ㅇ','https://ggomalggomal.s3.ap-southeast-2.amazonaws.com/ggomal/word/r/r+(26).png','https://ggomalggomal.s3.ap-southeast-2.amazonaws.com/ggomal/sound/eEx/%EB%8B%B9%EA%B7%BC.mp3','2024-05-08 08:01:13','2024-05-09 07:08:34',NULL),(336,'딸기','딸기',2,'ㄱ','ㄹ','https://ggomalggomal.s3.ap-southeast-2.amazonaws.com/ggomal/word/r/r+(27).png','https://ggomalggomal.s3.ap-southeast-2.amazonaws.com/ggomal/sound/f/%EB%94%B8%EA%B8%B0.mp3','2024-05-08 08:01:13','2024-05-09 07:08:38',NULL),(337,'모기','모기',2,'ㄱ',NULL,'https://ggomalggomal.s3.ap-southeast-2.amazonaws.com/ggomal/word/r/r+(28).png','https://ggomalggomal.s3.ap-southeast-2.amazonaws.com/ggomal/sound/a/%EB%AA%A8%EA%B8%B0.mp3','2024-05-08 08:01:13','2024-05-09 07:06:46',NULL),(338,'무지개','무지개',3,'ㄱ',NULL,'https://ggomalggomal.s3.ap-southeast-2.amazonaws.com/ggomal/word/r/r+(29).png','https://ggomalggomal.s3.ap-southeast-2.amazonaws.com/ggomal/sound/a/%EB%AC%B4%EC%A7%80%EA%B0%9C.mp3','2024-05-08 08:01:13','2024-05-09 07:06:46',NULL),(339,'바구니','바구니',3,'ㄱ',NULL,'https://ggomalggomal.s3.ap-southeast-2.amazonaws.com/ggomal/word/r/r+(30).png','https://ggomalggomal.s3.ap-southeast-2.amazonaws.com/ggomal/sound/rkz/%EB%B0%94%EA%B5%AC%EB%8B%88.mp3','2024-05-08 08:01:13','2024-05-09 07:08:45',NULL),(340,'변기','변기',2,'ㄱ','ㄴ','https://ggomalggomal.s3.ap-southeast-2.amazonaws.com/ggomal/word/r/r+(31).png','https://ggomalggomal.s3.ap-southeast-2.amazonaws.com/ggomal/sound/qQv/%EB%B3%80%EA%B8%B0.mp3','2024-05-08 08:01:13','2024-05-09 07:08:41',NULL),(341,'불가사리','불가사리',4,'ㄱ','ㄹ','https://ggomalggomal.s3.ap-southeast-2.amazonaws.com/ggomal/word/r/r+(32).png','https://ggomalggomal.s3.ap-southeast-2.amazonaws.com/ggomal/sound/f/%EB%B6%88%EA%B0%80%EC%82%AC%EB%A6%AC.mp3','2024-05-08 08:01:13','2024-05-09 07:08:37',NULL),(342,'비둘기','비둘기',3,'ㄱ','ㄹ','https://ggomalggomal.s3.ap-southeast-2.amazonaws.com/ggomal/word/r/r+(33).png','https://ggomalggomal.s3.ap-southeast-2.amazonaws.com/ggomal/sound/eEx/%EB%B9%84%EB%91%98%EA%B8%B0.mp3','2024-05-08 08:01:14','2024-05-09 07:08:35',NULL),(343,'비행기','비행기',3,'ㄱ','ㅇ','https://ggomalggomal.s3.ap-southeast-2.amazonaws.com/ggomal/word/r/r+(34).png','https://ggomalggomal.s3.ap-southeast-2.amazonaws.com/ggomal/sound/d/%EB%B9%84%ED%96%89%EA%B8%B0.mp3','2024-05-08 08:01:14','2024-05-09 07:08:31',NULL),(344,'사과','사과',2,'ㄱ',NULL,'https://ggomalggomal.s3.ap-southeast-2.amazonaws.com/ggomal/word/r/r+(35).png','https://ggomalggomal.s3.ap-southeast-2.amazonaws.com/ggomal/sound/rkz/%EC%82%AC%EA%B3%BC.mp3','2024-05-08 08:01:14','2024-05-09 07:08:45',NULL),(345,'선풍기','선풍기',3,'ㄱ','ㅇ','https://ggomalggomal.s3.ap-southeast-2.amazonaws.com/ggomal/word/r/r+(36).png','https://ggomalggomal.s3.ap-southeast-2.amazonaws.com/ggomal/sound/d/%EC%84%A0%ED%92%8D%EA%B8%B0.mp3','2024-05-08 08:01:14','2024-05-09 07:08:32',NULL),(346,'수갑','수갑',2,'ㄱ','ㅂ','https://ggomalggomal.s3.ap-southeast-2.amazonaws.com/ggomal/word/r/r+(37).png','https://ggomalggomal.s3.ap-southeast-2.amazonaws.com/ggomal/sound/qQv/%EC%88%98%EA%B0%91.mp3','2024-05-08 08:01:14','2024-05-09 07:08:43',NULL),(347,'수건','수건',2,'ㄱ','ㄴ','https://ggomalggomal.s3.ap-southeast-2.amazonaws.com/ggomal/word/r/r+(38).png','https://ggomalggomal.s3.ap-southeast-2.amazonaws.com/ggomal/sound/rkz/%EC%88%98%EA%B1%B4.mp3','2024-05-08 08:01:14','2024-05-09 07:08:45',NULL),(348,'시계','시계',2,'ㄱ',NULL,'https://ggomalggomal.s3.ap-southeast-2.amazonaws.com/ggomal/word/r/r+(39).png','https://ggomalggomal.s3.ap-southeast-2.amazonaws.com/ggomal/sound/rkz/%EC%8B%9C%EA%B3%84.mp3','2024-05-08 08:01:14','2024-05-09 07:08:45',NULL),(350,'야구공','야ː구공',3,'ㄱ','ㅇ','https://ggomalggomal.s3.ap-southeast-2.amazonaws.com/ggomal/word/r/r+(41).png','https://ggomalggomal.s3.ap-southeast-2.amazonaws.com/ggomal/sound/d/%EC%95%BC%EA%B5%AC%EA%B3%B5.mp3','2024-05-08 08:01:14','2024-05-09 07:08:32',NULL),(351,'왕관','왕관',2,'ㄱ','ㅇ','https://ggomalggomal.s3.ap-southeast-2.amazonaws.com/ggomal/word/r/r+(42).png','https://ggomalggomal.s3.ap-southeast-2.amazonaws.com/ggomal/sound/d/%EC%99%95%EA%B4%80.mp3','2024-05-08 08:01:14','2024-05-09 07:08:32',NULL),(352,'자전거','자전거',3,'ㄱ','ㄴ','https://ggomalggomal.s3.ap-southeast-2.amazonaws.com/ggomal/word/r/r+(43).png','https://ggomalggomal.s3.ap-southeast-2.amazonaws.com/ggomal/sound/rkz/%EC%9E%90%EC%A0%84%EA%B1%B0.mp3','2024-05-08 08:01:14','2024-05-09 07:08:45',NULL),(353,'장갑','장갑',2,'ㄱ','ㅇ','https://ggomalggomal.s3.ap-southeast-2.amazonaws.com/ggomal/word/r/r+(44).png','https://ggomalggomal.s3.ap-southeast-2.amazonaws.com/ggomal/sound/d/%EC%9E%A5%EA%B0%91.mp3','2024-05-08 08:01:14','2024-05-09 07:08:32',NULL),(354,'조개','조개',2,'ㄱ',NULL,'https://ggomalggomal.s3.ap-southeast-2.amazonaws.com/ggomal/word/r/r+(45).png','https://ggomalggomal.s3.ap-southeast-2.amazonaws.com/ggomal/sound/rkz/%EC%A1%B0%EA%B0%9C.mp3','2024-05-08 08:01:14','2024-05-09 07:08:45',NULL),(355,'지구','지구',2,'ㄱ',NULL,'https://ggomalggomal.s3.ap-southeast-2.amazonaws.com/ggomal/word/r/r+(46).png','https://ggomalggomal.s3.ap-southeast-2.amazonaws.com/ggomal/sound/rkz/%EC%A7%80%EA%B5%AC.mp3','2024-05-08 08:01:14','2024-05-09 07:08:45',NULL),(356,'지우개','지우개',3,'ㄱ',NULL,'https://ggomalggomal.s3.ap-southeast-2.amazonaws.com/ggomal/word/r/r+(47).png','https://ggomalggomal.s3.ap-southeast-2.amazonaws.com/ggomal/sound/rkz/%EC%A7%80%EC%9A%B0%EA%B0%9C.mp3','2024-05-08 08:01:14','2024-05-09 07:08:45',NULL),(357,'청진기','청진기',3,'ㄱ','ㅇ','https://ggomalggomal.s3.ap-southeast-2.amazonaws.com/ggomal/word/r/r+(48).png','https://ggomalggomal.s3.ap-southeast-2.amazonaws.com/ggomal/sound/c/%EC%B2%AD%EC%A7%84%EA%B8%B0.mp3','2024-05-08 08:01:14','2024-05-09 07:08:29',NULL),(358,'체중계','체중게',3,'ㄱ','ㅇ','https://ggomalggomal.s3.ap-southeast-2.amazonaws.com/ggomal/word/r/r+(49).png','https://ggomalggomal.s3.ap-southeast-2.amazonaws.com/ggomal/sound/rkz/%EC%B2%B4%EC%A4%91%EA%B3%84.mp3','2024-05-08 08:01:14','2024-05-09 07:08:45',NULL),(359,'튀김','튀김',2,'ㄱ','ㅁ','https://ggomalggomal.s3.ap-southeast-2.amazonaws.com/ggomal/word/r/r+(50).png','https://ggomalggomal.s3.ap-southeast-2.amazonaws.com/ggomal/sound/rkz/%ED%8A%80%EA%B9%80.mp3','2024-05-08 08:01:14','2024-05-09 07:08:45',NULL),(360,'핫도그','핟도그',3,'ㄱ','ㄷ','https://ggomalggomal.s3.ap-southeast-2.amazonaws.com/ggomal/word/r/r+(51).png','https://ggomalggomal.s3.ap-southeast-2.amazonaws.com/ggomal/sound/eEx/%ED%95%AB%EB%8F%84%EA%B7%B8.mp3','2024-05-08 08:01:14','2024-05-09 07:08:35',NULL),(361,'햄버거','햄버거',3,'ㄱ','ㅁ','https://ggomalggomal.s3.ap-southeast-2.amazonaws.com/ggomal/word/r/r+(52).png','https://ggomalggomal.s3.ap-southeast-2.amazonaws.com/ggomal/sound/a/%ED%96%84%EB%B2%84%EA%B1%B0.mp3','2024-05-08 08:01:14','2024-05-09 07:06:47',NULL),(362,'고깔','고깔',2,'ㄲ','ㄹ','https://ggomalggomal.s3.ap-southeast-2.amazonaws.com/ggomal/word/rr/rr+(1).png','https://ggomalggomal.s3.ap-southeast-2.amazonaws.com/ggomal/sound/rkz/%EA%B3%A0%EA%B9%94.mp3','2024-05-08 08:01:14','2024-05-09 07:08:45',NULL),(363,'까마귀','까마귀',3,'ㄲ',NULL,'https://ggomalggomal.s3.ap-southeast-2.amazonaws.com/ggomal/word/rr/rr+(2).png','https://ggomalggomal.s3.ap-southeast-2.amazonaws.com/ggomal/sound/rkz/%EA%B9%8C%EB%A7%88%EA%B7%80.mp3','2024-05-08 08:01:14','2024-05-09 07:08:45',NULL),(364,'까치','까치',2,'ㄲ',NULL,'https://ggomalggomal.s3.ap-southeast-2.amazonaws.com/ggomal/word/rr/rr+(3).png','https://ggomalggomal.s3.ap-southeast-2.amazonaws.com/ggomal/sound/c/%EA%B9%8C%EC%B9%98.mp3','2024-05-08 08:01:14','2024-05-09 07:08:28',NULL),(365,'꼬리','꼬리',2,'ㄲ',NULL,'https://ggomalggomal.s3.ap-southeast-2.amazonaws.com/ggomal/word/rr/rr+(4).png','https://ggomalggomal.s3.ap-southeast-2.amazonaws.com/ggomal/sound/rkz/%EA%BC%AC%EB%A6%AC.mp3','2024-05-08 08:01:14','2024-05-09 07:08:45',NULL),(366,'꽃','꼳',1,'ㄲ','ㄷ','https://ggomalggomal.s3.ap-southeast-2.amazonaws.com/ggomal/word/rr/rr+(5).png','https://ggomalggomal.s3.ap-southeast-2.amazonaws.com/ggomal/sound/rkz/%EA%BD%83.mp3','2024-05-08 08:01:14','2024-05-09 07:08:45',NULL),(367,'꽃게','꼳께',2,'ㄲ','ㄷ','https://ggomalggomal.s3.ap-southeast-2.amazonaws.com/ggomal/word/rr/rr+(6).png','https://ggomalggomal.s3.ap-southeast-2.amazonaws.com/ggomal/sound/rkz/%EA%BD%83%EA%B2%8C.mp3','2024-05-08 08:01:14','2024-05-09 07:08:45',NULL),(368,'꿀벌','꿀벌',2,'ㄲ','ㄹ','https://ggomalggomal.s3.ap-southeast-2.amazonaws.com/ggomal/word/rr/rr+(7).png','https://ggomalggomal.s3.ap-southeast-2.amazonaws.com/ggomal/sound/f/%EA%BF%80%EB%B2%8C.mp3','2024-05-08 08:01:14','2024-05-09 07:08:38',NULL),(369,'도깨비','도깨비',3,'ㄲ',NULL,'https://ggomalggomal.s3.ap-southeast-2.amazonaws.com/ggomal/word/rr/rr+(8).png','https://ggomalggomal.s3.ap-southeast-2.amazonaws.com/ggomal/sound/rkz/%EB%8F%84%EA%B9%A8%EB%B9%84.mp3','2024-05-08 08:01:14','2024-05-09 07:08:45',NULL),(370,'도끼','도끼',2,'ㄲ',NULL,'https://ggomalggomal.s3.ap-southeast-2.amazonaws.com/ggomal/word/rr/rr+(9).png','https://ggomalggomal.s3.ap-southeast-2.amazonaws.com/ggomal/sound/eEx/%EB%8F%84%EB%81%BC.mp3','2024-05-08 08:01:14','2024-05-09 07:08:34',NULL),(371,'돈가스','돈까스',3,'ㄲ','ㄴ','https://ggomalggomal.s3.ap-southeast-2.amazonaws.com/ggomal/word/rr/rr+(10).png','https://ggomalggomal.s3.ap-southeast-2.amazonaws.com/ggomal/sound/rkz/%EB%8F%88%EA%B0%80%EC%8A%A4.mp3','2024-05-08 08:01:14','2024-05-09 07:08:45',NULL),(372,'물개','물깨',2,'ㄲ','ㄹ','https://ggomalggomal.s3.ap-southeast-2.amazonaws.com/ggomal/word/rr/rr+(11).png','https://ggomalggomal.s3.ap-southeast-2.amazonaws.com/ggomal/sound/f/%EB%AC%BC%EA%B0%9C.mp3','2024-05-08 08:01:14','2024-05-09 07:08:38',NULL),(373,'미끄럼틀','미끄럼틀',4,'ㄲ','ㄹ','https://ggomalggomal.s3.ap-southeast-2.amazonaws.com/ggomal/word/rr/rr+(12).png','https://ggomalggomal.s3.ap-southeast-2.amazonaws.com/ggomal/sound/eEx/%EB%AF%B8%EB%81%84%EB%9F%BC%ED%8B%80.mp3','2024-05-08 08:01:14','2024-05-09 07:08:35',NULL),(374,'조끼','조끼',2,'ㄲ',NULL,'https://ggomalggomal.s3.ap-southeast-2.amazonaws.com/ggomal/word/rr/rr+(13).png','https://ggomalggomal.s3.ap-southeast-2.amazonaws.com/ggomal/sound/rkz/%EC%A1%B0%EB%81%BC.mp3','2024-05-08 08:01:14','2024-05-09 07:08:45',NULL),(375,'코끼리','코끼리',3,'ㄲ',NULL,'https://ggomalggomal.s3.ap-southeast-2.amazonaws.com/ggomal/word/rr/rr+(14).png','https://ggomalggomal.s3.ap-southeast-2.amazonaws.com/ggomal/sound/f/%EC%BD%94%EB%81%BC%EB%A6%AC.mp3','2024-05-08 08:01:14','2024-05-09 07:08:38',NULL),(376,'태권도','태꿘도',3,'ㄲ','ㄴ','https://ggomalggomal.s3.ap-southeast-2.amazonaws.com/ggomal/word/rr/rr+(15).png','https://ggomalggomal.s3.ap-southeast-2.amazonaws.com/ggomal/sound/eEx/%ED%83%9C%EA%B6%8C%EB%8F%84.mp3','2024-05-08 08:01:14','2024-05-09 07:08:35',NULL),(377,'토끼','토끼',2,'ㄲ',NULL,'https://ggomalggomal.s3.ap-southeast-2.amazonaws.com/ggomal/word/rr/rr+(16).png','https://ggomalggomal.s3.ap-southeast-2.amazonaws.com/ggomal/sound/eEx/%ED%86%A0%EB%81%BC.mp3','2024-05-08 08:01:14','2024-05-09 07:08:35',NULL),(378,'레미콘','레미콘',3,'ㅋ','ㄴ','https://ggomalggomal.s3.ap-southeast-2.amazonaws.com/ggomal/word/z/z+(1).png','https://ggomalggomal.s3.ap-southeast-2.amazonaws.com/ggomal/sound/f/%EB%A0%88%EB%AF%B8%EC%BD%98.mp3','2024-05-08 08:01:14','2024-05-09 07:08:37',NULL),(379,'로켓','로켇',2,'ㅋ','ㄷ','https://ggomalggomal.s3.ap-southeast-2.amazonaws.com/ggomal/word/z/z+(2).png','https://ggomalggomal.s3.ap-southeast-2.amazonaws.com/ggomal/sound/f/%EB%A1%9C%EC%BC%93.mp3','2024-05-08 08:01:14','2024-05-09 07:08:37',NULL),(380,'리모컨','리모컨',3,'ㅋ','ㄴ','https://ggomalggomal.s3.ap-southeast-2.amazonaws.com/ggomal/word/z/z+(3).png','https://ggomalggomal.s3.ap-southeast-2.amazonaws.com/ggomal/sound/f/%EB%A6%AC%EB%AA%A8%EC%BB%A8.mp3','2024-05-08 08:01:14','2024-05-09 07:08:37',NULL),(381,'리코더','리코더',3,'ㅋ',NULL,'https://ggomalggomal.s3.ap-southeast-2.amazonaws.com/ggomal/word/z/z+(4).png','https://ggomalggomal.s3.ap-southeast-2.amazonaws.com/ggomal/sound/f/%EB%A6%AC%EC%BD%94%EB%8D%94.mp3','2024-05-08 08:01:14','2024-05-09 07:08:37',NULL),(382,'마스크','마스크',3,'ㅋ',NULL,'https://ggomalggomal.s3.ap-southeast-2.amazonaws.com/ggomal/word/z/z+(5).png','https://ggomalggomal.s3.ap-southeast-2.amazonaws.com/ggomal/sound/a/%EB%A7%88%EC%8A%A4%ED%81%AC.mp3','2024-05-08 08:01:14','2024-05-09 07:06:46',NULL),(383,'마이크','마이크',3,'ㅋ',NULL,'https://ggomalggomal.s3.ap-southeast-2.amazonaws.com/ggomal/word/z/z+(6).png','https://ggomalggomal.s3.ap-southeast-2.amazonaws.com/ggomal/sound/a/%EB%A7%88%EC%9D%B4%ED%81%AC.mp3','2024-05-08 08:01:14','2024-05-09 07:06:46',NULL),(384,'마카롱','마카롱',3,'ㅋ','ㅇ','https://ggomalggomal.s3.ap-southeast-2.amazonaws.com/ggomal/word/z/z+(7).png','https://ggomalggomal.s3.ap-southeast-2.amazonaws.com/ggomal/sound/d/%EB%A7%88%EC%B9%B4%EB%A1%B1.mp3','2024-05-08 08:01:14','2024-05-09 07:08:31',NULL),(385,'매니큐어','매니큐어',4,'ㅋ',NULL,'https://ggomalggomal.s3.ap-southeast-2.amazonaws.com/ggomal/word/z/z+(8).png','https://ggomalggomal.s3.ap-southeast-2.amazonaws.com/ggomal/sound/a/%EB%A7%A4%EB%8B%88%ED%81%90%EC%96%B4.mp3','2024-05-08 08:01:14','2024-05-09 07:06:46',NULL),(386,'바퀴','바퀴',2,'ㅋ',NULL,'https://ggomalggomal.s3.ap-southeast-2.amazonaws.com/ggomal/word/z/z+(9).png','https://ggomalggomal.s3.ap-southeast-2.amazonaws.com/ggomal/sound/qQv/%EB%B0%94%ED%80%B4.mp3','2024-05-08 08:01:14','2024-05-09 07:08:41',NULL),(387,'브로콜리','브로콜리',4,'ㅋ','ㄹ','https://ggomalggomal.s3.ap-southeast-2.amazonaws.com/ggomal/word/z/z+(10).png','https://ggomalggomal.s3.ap-southeast-2.amazonaws.com/ggomal/sound/f/%EB%B8%8C%EB%A1%9C%EC%BD%9C%EB%A6%AC.mp3','2024-05-08 08:01:14','2024-05-09 07:08:37',NULL),(388,'스케이트','스케이트',4,'ㅋ',NULL,'https://ggomalggomal.s3.ap-southeast-2.amazonaws.com/ggomal/word/z/z+(11).png','https://ggomalggomal.s3.ap-southeast-2.amazonaws.com/ggomal/sound/rkz/%EC%8A%A4%EC%BC%80%EC%9D%B4%ED%8A%B8.mp3','2024-05-08 08:01:14','2024-05-09 07:08:46',NULL),(389,'스케치북','스케치북',4,'ㅋ','ㄱ','https://ggomalggomal.s3.ap-southeast-2.amazonaws.com/ggomal/word/z/z+(12).png','https://ggomalggomal.s3.ap-southeast-2.amazonaws.com/ggomal/sound/c/%EC%8A%A4%EC%BC%80%EC%B9%98%EB%B6%81.mp3','2024-05-08 08:01:14','2024-05-09 07:08:29',NULL),(390,'스키','스키',2,'ㅋ',NULL,'https://ggomalggomal.s3.ap-southeast-2.amazonaws.com/ggomal/word/z/z+(13).png','https://ggomalggomal.s3.ap-southeast-2.amazonaws.com/ggomal/sound/rkz/%EC%8A%A4%ED%82%A4.mp3','2024-05-08 08:01:14','2024-05-09 07:08:46',NULL),(391,'아보카도','아보카도',4,'ㅋ',NULL,'https://ggomalggomal.s3.ap-southeast-2.amazonaws.com/ggomal/word/z/z+(14).png','https://ggomalggomal.s3.ap-southeast-2.amazonaws.com/ggomal/sound/eEx/%EC%95%84%EB%B3%B4%EC%B9%B4%EB%8F%84.mp3','2024-05-08 08:01:14','2024-05-09 07:08:35',NULL),(392,'아이스크림','아이스크림',5,'ㅋ','ㅁ','https://ggomalggomal.s3.ap-southeast-2.amazonaws.com/ggomal/word/z/z+(15).png','https://ggomalggomal.s3.ap-southeast-2.amazonaws.com/ggomal/sound/a/%EC%95%84%EC%9D%B4%EC%8A%A4%ED%81%AC%EB%A6%BC.mp3','2024-05-08 08:01:14','2024-05-09 07:06:47',NULL),(393,'에어컨','에어컨',3,'ㅋ','ㄴ','https://ggomalggomal.s3.ap-southeast-2.amazonaws.com/ggomal/word/z/z+(16).png','https://ggomalggomal.s3.ap-southeast-2.amazonaws.com/ggomal/sound/rkz/%EC%97%90%EC%96%B4%EC%BB%A8.mp3','2024-05-08 08:01:14','2024-05-09 07:08:46',NULL),(394,'초콜릿','초콜릳',3,'ㅋ','ㄹ','https://ggomalggomal.s3.ap-southeast-2.amazonaws.com/ggomal/word/z/z+(17).png','https://ggomalggomal.s3.ap-southeast-2.amazonaws.com/ggomal/sound/rkz/%EC%B4%88%EC%BD%9C%EB%A6%BF.mp3','2024-05-08 08:01:14','2024-05-09 07:08:46',NULL),(395,'치킨','치킨',2,'ㅋ','ㄴ','https://ggomalggomal.s3.ap-southeast-2.amazonaws.com/ggomal/word/z/z+(18).png','https://ggomalggomal.s3.ap-southeast-2.amazonaws.com/ggomal/sound/rkz/%EC%B9%98%ED%82%A8.mp3','2024-05-08 08:01:14','2024-05-09 07:08:46',NULL),(396,'카드','카드',2,'ㅋ',NULL,'https://ggomalggomal.s3.ap-southeast-2.amazonaws.com/ggomal/word/z/z+(19).png','https://ggomalggomal.s3.ap-southeast-2.amazonaws.com/ggomal/sound/eEx/%EC%B9%B4%EB%93%9C.mp3','2024-05-08 08:01:14','2024-05-09 07:08:35',NULL),(397,'카레','카레',2,'ㅋ',NULL,'https://ggomalggomal.s3.ap-southeast-2.amazonaws.com/ggomal/word/z/z+(20).png','https://ggomalggomal.s3.ap-southeast-2.amazonaws.com/ggomal/sound/rkz/%EC%B9%B4%EB%A0%88.mp3','2024-05-08 08:01:14','2024-05-09 07:08:46',NULL),(398,'카메라','카메라',3,'ㅋ',NULL,'https://ggomalggomal.s3.ap-southeast-2.amazonaws.com/ggomal/word/z/z+(21).png','https://ggomalggomal.s3.ap-southeast-2.amazonaws.com/ggomal/sound/rkz/%EC%B9%B4%EB%A9%94%EB%9D%BC.mp3','2024-05-08 08:01:14','2024-05-09 07:08:46',NULL),(399,'칼','칼',1,'ㅋ','ㄹ','https://ggomalggomal.s3.ap-southeast-2.amazonaws.com/ggomal/word/z/z+(22).png','https://ggomalggomal.s3.ap-southeast-2.amazonaws.com/ggomal/sound/f/%EC%B9%BC.mp3','2024-05-08 08:01:14','2024-05-09 07:08:38',NULL),(400,'캐리어','캐리어',3,'ㅋ',NULL,'https://ggomalggomal.s3.ap-southeast-2.amazonaws.com/ggomal/word/z/z+(23).png','https://ggomalggomal.s3.ap-southeast-2.amazonaws.com/ggomal/sound/f/%EC%BA%90%EB%A6%AC%EC%96%B4.mp3','2024-05-08 08:01:14','2024-05-09 07:08:38',NULL),(401,'커피','커피',2,'ㅋ',NULL,'https://ggomalggomal.s3.ap-southeast-2.amazonaws.com/ggomal/word/z/z+(24).png','https://ggomalggomal.s3.ap-southeast-2.amazonaws.com/ggomal/sound/qQv/%EC%BB%A4%ED%94%BC.mp3','2024-05-08 08:01:14','2024-05-09 07:08:42',NULL),(402,'컴퓨터','컴퓨터',3,'ㅋ','ㅁ','https://ggomalggomal.s3.ap-southeast-2.amazonaws.com/ggomal/word/z/z+(25).png','https://ggomalggomal.s3.ap-southeast-2.amazonaws.com/ggomal/sound/rkz/%EC%BB%B4%ED%93%A8%ED%84%B0.mp3','2024-05-08 08:01:14','2024-05-09 07:08:46',NULL),(403,'컵','컵',1,'ㅋ','ㅂ','https://ggomalggomal.s3.ap-southeast-2.amazonaws.com/ggomal/word/z/z+(26).png','https://ggomalggomal.s3.ap-southeast-2.amazonaws.com/ggomal/sound/qQv/%EC%BB%B5.mp3','2024-05-08 08:01:14','2024-05-09 07:08:43',NULL),(404,'케익','케익',2,'ㅋ','ㄱ','https://ggomalggomal.s3.ap-southeast-2.amazonaws.com/ggomal/word/z/z+(27).png','https://ggomalggomal.s3.ap-southeast-2.amazonaws.com/ggomal/sound/rkz/%EC%BC%80%EC%9D%B5.mp3','2024-05-08 08:01:14','2024-05-09 07:08:46',NULL),(405,'케첩','케첩',2,'ㅋ','ㅂ','https://ggomalggomal.s3.ap-southeast-2.amazonaws.com/ggomal/word/z/z+(28).png','https://ggomalggomal.s3.ap-southeast-2.amazonaws.com/ggomal/sound/c/%EC%BC%80%EC%B2%A9.mp3','2024-05-08 08:01:14','2024-05-09 07:08:29',NULL),(406,'코','코',1,'ㅋ',NULL,'https://ggomalggomal.s3.ap-southeast-2.amazonaws.com/ggomal/word/z/z+(29).png','https://ggomalggomal.s3.ap-southeast-2.amazonaws.com/ggomal/sound/rkz/%EC%BD%94.mp3','2024-05-08 08:01:14','2024-05-09 07:08:46',NULL),(407,'코끼리','코끼리',3,'ㅋ',NULL,'https://ggomalggomal.s3.ap-southeast-2.amazonaws.com/ggomal/word/z/z+(30).png','https://ggomalggomal.s3.ap-southeast-2.amazonaws.com/ggomal/sound/f/%EC%BD%94%EB%81%BC%EB%A6%AC.mp3','2024-05-08 08:01:14','2024-05-09 07:08:38',NULL),(408,'코뿔소','코뿔쏘',3,'ㅋ','ㄹ','https://ggomalggomal.s3.ap-southeast-2.amazonaws.com/ggomal/word/z/z+(31).png','https://ggomalggomal.s3.ap-southeast-2.amazonaws.com/ggomal/sound/qQv/%EC%BD%94%EB%BF%94%EC%86%8C.mp3','2024-05-08 08:01:14','2024-05-09 07:08:42',NULL),(409,'코스모스','코쓰모쓰',4,'ㅋ',NULL,'https://ggomalggomal.s3.ap-southeast-2.amazonaws.com/ggomal/word/z/z+(32).png','https://ggomalggomal.s3.ap-southeast-2.amazonaws.com/ggomal/sound/a/%EC%BD%94%EC%8A%A4%EB%AA%A8%EC%8A%A4.mp3','2024-05-08 08:01:14','2024-05-09 07:06:47',NULL),(410,'코알라','코알라',3,'ㅋ','ㄹ','https://ggomalggomal.s3.ap-southeast-2.amazonaws.com/ggomal/word/z/z+(33).png','https://ggomalggomal.s3.ap-southeast-2.amazonaws.com/ggomal/sound/f/%EC%BD%94%EC%95%8C%EB%9D%BC.mp3','2024-05-08 08:01:14','2024-05-09 07:08:38',NULL),(411,'콜라','콜라',2,'ㅋ','ㄹ','https://ggomalggomal.s3.ap-southeast-2.amazonaws.com/ggomal/word/z/z+(34).png','https://ggomalggomal.s3.ap-southeast-2.amazonaws.com/ggomal/sound/f/%EC%BD%9C%EB%9D%BC.mp3','2024-05-08 08:01:14','2024-05-09 07:08:38',NULL),(412,'콩','콩',1,'ㅋ','ㅇ','https://ggomalggomal.s3.ap-southeast-2.amazonaws.com/ggomal/word/z/z+(35).png','https://ggomalggomal.s3.ap-southeast-2.amazonaws.com/ggomal/sound/rkz/%EC%BD%A9.mp3','2024-05-08 08:01:14','2024-05-09 07:08:46',NULL),(413,'쿠키','쿠키',2,'ㅋ',NULL,'https://ggomalggomal.s3.ap-southeast-2.amazonaws.com/ggomal/word/z/z+(36).png','https://ggomalggomal.s3.ap-southeast-2.amazonaws.com/ggomal/sound/rkz/%EC%BF%A0%ED%82%A4.mp3','2024-05-08 08:01:14','2024-05-09 07:08:46',NULL),(414,'크레파스','크레파쓰',4,'ㅋ',NULL,'https://ggomalggomal.s3.ap-southeast-2.amazonaws.com/ggomal/word/z/z+(37).png','https://ggomalggomal.s3.ap-southeast-2.amazonaws.com/ggomal/sound/f/%ED%81%AC%EB%A0%88%ED%8C%8C%EC%8A%A4.mp3','2024-05-08 08:01:14','2024-05-09 07:08:38',NULL),(415,'파프리카','파프리카',4,'ㅋ',NULL,'https://ggomalggomal.s3.ap-southeast-2.amazonaws.com/ggomal/word/z/z+(38).png','https://ggomalggomal.s3.ap-southeast-2.amazonaws.com/ggomal/sound/rkz/%ED%8C%8C%ED%94%84%EB%A6%AC%EC%B9%B4.mp3','2024-05-08 08:01:14','2024-05-09 07:08:46',NULL),(416,'팝콘','팝콘',2,'ㅋ','ㄴ','https://ggomalggomal.s3.ap-southeast-2.amazonaws.com/ggomal/word/z/z+(39).png','https://ggomalggomal.s3.ap-southeast-2.amazonaws.com/ggomal/sound/qQv/%ED%8C%9D%EC%BD%98.mp3','2024-05-08 08:01:14','2024-05-09 07:08:43',NULL),(417,'포크','포크',2,'ㅋ',NULL,'https://ggomalggomal.s3.ap-southeast-2.amazonaws.com/ggomal/word/z/z+(40).png','https://ggomalggomal.s3.ap-southeast-2.amazonaws.com/ggomal/sound/qQv/%ED%8F%AC%ED%81%AC.mp3','2024-05-08 08:01:15','2024-05-09 07:08:42',NULL),(418,'포크레인','포크레인',4,'ㅋ','ㄴ','https://ggomalggomal.s3.ap-southeast-2.amazonaws.com/ggomal/word/z/z+(41).png','https://ggomalggomal.s3.ap-southeast-2.amazonaws.com/ggomal/sound/f/%ED%8F%AC%ED%81%AC%EB%A0%88%EC%9D%B8.mp3','2024-05-08 08:01:15','2024-05-09 07:08:38',NULL),(419,'헬리콥터','헬리콥터',4,'ㅋ','ㄹ','https://ggomalggomal.s3.ap-southeast-2.amazonaws.com/ggomal/word/z/z+(42).png','https://ggomalggomal.s3.ap-southeast-2.amazonaws.com/ggomal/sound/eEx/%ED%97%AC%EB%A6%AC%EC%BD%A5%ED%84%B0.mp3','2024-05-08 08:01:15','2024-05-09 07:08:35',NULL),(420,'국자','국짜',2,'ㄱ','ㄱ','https://ggomalggomal.s3.ap-southeast-2.amazonaws.com/ggomal/word/er/er+(1).png','https://ggomalggomal.s3.ap-southeast-2.amazonaws.com/ggomal/sound/rkz/%EA%B5%AD%EC%9E%90.mp3','2024-05-08 08:01:15','2024-05-09 07:08:46',NULL),(421,'낙타','낙타',2,'ㄴ','ㄱ','https://ggomalggomal.s3.ap-southeast-2.amazonaws.com/ggomal/word/er/er+(2).png','https://ggomalggomal.s3.ap-southeast-2.amazonaws.com/ggomal/sound/eEx/%EB%82%99%ED%83%80.mp3','2024-05-08 08:01:15','2024-05-09 07:08:34',NULL),(422,'낚싯대','낙싣때',3,'ㄴ','ㄱ','https://ggomalggomal.s3.ap-southeast-2.amazonaws.com/ggomal/word/er/er+(3).png','https://ggomalggomal.s3.ap-southeast-2.amazonaws.com/ggomal/sound/eEx/%EB%82%9A%EC%8B%AF%EB%8C%80.mp3','2024-05-08 08:01:15','2024-05-09 07:08:35',NULL),(423,'닭','닥',1,'ㄷ','ㄱ','https://ggomalggomal.s3.ap-southeast-2.amazonaws.com/ggomal/word/er/er+(4).png','https://ggomalggomal.s3.ap-southeast-2.amazonaws.com/ggomal/sound/rkz/%EB%8B%AD.mp3','2024-05-08 08:01:15','2024-05-09 07:08:46',NULL),(424,'독수리','독쑤리',3,'ㄷ','ㄱ','https://ggomalggomal.s3.ap-southeast-2.amazonaws.com/ggomal/word/er/er+(5).png','https://ggomalggomal.s3.ap-southeast-2.amazonaws.com/ggomal/sound/f/%EB%8F%85%EC%88%98%EB%A6%AC.mp3','2024-05-08 08:01:15','2024-05-09 07:08:37',NULL),(425,'떡','떡',1,'ㄸ','ㄱ','https://ggomalggomal.s3.ap-southeast-2.amazonaws.com/ggomal/word/er/er+(6).png','https://ggomalggomal.s3.ap-southeast-2.amazonaws.com/ggomal/sound/rkz/%EB%96%A1.mp3','2024-05-08 08:01:15','2024-05-09 07:08:46',NULL),(426,'떡볶이','떡뽀끼',3,'ㄸ','ㄱ','https://ggomalggomal.s3.ap-southeast-2.amazonaws.com/ggomal/word/er/er+(7).png','https://ggomalggomal.s3.ap-southeast-2.amazonaws.com/ggomal/sound/qQv/%EB%96%A1%EB%B3%B6%EC%9D%B4.mp3','2024-05-08 08:01:15','2024-05-09 07:08:42',NULL),(427,'목걸이','목꺼리',3,'ㅁ','ㄱ','https://ggomalggomal.s3.ap-southeast-2.amazonaws.com/ggomal/word/er/er+(8).png','https://ggomalggomal.s3.ap-southeast-2.amazonaws.com/ggomal/sound/rkz/%EB%AA%A9%EA%B1%B8%EC%9D%B4.mp3','2024-05-08 08:01:15','2024-05-09 07:08:46',NULL),(428,'목도리','목또리',3,'ㅁ','ㄱ','https://ggomalggomal.s3.ap-southeast-2.amazonaws.com/ggomal/word/er/er+(9).png','https://ggomalggomal.s3.ap-southeast-2.amazonaws.com/ggomal/sound/a/%EB%AA%A9%EB%8F%84%EB%A6%AC.mp3','2024-05-08 08:01:15','2024-05-09 07:06:46',NULL),(429,'믹서기','믹써기',3,'ㅁ','ㄱ','https://ggomalggomal.s3.ap-southeast-2.amazonaws.com/ggomal/word/er/er+(10).png','https://ggomalggomal.s3.ap-southeast-2.amazonaws.com/ggomal/sound/rkz/%EB%AF%B9%EC%84%9C%EA%B8%B0.mp3','2024-05-08 08:01:15','2024-05-09 07:08:46',NULL),(430,'박쥐','박쮜',2,'ㅂ','ㄱ','https://ggomalggomal.s3.ap-southeast-2.amazonaws.com/ggomal/word/er/er+(11).png','https://ggomalggomal.s3.ap-southeast-2.amazonaws.com/ggomal/sound/rkz/%EB%B0%95%EC%A5%90.mp3','2024-05-08 08:01:15','2024-05-09 07:08:46',NULL),(431,'백원','배권',2,'ㅂ','ㄱ','https://ggomalggomal.s3.ap-southeast-2.amazonaws.com/ggomal/word/er/er+(12).png','https://ggomalggomal.s3.ap-southeast-2.amazonaws.com/ggomal/sound/rkz/%EB%B0%B1%EC%9B%90.mp3','2024-05-08 08:01:15','2024-05-09 07:08:46',NULL),(432,'북','북',1,'ㅂ','ㄱ','https://ggomalggomal.s3.ap-southeast-2.amazonaws.com/ggomal/word/er/er+(13).png','https://ggomalggomal.s3.ap-southeast-2.amazonaws.com/ggomal/sound/rkz/%EB%B6%81.mp3','2024-05-08 08:01:15','2024-05-09 07:08:46',NULL),(433,'색종이','색쫑이',3,'ㅅ','ㄱ','https://ggomalggomal.s3.ap-southeast-2.amazonaws.com/ggomal/word/er/er+(14).png','https://ggomalggomal.s3.ap-southeast-2.amazonaws.com/ggomal/sound/d/%EC%83%89%EC%A2%85%EC%9D%B4.mp3','2024-05-08 08:01:15','2024-05-09 07:08:32',NULL),(434,'세탁기','세탁끼',3,'ㅅ','ㄱ','https://ggomalggomal.s3.ap-southeast-2.amazonaws.com/ggomal/word/er/er+(15).png','https://ggomalggomal.s3.ap-southeast-2.amazonaws.com/ggomal/sound/eEx/%EC%84%B8%ED%83%81%EA%B8%B0.mp3','2024-05-08 08:01:15','2024-05-09 07:08:35',NULL),(435,'수박','수박',2,'ㅅ','ㄱ','https://ggomalggomal.s3.ap-southeast-2.amazonaws.com/ggomal/word/er/er+(16).png','https://ggomalggomal.s3.ap-southeast-2.amazonaws.com/ggomal/sound/qQv/%EC%88%98%EB%B0%95.mp3','2024-05-08 08:01:15','2024-05-09 07:08:41',NULL),(436,'숟가락','숟까락',3,'ㅅ','ㄱ','https://ggomalggomal.s3.ap-southeast-2.amazonaws.com/ggomal/word/er/er+(17).png','https://ggomalggomal.s3.ap-southeast-2.amazonaws.com/ggomal/sound/rkz/%EC%88%9F%EA%B0%80%EB%9D%BD.mp3','2024-05-08 08:01:15','2024-05-09 07:08:47',NULL),(437,'식빵','식빵',2,'ㅅ','ㄱ','https://ggomalggomal.s3.ap-southeast-2.amazonaws.com/ggomal/word/er/er+(18).png','https://ggomalggomal.s3.ap-southeast-2.amazonaws.com/ggomal/sound/rkz/%EC%8B%9D%EB%B9%B5.mp3','2024-05-08 08:01:15','2024-05-09 07:08:47',NULL),(438,'액자','액짜',2,'ㅈ','ㄱ','https://ggomalggomal.s3.ap-southeast-2.amazonaws.com/ggomal/word/er/er+(19).png','https://ggomalggomal.s3.ap-southeast-2.amazonaws.com/ggomal/sound/rkz/%EC%95%A1%EC%9E%90.mp3','2024-05-08 08:01:15','2024-05-09 07:08:47',NULL),(439,'약','약',1,'ㅇ','ㄱ','https://ggomalggomal.s3.ap-southeast-2.amazonaws.com/ggomal/word/er/er+(20).png','https://ggomalggomal.s3.ap-southeast-2.amazonaws.com/ggomal/sound/rkz/%EC%95%BD.mp3','2024-05-08 08:01:15','2024-05-09 07:08:47',NULL),(440,'옥수수','옥쑤수',3,'ㅅ','ㄱ','https://ggomalggomal.s3.ap-southeast-2.amazonaws.com/ggomal/word/er/er+(21).png','https://ggomalggomal.s3.ap-southeast-2.amazonaws.com/ggomal/sound/rkz/%EC%98%A5%EC%88%98%EC%88%98.mp3','2024-05-08 08:01:15','2024-05-09 07:08:47',NULL),(441,'욕조','욕쪼',2,'ㅈ','ㄱ','https://ggomalggomal.s3.ap-southeast-2.amazonaws.com/ggomal/word/er/er+(22).png','https://ggomalggomal.s3.ap-southeast-2.amazonaws.com/ggomal/sound/rkz/%EC%9A%95%EC%A1%B0.mp3','2024-05-08 08:01:15','2024-05-09 07:08:47',NULL),(442,'책상','책쌍',2,'ㅊ','ㄱ','https://ggomalggomal.s3.ap-southeast-2.amazonaws.com/ggomal/word/er/er+(23).png','https://ggomalggomal.s3.ap-southeast-2.amazonaws.com/ggomal/sound/rkz/%EC%B1%85%EC%83%81.mp3','2024-05-08 08:01:15','2024-05-09 07:08:47',NULL),(443,'책장','책짱',2,'ㅊ','ㄱ','https://ggomalggomal.s3.ap-southeast-2.amazonaws.com/ggomal/word/er/er+(24).png','https://ggomalggomal.s3.ap-southeast-2.amazonaws.com/ggomal/sound/rkz/%EC%B1%85%EC%9E%A5.mp3','2024-05-08 08:01:15','2024-05-09 07:08:47',NULL),(444,'축구공','축꾸공',3,'ㅊ','ㄱ','https://ggomalggomal.s3.ap-southeast-2.amazonaws.com/ggomal/word/er/er+(25).png','https://ggomalggomal.s3.ap-southeast-2.amazonaws.com/ggomal/sound/c/%EC%B6%95%EA%B5%AC%EA%B3%B5.mp3','2024-05-08 08:01:15','2024-05-09 07:08:29',NULL),(445,'치약','치약',2,'ㅊ','ㄱ','https://ggomalggomal.s3.ap-southeast-2.amazonaws.com/ggomal/word/er/er+(26).png','https://ggomalggomal.s3.ap-southeast-2.amazonaws.com/ggomal/sound/c/%EC%B9%98%EC%95%BD.mp3','2024-05-08 08:01:15','2024-05-09 07:08:29',NULL),(446,'킥보드','킥뽀드',3,'ㅋ','ㄱ','https://ggomalggomal.s3.ap-southeast-2.amazonaws.com/ggomal/word/er/er+(27).png','https://ggomalggomal.s3.ap-southeast-2.amazonaws.com/ggomal/sound/qQv/%ED%82%A5%EB%B3%B4%EB%93%9C.mp3','2024-05-08 08:01:15','2024-05-09 07:08:42',NULL),(447,'태극기','태극끼',3,'ㅌ','ㄱ','https://ggomalggomal.s3.ap-southeast-2.amazonaws.com/ggomal/word/er/er+(28).png','https://ggomalggomal.s3.ap-southeast-2.amazonaws.com/ggomal/sound/eEx/%ED%83%9C%EA%B7%B9%EA%B8%B0.mp3','2024-05-08 08:01:15','2024-05-09 07:08:35',NULL),(448,'택시','택씨',2,'ㅌ','ㄱ','https://ggomalggomal.s3.ap-southeast-2.amazonaws.com/ggomal/word/er/er+(29).png','https://ggomalggomal.s3.ap-southeast-2.amazonaws.com/ggomal/sound/eEx/%ED%83%9D%EC%8B%9C.mp3','2024-05-08 08:01:15','2024-05-09 07:08:35',NULL),(449,'트럭','트럭',2,'ㅌ','ㄱ','https://ggomalggomal.s3.ap-southeast-2.amazonaws.com/ggomal/word/er/er+(30).png','https://ggomalggomal.s3.ap-southeast-2.amazonaws.com/ggomal/sound/eEx/%ED%8A%B8%EB%9F%AD.mp3','2024-05-08 08:01:15','2024-05-09 07:08:35',NULL),(450,'학교','학꾜',2,'ㅎ','ㄱ','https://ggomalggomal.s3.ap-southeast-2.amazonaws.com/ggomal/word/er/er+(31).png','https://ggomalggomal.s3.ap-southeast-2.amazonaws.com/ggomal/sound/rkz/%ED%95%99%EA%B5%90.mp3','2024-05-08 08:01:15','2024-05-09 07:08:47',NULL),(451,'호박','호박',2,'ㅎ','ㄱ','https://ggomalggomal.s3.ap-southeast-2.amazonaws.com/ggomal/word/er/er+(32).png','https://ggomalggomal.s3.ap-southeast-2.amazonaws.com/ggomal/sound/qQv/%ED%98%B8%EB%B0%95.mp3','2024-05-08 08:01:15','2024-05-09 07:08:42',NULL),(452,'가수','가수',2,'ㅅ',NULL,'https://ggomalggomal.s3.ap-southeast-2.amazonaws.com/ggomal/word/t/t+(1).png','https://ggomalggomal.s3.ap-southeast-2.amazonaws.com/ggomal/sound/tT/%EA%B0%80%EC%88%98.mp3','2024-05-08 08:01:17','2024-05-09 07:08:52',NULL),(453,'고슴도치','고슴도치',4,'ㅅ','ㅁ','https://ggomalggomal.s3.ap-southeast-2.amazonaws.com/ggomal/word/t/t+(2).png','https://ggomalggomal.s3.ap-southeast-2.amazonaws.com/ggomal/sound/c/%EA%B3%A0%EC%8A%B4%EB%8F%84%EC%B9%98.mp3','2024-05-08 08:01:17','2024-05-09 07:08:28',NULL),(454,'귀신','귀신',2,'ㅅ','ㄴ','https://ggomalggomal.s3.ap-southeast-2.amazonaws.com/ggomal/word/t/t+(3).png','https://ggomalggomal.s3.ap-southeast-2.amazonaws.com/ggomal/sound/rkz/%EA%B7%80%EC%8B%A0.mp3','2024-05-08 08:01:17','2024-05-09 07:08:45',NULL),(455,'립스틱','립스틱',3,'ㅅ','ㅂ','https://ggomalggomal.s3.ap-southeast-2.amazonaws.com/ggomal/word/t/t+(4).png','https://ggomalggomal.s3.ap-southeast-2.amazonaws.com/ggomal/sound/eEx/%EB%A6%BD%EC%8A%A4%ED%8B%B1.mp3','2024-05-08 08:01:17','2024-05-09 07:08:35',NULL),(456,'마스크','마스크',3,'ㅅ',NULL,'https://ggomalggomal.s3.ap-southeast-2.amazonaws.com/ggomal/word/t/t+(5).png','https://ggomalggomal.s3.ap-southeast-2.amazonaws.com/ggomal/sound/a/%EB%A7%88%EC%8A%A4%ED%81%AC.mp3','2024-05-08 08:01:17','2024-05-09 07:06:46',NULL),(457,'버섯','버섣',2,'ㅅ','ㄷ','https://ggomalggomal.s3.ap-southeast-2.amazonaws.com/ggomal/word/t/t+(6).png','https://ggomalggomal.s3.ap-southeast-2.amazonaws.com/ggomal/sound/qQv/%EB%B2%84%EC%84%AF.mp3','2024-05-08 08:01:17','2024-05-09 07:08:41',NULL),(458,'불가사리','불가사리 ',4,'ㅅ','ㄹ','https://ggomalggomal.s3.ap-southeast-2.amazonaws.com/ggomal/word/t/t+(7).png','https://ggomalggomal.s3.ap-southeast-2.amazonaws.com/ggomal/sound/f/%EB%B6%88%EA%B0%80%EC%82%AC%EB%A6%AC.mp3','2024-05-08 08:01:17','2024-05-09 07:08:37',NULL),(459,'사과','사과',2,'ㅅ',NULL,'https://ggomalggomal.s3.ap-southeast-2.amazonaws.com/ggomal/word/t/t+(8).png','https://ggomalggomal.s3.ap-southeast-2.amazonaws.com/ggomal/sound/rkz/%EC%82%AC%EA%B3%BC.mp3','2024-05-08 08:01:17','2024-05-09 07:08:45',NULL),(460,'사다리','사다리',3,'ㅅ',NULL,'https://ggomalggomal.s3.ap-southeast-2.amazonaws.com/ggomal/word/t/t+(9).png','https://ggomalggomal.s3.ap-southeast-2.amazonaws.com/ggomal/sound/eEx/%EC%82%AC%EB%8B%A4%EB%A6%AC.mp3','2024-05-08 08:01:17','2024-05-09 07:08:35',NULL),(461,'사마귀','사마귀',3,'ㅅ',NULL,'https://ggomalggomal.s3.ap-southeast-2.amazonaws.com/ggomal/word/t/t+(10).png','https://ggomalggomal.s3.ap-southeast-2.amazonaws.com/ggomal/sound/tT/%EC%82%AC%EB%A7%88%EA%B7%80.mp3','2024-05-08 08:01:17','2024-05-09 07:08:52',NULL),(462,'사자','사자',2,'ㅅ',NULL,'https://ggomalggomal.s3.ap-southeast-2.amazonaws.com/ggomal/word/t/t+(11).png','https://ggomalggomal.s3.ap-southeast-2.amazonaws.com/ggomal/sound/tT/%EC%82%AC%EC%9E%90.mp3','2024-05-08 08:01:17','2024-05-09 07:08:52',NULL),(463,'사탕','사탕',2,'ㅅ','ㅇ','https://ggomalggomal.s3.ap-southeast-2.amazonaws.com/ggomal/word/t/t+(12).png','https://ggomalggomal.s3.ap-southeast-2.amazonaws.com/ggomal/sound/tT/%EC%82%AC%ED%83%95.mp3','2024-05-08 08:01:17','2024-05-09 07:08:52',NULL),(464,'산타','산타',2,'ㅅ','ㄴ','https://ggomalggomal.s3.ap-southeast-2.amazonaws.com/ggomal/word/t/t+(13).png','https://ggomalggomal.s3.ap-southeast-2.amazonaws.com/ggomal/sound/eEx/%EC%82%B0%ED%83%80.mp3','2024-05-08 08:01:17','2024-05-09 07:08:35',NULL),(465,'삼','삼',1,'ㅅ','ㅁ','https://ggomalggomal.s3.ap-southeast-2.amazonaws.com/ggomal/word/t/t+(14).png','https://ggomalggomal.s3.ap-southeast-2.amazonaws.com/ggomal/sound/a/%EC%82%BC.mp3','2024-05-08 08:01:17','2024-05-09 07:06:47',NULL),(466,'삽','삽',1,'ㅅ','ㅂ','https://ggomalggomal.s3.ap-southeast-2.amazonaws.com/ggomal/word/t/t+(15).png','https://ggomalggomal.s3.ap-southeast-2.amazonaws.com/ggomal/sound/qQv/%EC%82%BD.mp3','2024-05-08 08:01:17','2024-05-09 07:08:43',NULL),(467,'상어','상어',2,'ㅅ','ㅇ','https://ggomalggomal.s3.ap-southeast-2.amazonaws.com/ggomal/word/t/t+(16).png','https://ggomalggomal.s3.ap-southeast-2.amazonaws.com/ggomal/sound/tT/%EC%83%81%EC%96%B4.mp3','2024-05-08 08:01:17','2024-05-09 07:08:52',NULL),(468,'상자','상자',2,'ㅅ','ㅇ','https://ggomalggomal.s3.ap-southeast-2.amazonaws.com/ggomal/word/t/t+(17).png','https://ggomalggomal.s3.ap-southeast-2.amazonaws.com/ggomal/sound/tT/%EC%83%81%EC%9E%90.mp3','2024-05-08 08:01:17','2024-05-09 07:08:52',NULL),(469,'색연필','생년필',3,'ㅅ','ㄱ','https://ggomalggomal.s3.ap-southeast-2.amazonaws.com/ggomal/word/t/t+(18).png','https://ggomalggomal.s3.ap-southeast-2.amazonaws.com/ggomal/sound/tT/%EC%83%89%EC%97%B0%ED%95%84.mp3','2024-05-08 08:01:17','2024-05-09 07:08:52',NULL),(470,'색종이','색쫑이',3,'ㅅ','ㄱ','https://ggomalggomal.s3.ap-southeast-2.amazonaws.com/ggomal/word/t/t+(19).png','https://ggomalggomal.s3.ap-southeast-2.amazonaws.com/ggomal/sound/d/%EC%83%89%EC%A2%85%EC%9D%B4.mp3','2024-05-08 08:01:17','2024-05-09 07:08:32',NULL),(471,'샤워기','샤워기',3,'ㅅ',NULL,'https://ggomalggomal.s3.ap-southeast-2.amazonaws.com/ggomal/word/t/t+(20).png','https://ggomalggomal.s3.ap-southeast-2.amazonaws.com/ggomal/sound/tT/%EC%83%A4%EC%9B%8C%EA%B8%B0.mp3','2024-05-08 08:01:17','2024-05-09 07:08:52',NULL),(472,'선인장','서닌장',3,'ㅅ','ㄴ','https://ggomalggomal.s3.ap-southeast-2.amazonaws.com/ggomal/word/t/t+(21).png','https://ggomalggomal.s3.ap-southeast-2.amazonaws.com/ggomal/sound/d/%EC%84%A0%EC%9D%B8%EC%9E%A5.mp3','2024-05-08 08:01:17','2024-05-09 07:08:32',NULL),(473,'세모','세모',2,'ㅅ',NULL,'https://ggomalggomal.s3.ap-southeast-2.amazonaws.com/ggomal/word/t/t+(22).png','https://ggomalggomal.s3.ap-southeast-2.amazonaws.com/ggomal/sound/tT/%EC%84%B8%EB%AA%A8.mp3','2024-05-08 08:01:17','2024-05-09 07:08:52',NULL),(474,'세탁기','세탁끼',3,'ㅅ','ㄱ','https://ggomalggomal.s3.ap-southeast-2.amazonaws.com/ggomal/word/t/t+(23).png','https://ggomalggomal.s3.ap-southeast-2.amazonaws.com/ggomal/sound/eEx/%EC%84%B8%ED%83%81%EA%B8%B0.mp3','2024-05-08 08:01:17','2024-05-09 07:08:35',NULL),(475,'소라게','소라게',3,'ㅅ',NULL,'https://ggomalggomal.s3.ap-southeast-2.amazonaws.com/ggomal/word/t/t+(24).png','https://ggomalggomal.s3.ap-southeast-2.amazonaws.com/ggomal/sound/tT/%EC%86%8C%EB%9D%BC%EA%B2%8C.mp3','2024-05-08 08:01:17','2024-05-09 07:08:52',NULL),(476,'소화기','소화기',3,'ㅅ',NULL,'https://ggomalggomal.s3.ap-southeast-2.amazonaws.com/ggomal/word/t/t+(25).png','https://ggomalggomal.s3.ap-southeast-2.amazonaws.com/ggomal/sound/tT/%EC%86%8C%ED%99%94%EA%B8%B0.mp3','2024-05-08 08:01:17','2024-05-09 07:08:52',NULL),(477,'솜사탕','솜사탕',3,'ㅅ','ㅇ','https://ggomalggomal.s3.ap-southeast-2.amazonaws.com/ggomal/word/t/t+(26).png','https://ggomalggomal.s3.ap-southeast-2.amazonaws.com/ggomal/sound/a/%EC%86%9C%EC%82%AC%ED%83%95.mp3','2024-05-08 08:01:17','2024-05-09 07:06:47',NULL),(478,'송편','송편',2,'ㅅ','ㅇ','https://ggomalggomal.s3.ap-southeast-2.amazonaws.com/ggomal/word/t/t+(27).png','https://ggomalggomal.s3.ap-southeast-2.amazonaws.com/ggomal/sound/d/%EC%86%A1%ED%8E%B8.mp3','2024-05-08 08:01:17','2024-05-09 07:08:32',NULL),(479,'수갑','수갑',2,'ㅅ','ㅂ','https://ggomalggomal.s3.ap-southeast-2.amazonaws.com/ggomal/word/t/t+(28).png','https://ggomalggomal.s3.ap-southeast-2.amazonaws.com/ggomal/sound/qQv/%EC%88%98%EA%B0%91.mp3','2024-05-08 08:01:17','2024-05-09 07:08:43',NULL),(480,'수건','수건',2,'ㅅ','ㄴ','https://ggomalggomal.s3.ap-southeast-2.amazonaws.com/ggomal/word/t/t+(29).png','https://ggomalggomal.s3.ap-southeast-2.amazonaws.com/ggomal/sound/rkz/%EC%88%98%EA%B1%B4.mp3','2024-05-08 08:01:17','2024-05-09 07:08:45',NULL),(481,'수박','수박',2,'ㅅ','ㄱ','https://ggomalggomal.s3.ap-southeast-2.amazonaws.com/ggomal/word/t/t+(30).png','https://ggomalggomal.s3.ap-southeast-2.amazonaws.com/ggomal/sound/qQv/%EC%88%98%EB%B0%95.mp3','2024-05-08 08:01:17','2024-05-09 07:08:41',NULL),(482,'수영복','수영복',3,'ㅅ','ㅇ','https://ggomalggomal.s3.ap-southeast-2.amazonaws.com/ggomal/word/t/t+(31).png','https://ggomalggomal.s3.ap-southeast-2.amazonaws.com/ggomal/sound/qQv/%EC%88%98%EC%98%81%EB%B3%B5.mp3','2024-05-08 08:01:17','2024-05-09 07:08:41',NULL),(483,'스케이트','스케이트',4,'ㅅ',NULL,'https://ggomalggomal.s3.ap-southeast-2.amazonaws.com/ggomal/word/t/t+(32).png','https://ggomalggomal.s3.ap-southeast-2.amazonaws.com/ggomal/sound/rkz/%EC%8A%A4%EC%BC%80%EC%9D%B4%ED%8A%B8.mp3','2024-05-08 08:01:17','2024-05-09 07:08:46',NULL),(484,'스키','스키',2,'ㅅ',NULL,'https://ggomalggomal.s3.ap-southeast-2.amazonaws.com/ggomal/word/t/t+(33).png','https://ggomalggomal.s3.ap-southeast-2.amazonaws.com/ggomal/sound/rkz/%EC%8A%A4%ED%82%A4.mp3','2024-05-08 08:01:17','2024-05-09 07:08:46',NULL),(485,'스티커','스티커',3,'ㅅ',NULL,'https://ggomalggomal.s3.ap-southeast-2.amazonaws.com/ggomal/word/t/t+(34).png','https://ggomalggomal.s3.ap-southeast-2.amazonaws.com/ggomal/sound/tT/%EC%8A%A4%ED%8B%B0%EC%BB%A4.mp3','2024-05-08 08:01:17','2024-05-09 07:08:52',NULL),(486,'슬리퍼','슬리퍼',3,'ㅅ','ㄹ','https://ggomalggomal.s3.ap-southeast-2.amazonaws.com/ggomal/word/t/t+(35).png','https://ggomalggomal.s3.ap-southeast-2.amazonaws.com/ggomal/sound/qQv/%EC%8A%AC%EB%A6%AC%ED%8D%BC.mp3','2024-05-08 08:01:17','2024-05-09 07:08:42',NULL),(487,'시계','시게',2,'ㅅ',NULL,'https://ggomalggomal.s3.ap-southeast-2.amazonaws.com/ggomal/word/t/t+(36).png','https://ggomalggomal.s3.ap-southeast-2.amazonaws.com/ggomal/sound/rkz/%EC%8B%9C%EA%B3%84.mp3','2024-05-08 08:01:17','2024-05-09 07:08:45',NULL),(488,'시소','시소',2,'ㅅ',NULL,'https://ggomalggomal.s3.ap-southeast-2.amazonaws.com/ggomal/word/t/t+(37).png','https://ggomalggomal.s3.ap-southeast-2.amazonaws.com/ggomal/sound/tT/%EC%8B%9C%EC%86%8C.mp3','2024-05-08 08:01:17','2024-05-09 07:08:52',NULL),(489,'식빵','식빵',2,'ㅅ','ㄱ','https://ggomalggomal.s3.ap-southeast-2.amazonaws.com/ggomal/word/t/t+(38).png','https://ggomalggomal.s3.ap-southeast-2.amazonaws.com/ggomal/sound/rkz/%EC%8B%9D%EB%B9%B5.mp3','2024-05-08 08:01:17','2024-05-09 07:08:47',NULL),(490,'신문','신문',2,'ㅅ','ㄴ','https://ggomalggomal.s3.ap-southeast-2.amazonaws.com/ggomal/word/t/t+(39).png','https://ggomalggomal.s3.ap-southeast-2.amazonaws.com/ggomal/sound/tT/%EC%8B%A0%EB%AC%B8.mp3','2024-05-08 08:01:17','2024-05-09 07:08:52',NULL),(491,'신호등','신ː호등',3,'ㅅ','ㄴ','https://ggomalggomal.s3.ap-southeast-2.amazonaws.com/ggomal/word/t/t+(40).png','https://ggomalggomal.s3.ap-southeast-2.amazonaws.com/ggomal/sound/eEx/%EC%8B%A0%ED%98%B8%EB%93%B1.mp3','2024-05-08 08:01:17','2024-05-09 07:08:35',NULL),(492,'실로폰','실로폰',3,'ㅅ','ㄹ','https://ggomalggomal.s3.ap-southeast-2.amazonaws.com/ggomal/word/t/t+(41).png','https://ggomalggomal.s3.ap-southeast-2.amazonaws.com/ggomal/sound/f/%EC%8B%A4%EB%A1%9C%ED%8F%B0.mp3','2024-05-08 08:01:17','2024-05-09 07:08:38',NULL),(493,'요리사','요리사',3,'ㅅ',NULL,'https://ggomalggomal.s3.ap-southeast-2.amazonaws.com/ggomal/word/t/t+(42).png','https://ggomalggomal.s3.ap-southeast-2.amazonaws.com/ggomal/sound/tT/%EC%9A%94%EB%A6%AC%EC%82%AC.mp3','2024-05-08 08:01:17','2024-05-09 07:08:52',NULL),(494,'우산','우산',2,'ㅅ','ㄴ','https://ggomalggomal.s3.ap-southeast-2.amazonaws.com/ggomal/word/t/t+(43).png','https://ggomalggomal.s3.ap-southeast-2.amazonaws.com/ggomal/sound/s/%EC%9A%B0%EC%82%B0.mp3','2024-05-08 08:01:17','2024-05-09 07:08:50',NULL),(495,'원숭이','원숭이',3,'ㅅ','ㅅ','https://ggomalggomal.s3.ap-southeast-2.amazonaws.com/ggomal/word/t/t+(44).png','https://ggomalggomal.s3.ap-southeast-2.amazonaws.com/ggomal/sound/s/%EC%9B%90%EC%88%AD%EC%9D%B4.mp3','2024-05-08 08:01:17','2024-05-09 07:08:50',NULL),(496,'주사위','주사위',3,'ㅅ',NULL,'https://ggomalggomal.s3.ap-southeast-2.amazonaws.com/ggomal/word/t/t+(45).png','https://ggomalggomal.s3.ap-southeast-2.amazonaws.com/ggomal/sound/tT/%EC%A3%BC%EC%82%AC%EC%9C%84.mp3','2024-05-08 08:01:17','2024-05-09 07:08:52',NULL),(497,'참새','참새',2,'ㅅ','ㅁ','https://ggomalggomal.s3.ap-southeast-2.amazonaws.com/ggomal/word/t/t+(46).png','https://ggomalggomal.s3.ap-southeast-2.amazonaws.com/ggomal/sound/a/%EC%B0%B8%EC%83%88.mp3','2024-05-08 08:01:17','2024-05-09 07:06:47',NULL),(498,'청소기','청소기',3,'ㅅ','ㅇ','https://ggomalggomal.s3.ap-southeast-2.amazonaws.com/ggomal/word/t/t+(47).png','https://ggomalggomal.s3.ap-southeast-2.amazonaws.com/ggomal/sound/d/%EC%B2%AD%EC%86%8C%EA%B8%B0.mp3','2024-05-08 08:01:17','2024-05-09 07:08:32',NULL),(499,'카네이션','카네이션',4,'ㅅ','ㄴ','https://ggomalggomal.s3.ap-southeast-2.amazonaws.com/ggomal/word/t/t+(48).png','https://ggomalggomal.s3.ap-southeast-2.amazonaws.com/ggomal/sound/s/%EC%B9%B4%EB%84%A4%EC%9D%B4%EC%85%98.mp3','2024-05-08 08:01:17','2024-05-09 07:08:49',NULL),(500,'풍선','풍선 ',2,'ㅅ','ㅇ','https://ggomalggomal.s3.ap-southeast-2.amazonaws.com/ggomal/word/t/t+(49).png','https://ggomalggomal.s3.ap-southeast-2.amazonaws.com/ggomal/sound/d/%ED%92%8D%EC%84%A0.mp3','2024-05-08 08:01:17','2024-05-09 07:08:32',NULL),(501,'화살','화살',2,'ㅅ','ㄹ','https://ggomalggomal.s3.ap-southeast-2.amazonaws.com/ggomal/word/t/t+(50).png','https://ggomalggomal.s3.ap-southeast-2.amazonaws.com/ggomal/sound/tT/%ED%99%94%EC%82%B4.mp3','2024-05-08 08:01:17','2024-05-09 07:08:52',NULL),(502,'가스레인지','가쓰레인지',5,'ㅆ','ㄴ','https://ggomalggomal.s3.ap-southeast-2.amazonaws.com/ggomal/word/tt/tt+(1).png','https://ggomalggomal.s3.ap-southeast-2.amazonaws.com/ggomal/sound/tT/%EA%B0%80%EC%8A%A4%EB%A0%88%EC%9D%B8%EC%A7%80.mp3','2024-05-08 08:01:17','2024-05-09 07:08:52',NULL),(503,'독수리','독쑤리',3,'ㅆ','ㄱ','https://ggomalggomal.s3.ap-southeast-2.amazonaws.com/ggomal/word/tt/tt+(2).png','https://ggomalggomal.s3.ap-southeast-2.amazonaws.com/ggomal/sound/f/%EB%8F%85%EC%88%98%EB%A6%AC.mp3','2024-05-08 08:01:17','2024-05-09 07:08:37',NULL),(504,'버스','버쓰',2,'ㅆ',NULL,'https://ggomalggomal.s3.ap-southeast-2.amazonaws.com/ggomal/word/tt/tt+(3).png','https://ggomalggomal.s3.ap-southeast-2.amazonaws.com/ggomal/sound/qQv/%EB%B2%84%EC%8A%A4.mp3','2024-05-08 08:01:17','2024-05-09 07:08:41',NULL),(505,'복숭아','복쑹아 ',3,'ㅆ','ㄱ','https://ggomalggomal.s3.ap-southeast-2.amazonaws.com/ggomal/word/tt/tt+(4).png','https://ggomalggomal.s3.ap-southeast-2.amazonaws.com/ggomal/sound/qQv/%EB%B3%B5%EC%88%AD%EC%95%84.mp3','2024-05-08 08:01:17','2024-05-09 07:08:41',NULL),(506,'새싹','새싹',2,'ㅆ','ㄱ','https://ggomalggomal.s3.ap-southeast-2.amazonaws.com/ggomal/word/tt/tt+(5).png','https://ggomalggomal.s3.ap-southeast-2.amazonaws.com/ggomal/sound/tT/%EC%83%88%EC%8B%B9.mp3','2024-05-08 08:01:17','2024-05-09 07:08:53',NULL),(507,'샌드위치','쌘드위치',4,'ㅆ','ㄴ','https://ggomalggomal.s3.ap-southeast-2.amazonaws.com/ggomal/word/tt/tt+(6).png','https://ggomalggomal.s3.ap-southeast-2.amazonaws.com/ggomal/sound/eEx/%EC%83%8C%EB%93%9C%EC%9C%84%EC%B9%98.mp3','2024-05-08 08:01:17','2024-05-09 07:08:35',NULL),(508,'소시지','쏘시지',3,'ㅆ',NULL,'https://ggomalggomal.s3.ap-southeast-2.amazonaws.com/ggomal/word/tt/tt+(7).png','https://ggomalggomal.s3.ap-southeast-2.amazonaws.com/ggomal/sound/tT/%EC%86%8C%EC%8B%9C%EC%A7%80.mp3','2024-05-08 08:01:17','2024-05-09 07:08:53',NULL),(509,'소파','쏘파',2,'ㅆ',NULL,'https://ggomalggomal.s3.ap-southeast-2.amazonaws.com/ggomal/word/tt/tt+(8).png','https://ggomalggomal.s3.ap-southeast-2.amazonaws.com/ggomal/sound/qQv/%EC%86%8C%ED%8C%8C.mp3','2024-05-08 08:01:17','2024-05-09 07:08:42',NULL),(510,'썬글라스','썬글라쓰',4,'ㅆ','ㄴ','https://ggomalggomal.s3.ap-southeast-2.amazonaws.com/ggomal/word/tt/tt+(9).png','https://ggomalggomal.s3.ap-southeast-2.amazonaws.com/ggomal/sound/f/%EC%8D%AC%EA%B8%80%EB%9D%BC%EC%8A%A4.mp3','2024-05-08 08:01:17','2024-05-09 07:08:38',NULL),(511,'썰매','썰매',2,'ㅆ','ㄹ','https://ggomalggomal.s3.ap-southeast-2.amazonaws.com/ggomal/word/tt/tt+(10).png','https://ggomalggomal.s3.ap-southeast-2.amazonaws.com/ggomal/sound/a/%EC%8D%B0%EB%A7%A4.mp3','2024-05-08 08:01:17','2024-05-09 07:06:46',NULL),(512,'씨름','씨름',2,'ㅆ','ㅁ','https://ggomalggomal.s3.ap-southeast-2.amazonaws.com/ggomal/word/tt/tt+(11).png','https://ggomalggomal.s3.ap-southeast-2.amazonaws.com/ggomal/sound/tT/%EC%94%A8%EB%A6%84.mp3','2024-05-08 08:01:17','2024-05-09 07:08:53',NULL),(513,'옥수수','옥쑤수',3,'ㅆ','ㄱ','https://ggomalggomal.s3.ap-southeast-2.amazonaws.com/ggomal/word/tt/tt+(12).png','https://ggomalggomal.s3.ap-southeast-2.amazonaws.com/ggomal/sound/rkz/%EC%98%A5%EC%88%98%EC%88%98.mp3','2024-05-08 08:01:17','2024-05-09 07:08:47',NULL),(514,'입술','입쑬',2,'ㅆ','ㅂ','https://ggomalggomal.s3.ap-southeast-2.amazonaws.com/ggomal/word/tt/tt+(13).png','https://ggomalggomal.s3.ap-southeast-2.amazonaws.com/ggomal/sound/qQv/%EC%9E%85%EC%88%A0.mp3','2024-05-08 08:01:17','2024-05-09 07:08:43',NULL),(515,'접시','접씨 ',2,'ㅆ','ㅂ','https://ggomalggomal.s3.ap-southeast-2.amazonaws.com/ggomal/word/tt/tt+(14).png','https://ggomalggomal.s3.ap-southeast-2.amazonaws.com/ggomal/sound/qQv/%EC%A0%91%EC%8B%9C.mp3','2024-05-08 08:01:17','2024-05-09 07:08:43',NULL),(516,'젖소','젇쏘 ',2,'ㅆ','ㅈ','https://ggomalggomal.s3.ap-southeast-2.amazonaws.com/ggomal/word/tt/tt+(15).png','https://ggomalggomal.s3.ap-southeast-2.amazonaws.com/ggomal/sound/tT/%EC%A0%96%EC%86%8C.mp3','2024-05-08 08:01:18','2024-05-09 07:08:53',NULL),(517,'주스','주쓰',2,'ㅆ',NULL,'https://ggomalggomal.s3.ap-southeast-2.amazonaws.com/ggomal/word/tt/tt+(16).png','https://ggomalggomal.s3.ap-southeast-2.amazonaws.com/ggomal/sound/tT/%EC%A3%BC%EC%8A%A4.mp3','2024-05-08 08:01:18','2024-05-09 07:08:53',NULL),(518,'칫솔','치쏠/칟쏠',2,'ㅆ','ㅅ','https://ggomalggomal.s3.ap-southeast-2.amazonaws.com/ggomal/word/tt/tt+(17).png','https://ggomalggomal.s3.ap-southeast-2.amazonaws.com/ggomal/sound/c/%EC%B9%AB%EC%86%94.mp3','2024-05-08 08:01:18','2024-05-09 07:08:29',NULL),(519,'코뿔소','코뿔쏘',3,'ㅆ',NULL,'https://ggomalggomal.s3.ap-southeast-2.amazonaws.com/ggomal/word/tt/tt+(18).png','https://ggomalggomal.s3.ap-southeast-2.amazonaws.com/ggomal/sound/qQv/%EC%BD%94%EB%BF%94%EC%86%8C.mp3','2024-05-08 08:01:18','2024-05-09 07:08:42',NULL),(520,'택시','택씨',2,'ㅆ','ㄱ','https://ggomalggomal.s3.ap-southeast-2.amazonaws.com/ggomal/word/tt/tt+(19).png','https://ggomalggomal.s3.ap-southeast-2.amazonaws.com/ggomal/sound/eEx/%ED%83%9D%EC%8B%9C.mp3','2024-05-08 08:01:18','2024-05-09 07:08:35',NULL),(521,'개구리','개구리',3,'ㄹ',NULL,'https://ggomalggomal.s3.ap-southeast-2.amazonaws.com/ggomal/word/f/f+(1).png','https://ggomalggomal.s3.ap-southeast-2.amazonaws.com/ggomal/sound/f/%EA%B0%9C%EA%B5%AC%EB%A6%AC.mp3','2024-05-08 08:03:02','2024-05-09 07:08:37',NULL),(522,'개나리','개ː나리',3,'ㄹ',NULL,'https://ggomalggomal.s3.ap-southeast-2.amazonaws.com/ggomal/word/f/f+(2).png','https://ggomalggomal.s3.ap-southeast-2.amazonaws.com/ggomal/sound/f/%EA%B0%9C%EB%82%98%EB%A6%AC.mp3','2024-05-08 08:03:02','2024-05-09 07:08:37',NULL),(523,'고래','고래',2,'ㄹ',NULL,'https://ggomalggomal.s3.ap-southeast-2.amazonaws.com/ggomal/word/f/f+(3).png','https://ggomalggomal.s3.ap-southeast-2.amazonaws.com/ggomal/sound/f/%EA%B3%A0%EB%9E%98.mp3','2024-05-08 08:03:02','2024-05-09 07:08:37',NULL),(524,'공룡','공:뇽',2,'ㄹ','ㅇ','https://ggomalggomal.s3.ap-southeast-2.amazonaws.com/ggomal/word/f/f+(4).png','https://ggomalggomal.s3.ap-southeast-2.amazonaws.com/ggomal/sound/d/%EA%B3%B5%EB%A3%A1.mp3','2024-05-08 08:03:02','2024-05-09 07:08:31',NULL),(525,'구름','구름',2,'ㄹ','ㅁ','https://ggomalggomal.s3.ap-southeast-2.amazonaws.com/ggomal/word/f/f+(5).png','https://ggomalggomal.s3.ap-southeast-2.amazonaws.com/ggomal/sound/a/%EA%B5%AC%EB%A6%84.mp3','2024-05-08 08:03:02','2024-05-09 07:06:47',NULL),(526,'기린','기린',2,'ㄹ','ㄴ','https://ggomalggomal.s3.ap-southeast-2.amazonaws.com/ggomal/word/f/f+(6).png','https://ggomalggomal.s3.ap-southeast-2.amazonaws.com/ggomal/sound/f/%EA%B8%B0%EB%A6%B0.mp3','2024-05-08 08:03:02','2024-05-09 07:08:37',NULL),(527,'너구리','너구리',3,'ㄹ',NULL,'https://ggomalggomal.s3.ap-southeast-2.amazonaws.com/ggomal/word/f/f+(7).png','https://ggomalggomal.s3.ap-southeast-2.amazonaws.com/ggomal/sound/f/%EB%84%88%EA%B5%AC%EB%A6%AC.mp3','2024-05-08 08:03:02','2024-05-09 07:08:37',NULL),(528,'눈사람','눈:싸람',3,'ㄹ','ㅁ','https://ggomalggomal.s3.ap-southeast-2.amazonaws.com/ggomal/word/f/f+(8).png','https://ggomalggomal.s3.ap-southeast-2.amazonaws.com/ggomal/sound/a/%EB%88%88%EC%82%AC%EB%9E%8C.mp3','2024-05-08 08:03:02','2024-05-09 07:06:47',NULL),(529,'다람쥐','다람쥐',3,'ㄹ','ㅁ','https://ggomalggomal.s3.ap-southeast-2.amazonaws.com/ggomal/word/f/f+(9).png','https://ggomalggomal.s3.ap-southeast-2.amazonaws.com/ggomal/sound/a/%EB%8B%A4%EB%9E%8C%EC%A5%90.mp3','2024-05-08 08:03:02','2024-05-09 07:06:47',NULL),(530,'도로','도롱',2,'ㄹ',NULL,'https://ggomalggomal.s3.ap-southeast-2.amazonaws.com/ggomal/word/f/f+(10).png','https://ggomalggomal.s3.ap-southeast-2.amazonaws.com/ggomal/sound/eEx/%EB%8F%84%EB%A1%9C.mp3','2024-05-08 08:03:02','2024-05-09 07:08:34',NULL),(531,'도토리','도토리',3,'ㄹ',NULL,'https://ggomalggomal.s3.ap-southeast-2.amazonaws.com/ggomal/word/f/f+(11).png','https://ggomalggomal.s3.ap-southeast-2.amazonaws.com/ggomal/sound/eEx/%EB%8F%84%ED%86%A0%EB%A6%AC.mp3','2024-05-08 08:03:02','2024-05-09 07:08:34',NULL),(532,'독수리','독쑤리',3,'ㄹ',NULL,'https://ggomalggomal.s3.ap-southeast-2.amazonaws.com/ggomal/word/f/f+(12).png','https://ggomalggomal.s3.ap-southeast-2.amazonaws.com/ggomal/sound/f/%EB%8F%85%EC%88%98%EB%A6%AC.mp3','2024-05-08 08:03:02','2024-05-09 07:08:37',NULL),(533,'돌고래','돌:고래',3,'ㄹ',NULL,'https://ggomalggomal.s3.ap-southeast-2.amazonaws.com/ggomal/word/f/f+(13).png','https://ggomalggomal.s3.ap-southeast-2.amazonaws.com/ggomal/sound/f/%EB%8F%8C%EA%B3%A0%EB%9E%98.mp3','2024-05-08 08:03:02','2024-05-09 07:08:37',NULL),(534,'드라이기','드라이기',4,'ㄹ',NULL,'https://ggomalggomal.s3.ap-southeast-2.amazonaws.com/ggomal/word/f/f+(14).png','https://ggomalggomal.s3.ap-southeast-2.amazonaws.com/ggomal/sound/eEx/%EB%93%9C%EB%9D%BC%EC%9D%B4%EA%B8%B0.mp3','2024-05-08 08:03:02','2024-05-09 07:08:34',NULL),(535,'드럼','드럼',2,'ㄹ','ㅁ','https://ggomalggomal.s3.ap-southeast-2.amazonaws.com/ggomal/word/f/f+(15).png','https://ggomalggomal.s3.ap-southeast-2.amazonaws.com/ggomal/sound/a/%EB%93%9C%EB%9F%BC.mp3','2024-05-08 08:03:02','2024-05-09 07:06:47',NULL),(536,'라디오','라디오',3,'ㄹ',NULL,'https://ggomalggomal.s3.ap-southeast-2.amazonaws.com/ggomal/word/f/f+(16).png','https://ggomalggomal.s3.ap-southeast-2.amazonaws.com/ggomal/sound/f/%EB%9D%BC%EB%94%94%EC%98%A4.mp3','2024-05-08 08:03:02','2024-05-09 07:08:37',NULL),(537,'라면','라면',2,'ㄹ',NULL,'https://ggomalggomal.s3.ap-southeast-2.amazonaws.com/ggomal/word/f/f+(17).png','https://ggomalggomal.s3.ap-southeast-2.amazonaws.com/ggomal/sound/f/%EB%9D%BC%EB%A9%B4.mp3','2024-05-08 08:03:02','2024-05-09 07:08:37',NULL),(538,'라이터','라이터',3,'ㄹ',NULL,'https://ggomalggomal.s3.ap-southeast-2.amazonaws.com/ggomal/word/f/f+(18).png','https://ggomalggomal.s3.ap-southeast-2.amazonaws.com/ggomal/sound/f/%EB%9D%BC%EC%9D%B4%ED%84%B0.mp3','2024-05-08 08:03:02','2024-05-09 07:08:37',NULL),(539,'레고','레고',2,'ㄹ',NULL,'https://ggomalggomal.s3.ap-southeast-2.amazonaws.com/ggomal/word/f/f+(19).png','https://ggomalggomal.s3.ap-southeast-2.amazonaws.com/ggomal/sound/f/%EB%A0%88%EA%B3%A0.mp3','2024-05-08 08:03:02','2024-05-09 07:08:37',NULL),(540,'레몬','레몬',2,'ㄹ',NULL,'https://ggomalggomal.s3.ap-southeast-2.amazonaws.com/ggomal/word/f/f+(20).png','https://ggomalggomal.s3.ap-southeast-2.amazonaws.com/ggomal/sound/a/%EB%A0%88%EB%AA%AC.mp3','2024-05-08 08:03:02','2024-05-09 07:06:46',NULL),(541,'레미콘','레미콘',3,'ㄹ',NULL,'https://ggomalggomal.s3.ap-southeast-2.amazonaws.com/ggomal/word/f/f+(21).png','https://ggomalggomal.s3.ap-southeast-2.amazonaws.com/ggomal/sound/f/%EB%A0%88%EB%AF%B8%EC%BD%98.mp3','2024-05-08 08:03:02','2024-05-09 07:08:37',NULL),(542,'로봇','로봇',2,'ㄹ',NULL,'https://ggomalggomal.s3.ap-southeast-2.amazonaws.com/ggomal/word/f/f+(22).png','https://ggomalggomal.s3.ap-southeast-2.amazonaws.com/ggomal/sound/f/%EB%A1%9C%EB%B4%87.mp3','2024-05-08 08:03:02','2024-05-09 07:08:37',NULL),(543,'로켓','로켓',2,'ㄹ',NULL,'https://ggomalggomal.s3.ap-southeast-2.amazonaws.com/ggomal/word/f/f+(23).png','https://ggomalggomal.s3.ap-southeast-2.amazonaws.com/ggomal/sound/f/%EB%A1%9C%EC%BC%93.mp3','2024-05-08 08:03:02','2024-05-09 07:08:37',NULL),(544,'리모컨','리모컨',3,'ㄹ',NULL,'https://ggomalggomal.s3.ap-southeast-2.amazonaws.com/ggomal/word/f/f+(24).png','https://ggomalggomal.s3.ap-southeast-2.amazonaws.com/ggomal/sound/f/%EB%A6%AC%EB%AA%A8%EC%BB%A8.mp3','2024-05-08 08:03:02','2024-05-09 07:08:37',NULL),(545,'리본','리본',2,'ㄹ',NULL,'https://ggomalggomal.s3.ap-southeast-2.amazonaws.com/ggomal/word/f/f+(25).png','https://ggomalggomal.s3.ap-southeast-2.amazonaws.com/ggomal/sound/f/%EB%A6%AC%EB%B3%B8.mp3','2024-05-08 08:03:02','2024-05-09 07:08:37',NULL),(546,'리코더','리코더',3,'ㄹ',NULL,'https://ggomalggomal.s3.ap-southeast-2.amazonaws.com/ggomal/word/f/f+(26).png','https://ggomalggomal.s3.ap-southeast-2.amazonaws.com/ggomal/sound/f/%EB%A6%AC%EC%BD%94%EB%8D%94.mp3','2024-05-08 08:03:02','2024-05-09 07:08:37',NULL),(547,'립스틱','립쓰틱',3,'ㄹ','ㅂ','https://ggomalggomal.s3.ap-southeast-2.amazonaws.com/ggomal/word/f/f+(27).png','https://ggomalggomal.s3.ap-southeast-2.amazonaws.com/ggomal/sound/eEx/%EB%A6%BD%EC%8A%A4%ED%8B%B1.mp3','2024-05-08 08:03:02','2024-05-09 07:08:35',NULL),(548,'마카롱','마카롱',3,'ㄹ','ㅇ','https://ggomalggomal.s3.ap-southeast-2.amazonaws.com/ggomal/word/f/f+(28).png','https://ggomalggomal.s3.ap-southeast-2.amazonaws.com/ggomal/sound/d/%EB%A7%88%EC%B9%B4%EB%A1%B1.mp3','2024-05-08 08:03:02','2024-05-09 07:08:31',NULL),(549,'목도리','목또리',3,'ㄹ',NULL,'https://ggomalggomal.s3.ap-southeast-2.amazonaws.com/ggomal/word/f/f+(29).png','https://ggomalggomal.s3.ap-southeast-2.amazonaws.com/ggomal/sound/a/%EB%AA%A9%EB%8F%84%EB%A6%AC.mp3','2024-05-08 08:03:02','2024-05-09 07:06:46',NULL),(550,'바이올린','바이올린',4,'ㄹ','ㄴ','https://ggomalggomal.s3.ap-southeast-2.amazonaws.com/ggomal/word/f/f+(30).png','https://ggomalggomal.s3.ap-southeast-2.amazonaws.com/ggomal/sound/f/%EB%B0%94%EC%9D%B4%EC%98%AC%EB%A6%B0.mp3','2024-05-08 08:03:02','2024-05-09 07:08:37',NULL),(551,'병아리','병아리',3,'ㄹ',NULL,'https://ggomalggomal.s3.ap-southeast-2.amazonaws.com/ggomal/word/f/f+(31).png','https://ggomalggomal.s3.ap-southeast-2.amazonaws.com/ggomal/sound/d/%EB%B3%91%EC%95%84%EB%A6%AC.mp3','2024-05-08 08:03:02','2024-05-09 07:08:31',NULL),(552,'불가사리','불가사리',4,'ㄹ',NULL,'https://ggomalggomal.s3.ap-southeast-2.amazonaws.com/ggomal/word/f/f+(32).png','https://ggomalggomal.s3.ap-southeast-2.amazonaws.com/ggomal/sound/f/%EB%B6%88%EA%B0%80%EC%82%AC%EB%A6%AC.mp3','2024-05-08 08:03:02','2024-05-09 07:08:37',NULL),(553,'브로콜리','브로콜리',4,'ㄹ',NULL,'https://ggomalggomal.s3.ap-southeast-2.amazonaws.com/ggomal/word/f/f+(33).png','https://ggomalggomal.s3.ap-southeast-2.amazonaws.com/ggomal/sound/f/%EB%B8%8C%EB%A1%9C%EC%BD%9C%EB%A6%AC.mp3','2024-05-08 08:03:02','2024-05-09 07:08:37',NULL),(554,'블루베리','블루베리',4,'ㄹ',NULL,'https://ggomalggomal.s3.ap-southeast-2.amazonaws.com/ggomal/word/f/f+(34).png','https://ggomalggomal.s3.ap-southeast-2.amazonaws.com/ggomal/sound/f/%EB%B8%94%EB%A3%A8%EB%B2%A0%EB%A6%AC.mp3','2024-05-08 08:03:02','2024-05-09 07:08:37',NULL),(555,'빗자루','비짜루',3,'ㄹ',NULL,'https://ggomalggomal.s3.ap-southeast-2.amazonaws.com/ggomal/word/f/f+(35).png','https://ggomalggomal.s3.ap-southeast-2.amazonaws.com/ggomal/sound/f/%EB%B9%97%EC%9E%90%EB%A3%A8.mp3','2024-05-08 08:03:02','2024-05-09 07:08:37',NULL),(556,'사다리','사다리',3,'ㄹ',NULL,'https://ggomalggomal.s3.ap-southeast-2.amazonaws.com/ggomal/word/f/f+(36).png','https://ggomalggomal.s3.ap-southeast-2.amazonaws.com/ggomal/sound/eEx/%EC%82%AC%EB%8B%A4%EB%A6%AC.mp3','2024-05-08 08:03:03','2024-05-09 07:08:35',NULL),(557,'실로폰','실로폰',3,'ㄹ',NULL,'https://ggomalggomal.s3.ap-southeast-2.amazonaws.com/ggomal/word/f/f+(37).png','https://ggomalggomal.s3.ap-southeast-2.amazonaws.com/ggomal/sound/f/%EC%8B%A4%EB%A1%9C%ED%8F%B0.mp3','2024-05-08 08:03:03','2024-05-09 07:08:38',NULL),(558,'아이스크림','아이스크림',5,'ㄹ','ㅁ','https://ggomalggomal.s3.ap-southeast-2.amazonaws.com/ggomal/word/f/f+(38).png','https://ggomalggomal.s3.ap-southeast-2.amazonaws.com/ggomal/sound/a/%EC%95%84%EC%9D%B4%EC%8A%A4%ED%81%AC%EB%A6%BC.mp3','2024-05-08 08:03:03','2024-05-09 07:06:47',NULL),(559,'오렌지','오렌지',3,'ㄹ','ㄴ','https://ggomalggomal.s3.ap-southeast-2.amazonaws.com/ggomal/word/f/f+(39).png','https://ggomalggomal.s3.ap-southeast-2.amazonaws.com/ggomal/sound/f/%EC%98%A4%EB%A0%8C%EC%A7%80.mp3','2024-05-08 08:03:03','2024-05-09 07:08:38',NULL),(560,'오리','오리',2,'ㄹ',NULL,'https://ggomalggomal.s3.ap-southeast-2.amazonaws.com/ggomal/word/f/f+(40).png','https://ggomalggomal.s3.ap-southeast-2.amazonaws.com/ggomal/sound/f/%EC%98%A4%EB%A6%AC.mp3','2024-05-08 08:03:03','2024-05-09 07:08:38',NULL),(561,'유령','유령',2,'ㄹ','ㅇ','https://ggomalggomal.s3.ap-southeast-2.amazonaws.com/ggomal/word/f/f+(41).png','https://ggomalggomal.s3.ap-southeast-2.amazonaws.com/ggomal/sound/d/%EC%9C%A0%EB%A0%B9.mp3','2024-05-08 08:03:03','2024-05-09 07:08:32',NULL),(562,'잠자리','잠짜리',3,'ㄹ',NULL,'https://ggomalggomal.s3.ap-southeast-2.amazonaws.com/ggomal/word/f/f+(42).png','https://ggomalggomal.s3.ap-southeast-2.amazonaws.com/ggomal/sound/a/%EC%9E%A0%EC%9E%90%EB%A6%AC.mp3','2024-05-08 08:03:03','2024-05-09 07:06:47',NULL),(563,'젓가락','저까락',3,'ㄹ','ㄱ','https://ggomalggomal.s3.ap-southeast-2.amazonaws.com/ggomal/word/f/f+(43).png','https://ggomalggomal.s3.ap-southeast-2.amazonaws.com/ggomal/sound/f/%EC%A0%93%EA%B0%80%EB%9D%BD.mp3','2024-05-08 08:03:03','2024-05-09 07:08:38',NULL),(564,'지렁이','지:렁이',3,'ㄹ','ㅇ','https://ggomalggomal.s3.ap-southeast-2.amazonaws.com/ggomal/word/f/f+(44).png','https://ggomalggomal.s3.ap-southeast-2.amazonaws.com/ggomal/sound/d/%EC%A7%80%EB%A0%81%EC%9D%B4.mp3','2024-05-08 08:03:03','2024-05-09 07:08:32',NULL),(565,'체리','체리',2,'ㄹ',NULL,'https://ggomalggomal.s3.ap-southeast-2.amazonaws.com/ggomal/word/f/f+(45).png','https://ggomalggomal.s3.ap-southeast-2.amazonaws.com/ggomal/sound/c/%EC%B2%B4%EB%A6%AC.mp3','2024-05-08 08:03:03','2024-05-09 07:08:29',NULL),(566,'캐리어','캐리어',3,'ㄹ',NULL,'https://ggomalggomal.s3.ap-southeast-2.amazonaws.com/ggomal/word/f/f+(46).png','https://ggomalggomal.s3.ap-southeast-2.amazonaws.com/ggomal/sound/f/%EC%BA%90%EB%A6%AC%EC%96%B4.mp3','2024-05-08 08:03:03','2024-05-09 07:08:38',NULL),(567,'코끼리','코끼리',3,'ㄹ',NULL,'https://ggomalggomal.s3.ap-southeast-2.amazonaws.com/ggomal/word/f/f+(47).png','https://ggomalggomal.s3.ap-southeast-2.amazonaws.com/ggomal/sound/f/%EC%BD%94%EB%81%BC%EB%A6%AC.mp3','2024-05-08 08:03:03','2024-05-09 07:08:38',NULL),(568,'크레파스','크레파쓰',4,'ㄹ',NULL,'https://ggomalggomal.s3.ap-southeast-2.amazonaws.com/ggomal/word/f/f+(48).png','https://ggomalggomal.s3.ap-southeast-2.amazonaws.com/ggomal/sound/f/%ED%81%AC%EB%A0%88%ED%8C%8C%EC%8A%A4.mp3','2024-05-08 08:03:03','2024-05-09 07:08:38',NULL),(569,'탬버린','탬버린',3,'ㄹ','ㄴ','https://ggomalggomal.s3.ap-southeast-2.amazonaws.com/ggomal/word/f/f+(49).png','https://ggomalggomal.s3.ap-southeast-2.amazonaws.com/ggomal/sound/a/%ED%83%AC%EB%B2%84%EB%A6%B0.mp3','2024-05-08 08:03:03','2024-05-09 07:06:47',NULL),(570,'트리','트리',2,'ㄹ',NULL,'https://ggomalggomal.s3.ap-southeast-2.amazonaws.com/ggomal/word/f/f+(50).png','https://ggomalggomal.s3.ap-southeast-2.amazonaws.com/ggomal/sound/eEx/%ED%8A%B8%EB%A6%AC.mp3','2024-05-08 08:03:03','2024-05-09 07:08:35',NULL),(571,'파리','파리',2,'ㄹ',NULL,'https://ggomalggomal.s3.ap-southeast-2.amazonaws.com/ggomal/word/f/f+(51).png','https://ggomalggomal.s3.ap-southeast-2.amazonaws.com/ggomal/sound/f/%ED%8C%8C%EB%A6%AC.mp3','2024-05-08 08:03:03','2024-05-09 07:08:38',NULL),(572,'포크레인','포크레인',4,'ㄹ',NULL,'https://ggomalggomal.s3.ap-southeast-2.amazonaws.com/ggomal/word/f/f+(52).png','https://ggomalggomal.s3.ap-southeast-2.amazonaws.com/ggomal/sound/f/%ED%8F%AC%ED%81%AC%EB%A0%88%EC%9D%B8.mp3','2024-05-08 08:03:03','2024-05-09 07:08:38',NULL),(573,'프라이팬','프라이팬',4,'ㄹ',NULL,'https://ggomalggomal.s3.ap-southeast-2.amazonaws.com/ggomal/word/f/f+(53).png','https://ggomalggomal.s3.ap-southeast-2.amazonaws.com/ggomal/sound/f/%ED%94%84%EB%9D%BC%EC%9D%B4%ED%8C%AC.mp3','2024-05-08 08:03:03','2024-05-09 07:08:38',NULL),(574,'해바라기','해바라기',4,'ㄹ',NULL,'https://ggomalggomal.s3.ap-southeast-2.amazonaws.com/ggomal/word/f/f+(54).png','https://ggomalggomal.s3.ap-southeast-2.amazonaws.com/ggomal/sound/f/%ED%95%B4%EB%B0%94%EB%9D%BC%EA%B8%B0.mp3','2024-05-08 08:03:03','2024-05-09 07:08:38',NULL),(575,'해파리','해:파리',3,'ㄹ',NULL,'https://ggomalggomal.s3.ap-southeast-2.amazonaws.com/ggomal/word/f/f+(55).png','https://ggomalggomal.s3.ap-southeast-2.amazonaws.com/ggomal/sound/f/%ED%95%B4%ED%8C%8C%EB%A6%AC.mp3','2024-05-08 08:03:03','2024-05-09 07:08:38',NULL),(576,'호랑이','호:랑이',3,'ㄹ',NULL,'https://ggomalggomal.s3.ap-southeast-2.amazonaws.com/ggomal/word/f/f+(56).png','https://ggomalggomal.s3.ap-southeast-2.amazonaws.com/ggomal/sound/d/%ED%98%B8%EB%9E%91%EC%9D%B4.mp3','2024-05-08 08:03:03','2024-05-09 07:08:32',NULL),(577,'호루라기','호루라기',4,'ㄹ',NULL,'https://ggomalggomal.s3.ap-southeast-2.amazonaws.com/ggomal/word/f/f+(57).png','https://ggomalggomal.s3.ap-southeast-2.amazonaws.com/ggomal/sound/f/%ED%98%B8%EB%A3%A8%EB%9D%BC%EA%B8%B0.mp3','2024-05-08 08:03:03','2024-05-09 07:08:38',NULL),(578,'거울','거울',2,'ㅇ','ㄹ','https://ggomalggomal.s3.ap-southeast-2.amazonaws.com/ggomal/word/ef/ef+(1).png','https://ggomalggomal.s3.ap-southeast-2.amazonaws.com/ggomal/sound/f/%EA%B1%B0%EC%9A%B8.mp3','2024-05-08 08:03:03','2024-05-09 07:08:38',NULL),(579,'경찰차','경:찰차',3,'ㅊ','ㄹ','https://ggomalggomal.s3.ap-southeast-2.amazonaws.com/ggomal/word/ef/ef+(2).png','https://ggomalggomal.s3.ap-southeast-2.amazonaws.com/ggomal/sound/d/%EA%B2%BD%EC%B0%B0%EC%B0%A8.mp3','2024-05-08 08:03:03','2024-05-09 07:08:31',NULL),(580,'딱풀','딱풀',3,'ㅍ','ㄹ','https://ggomalggomal.s3.ap-southeast-2.amazonaws.com/ggomal/word/ef/ef+(3).png','https://ggomalggomal.s3.ap-southeast-2.amazonaws.com/ggomal/sound/f/%EB%94%B1%ED%92%80.mp3','2024-05-08 08:03:03','2024-05-09 07:08:38',NULL),(581,'꿀벌','꿀벌',2,'ㄲ','ㄹ','https://ggomalggomal.s3.ap-southeast-2.amazonaws.com/ggomal/word/ef/ef+(4).png','https://ggomalggomal.s3.ap-southeast-2.amazonaws.com/ggomal/sound/f/%EA%BF%80%EB%B2%8C.mp3','2024-05-08 08:03:03','2024-05-09 07:08:38',NULL),(582,'달','달',1,'ㄷ','ㄹ','https://ggomalggomal.s3.ap-southeast-2.amazonaws.com/ggomal/word/ef/ef+(5).png','https://ggomalggomal.s3.ap-southeast-2.amazonaws.com/ggomal/sound/eEx/%EB%8B%AC.mp3','2024-05-08 08:03:03','2024-05-09 07:08:34',NULL),(583,'딸기','딸:기',2,'ㄸ','ㄹ','https://ggomalggomal.s3.ap-southeast-2.amazonaws.com/ggomal/word/ef/ef+(6).png','https://ggomalggomal.s3.ap-southeast-2.amazonaws.com/ggomal/sound/f/%EB%94%B8%EA%B8%B0.mp3','2024-05-08 08:03:03','2024-05-09 07:08:38',NULL),(584,'말','말',1,'ㅁ','ㄹ','https://ggomalggomal.s3.ap-southeast-2.amazonaws.com/ggomal/word/ef/ef+(7).png','https://ggomalggomal.s3.ap-southeast-2.amazonaws.com/ggomal/sound/a/%EB%A7%90.mp3','2024-05-08 08:03:03','2024-05-09 07:06:46',NULL),(585,'멸치','멸치',2,'ㅁ','ㄹ','https://ggomalggomal.s3.ap-southeast-2.amazonaws.com/ggomal/word/ef/ef+(8).png','https://ggomalggomal.s3.ap-southeast-2.amazonaws.com/ggomal/sound/f/%EB%A9%B8%EC%B9%98.mp3','2024-05-08 08:03:03','2024-05-09 07:08:38',NULL),(586,'무당벌레','무:당벌레',4,'ㅂ','ㄹ','https://ggomalggomal.s3.ap-southeast-2.amazonaws.com/ggomal/word/ef/ef+(9).png','https://ggomalggomal.s3.ap-southeast-2.amazonaws.com/ggomal/sound/d/%EB%AC%B4%EB%8B%B9%EB%B2%8C%EB%A0%88.mp3','2024-05-08 08:03:03','2024-05-09 07:08:31',NULL),(587,'물','물',1,'ㅁ','ㄹ','https://ggomalggomal.s3.ap-southeast-2.amazonaws.com/ggomal/word/ef/ef+(10).png','https://ggomalggomal.s3.ap-southeast-2.amazonaws.com/ggomal/sound/f/%EB%AC%BC.mp3','2024-05-08 08:03:03','2024-05-09 07:08:38',NULL),(588,'물개','물깨',2,'ㅁ','ㄹ','https://ggomalggomal.s3.ap-southeast-2.amazonaws.com/ggomal/word/ef/ef+(11).png','https://ggomalggomal.s3.ap-southeast-2.amazonaws.com/ggomal/sound/f/%EB%AC%BC%EA%B0%9C.mp3','2024-05-08 08:03:03','2024-05-09 07:08:38',NULL),(589,'물고기','물꼬기',3,'ㅁ','ㄹ','https://ggomalggomal.s3.ap-southeast-2.amazonaws.com/ggomal/word/ef/ef+(12).png','https://ggomalggomal.s3.ap-southeast-2.amazonaws.com/ggomal/sound/f/%EB%AC%BC%EA%B3%A0%EA%B8%B0.mp3','2024-05-08 08:03:03','2024-05-09 07:08:38',NULL),(590,'물티슈','물티쓔',3,'ㅁ','ㄹ','https://ggomalggomal.s3.ap-southeast-2.amazonaws.com/ggomal/word/ef/ef+(13).png','https://ggomalggomal.s3.ap-southeast-2.amazonaws.com/ggomal/sound/a/%EB%AC%BC%ED%8B%B0%EC%8A%88.mp3','2024-05-08 08:03:03','2024-05-09 07:06:46',NULL),(591,'미용실','미:용실',3,'ㅅ','ㄹ','https://ggomalggomal.s3.ap-southeast-2.amazonaws.com/ggomal/word/ef/ef+(14).png','https://ggomalggomal.s3.ap-southeast-2.amazonaws.com/ggomal/sound/f/%EB%AF%B8%EC%9A%A9%EC%8B%A4.mp3','2024-05-08 08:03:03','2024-05-09 07:08:38',NULL),(592,'바늘','바늘',2,'ㄴ','ㄹ','https://ggomalggomal.s3.ap-southeast-2.amazonaws.com/ggomal/word/ef/ef+(15).png','https://ggomalggomal.s3.ap-southeast-2.amazonaws.com/ggomal/sound/f/%EB%B0%94%EB%8A%98.mp3','2024-05-08 08:03:03','2024-05-09 07:08:38',NULL),(593,'발','발',1,'ㅂ','ㄹ','https://ggomalggomal.s3.ap-southeast-2.amazonaws.com/ggomal/word/ef/ef+(16).png','https://ggomalggomal.s3.ap-southeast-2.amazonaws.com/ggomal/sound/f/%EB%B0%9C.mp3','2024-05-08 08:03:03','2024-05-09 07:08:38',NULL),(594,'별','별',1,'ㅂ','ㄹ','https://ggomalggomal.s3.ap-southeast-2.amazonaws.com/ggomal/word/ef/ef+(17).png','https://ggomalggomal.s3.ap-southeast-2.amazonaws.com/ggomal/sound/f/%EB%B3%84.mp3','2024-05-08 08:03:03','2024-05-09 07:08:38',NULL),(595,'불','불',1,'ㅂ','ㄹ','https://ggomalggomal.s3.ap-southeast-2.amazonaws.com/ggomal/word/ef/ef+(18).png','https://ggomalggomal.s3.ap-southeast-2.amazonaws.com/ggomal/sound/f/%EB%B6%88.mp3','2024-05-08 08:03:03','2024-05-09 07:08:38',NULL),(596,'비눗방울','비누빵울',4,'ㅇ','ㄹ','https://ggomalggomal.s3.ap-southeast-2.amazonaws.com/ggomal/word/ef/ef+(19).png','https://ggomalggomal.s3.ap-southeast-2.amazonaws.com/ggomal/sound/d/%EB%B9%84%EB%88%97%EB%B0%A9%EC%9A%B8.mp3','2024-05-08 08:03:03','2024-05-09 07:08:31',NULL),(597,'빨대','빨때',2,'ㅃ','ㄹ','https://ggomalggomal.s3.ap-southeast-2.amazonaws.com/ggomal/word/ef/ef+(20).png','https://ggomalggomal.s3.ap-southeast-2.amazonaws.com/ggomal/sound/f/%EB%B9%A8%EB%8C%80.mp3','2024-05-08 08:03:03','2024-05-09 07:08:38',NULL),(598,'썬글라스','썬글라쓰',4,'ㄱ','ㄹ','https://ggomalggomal.s3.ap-southeast-2.amazonaws.com/ggomal/word/ef/ef+(21).png','https://ggomalggomal.s3.ap-southeast-2.amazonaws.com/ggomal/sound/f/%EC%8D%AC%EA%B8%80%EB%9D%BC%EC%8A%A4.mp3','2024-05-08 08:03:03','2024-05-09 07:08:38',NULL),(599,'썰매','썰매',2,'ㅆ','ㄹ','https://ggomalggomal.s3.ap-southeast-2.amazonaws.com/ggomal/word/ef/ef+(22).png','https://ggomalggomal.s3.ap-southeast-2.amazonaws.com/ggomal/sound/a/%EC%8D%B0%EB%A7%A4.mp3','2024-05-08 08:03:03','2024-05-09 07:06:46',NULL),(600,'얼룩말','얼룽말',3,'ㅇ','ㄹ','https://ggomalggomal.s3.ap-southeast-2.amazonaws.com/ggomal/word/ef/ef+(23).png','https://ggomalggomal.s3.ap-southeast-2.amazonaws.com/ggomal/sound/f/%EC%96%BC%EB%A3%A9%EB%A7%90.mp3','2024-05-08 08:03:03','2024-05-09 07:08:38',NULL),(601,'연필','연필',2,'ㅍ','ㄹ','https://ggomalggomal.s3.ap-southeast-2.amazonaws.com/ggomal/word/ef/ef+(24).png','https://ggomalggomal.s3.ap-southeast-2.amazonaws.com/ggomal/sound/f/%EC%97%B0%ED%95%84.mp3','2024-05-08 08:03:03','2024-05-09 07:08:38',NULL),(602,'이불','이불',2,'ㅂ','ㄹ','https://ggomalggomal.s3.ap-southeast-2.amazonaws.com/ggomal/word/ef/ef+(25).png','https://ggomalggomal.s3.ap-southeast-2.amazonaws.com/ggomal/sound/f/%EC%9D%B4%EB%B6%88.mp3','2024-05-08 08:03:03','2024-05-09 07:08:38',NULL),(603,'철봉','철봉',2,'ㅊ','ㄹ','https://ggomalggomal.s3.ap-southeast-2.amazonaws.com/ggomal/word/ef/ef+(26).png','https://ggomalggomal.s3.ap-southeast-2.amazonaws.com/ggomal/sound/f/%EC%B2%A0%EB%B4%89.mp3','2024-05-08 08:03:03','2024-05-09 07:08:38',NULL),(604,'촛불','초뿔',2,'ㅂ','ㄹ','https://ggomalggomal.s3.ap-southeast-2.amazonaws.com/ggomal/word/ef/ef+(27).png','https://ggomalggomal.s3.ap-southeast-2.amazonaws.com/ggomal/sound/c/%EC%B4%9B%EB%B6%88.mp3','2024-05-08 08:03:03','2024-05-09 07:08:29',NULL),(605,'칠판','칠판',2,'ㅊ','ㄹ','https://ggomalggomal.s3.ap-southeast-2.amazonaws.com/ggomal/word/ef/ef+(28).png','https://ggomalggomal.s3.ap-southeast-2.amazonaws.com/ggomal/sound/c/%EC%B9%A0%ED%8C%90.mp3','2024-05-08 08:03:03','2024-05-09 07:08:29',NULL),(606,'칫솔','치쏠',2,'ㅅ','ㄹ','https://ggomalggomal.s3.ap-southeast-2.amazonaws.com/ggomal/word/ef/ef+(29).png','https://ggomalggomal.s3.ap-southeast-2.amazonaws.com/ggomal/sound/c/%EC%B9%AB%EC%86%94.mp3','2024-05-08 08:03:03','2024-05-09 07:08:29',NULL),(607,'칼','칼',1,'ㅋ','ㄹ','https://ggomalggomal.s3.ap-southeast-2.amazonaws.com/ggomal/word/ef/ef+(30).png','https://ggomalggomal.s3.ap-southeast-2.amazonaws.com/ggomal/sound/f/%EC%B9%BC.mp3','2024-05-08 08:03:03','2024-05-09 07:08:38',NULL),(608,'코알라','코알라',3,'ㅇ','ㄹ','https://ggomalggomal.s3.ap-southeast-2.amazonaws.com/ggomal/word/ef/ef+(31).png','https://ggomalggomal.s3.ap-southeast-2.amazonaws.com/ggomal/sound/f/%EC%BD%94%EC%95%8C%EB%9D%BC.mp3','2024-05-08 08:03:03','2024-05-09 07:08:38',NULL),(609,'콜라','콜라',2,'ㅋ','ㄹ','https://ggomalggomal.s3.ap-southeast-2.amazonaws.com/ggomal/word/ef/ef+(32).png','https://ggomalggomal.s3.ap-southeast-2.amazonaws.com/ggomal/sound/f/%EC%BD%9C%EB%9D%BC.mp3','2024-05-08 08:03:03','2024-05-09 07:08:38',NULL),(610,'텔레비전','텔레비전',4,'ㅌ','ㄹ','https://ggomalggomal.s3.ap-southeast-2.amazonaws.com/ggomal/word/ef/ef+(33).png','https://ggomalggomal.s3.ap-southeast-2.amazonaws.com/ggomal/sound/f/%ED%85%94%EB%A0%88%EB%B9%84%EC%A0%84.mp3','2024-05-08 08:03:03','2024-05-09 07:08:38',NULL),(611,'필통','필통',2,'ㅍ','ㄹ','https://ggomalggomal.s3.ap-southeast-2.amazonaws.com/ggomal/word/ef/ef+(34).png','https://ggomalggomal.s3.ap-southeast-2.amazonaws.com/ggomal/sound/eEx/%ED%95%84%ED%86%B5.mp3','2024-05-08 08:03:03','2024-05-09 07:08:35',NULL),(612,'할머니','할머니',3,'ㅎ','ㄹ','https://ggomalggomal.s3.ap-southeast-2.amazonaws.com/ggomal/word/ef/ef+(35).png','https://ggomalggomal.s3.ap-southeast-2.amazonaws.com/ggomal/sound/a/%ED%95%A0%EB%A8%B8%EB%8B%88.mp3','2024-05-08 08:03:03','2024-05-09 07:06:47',NULL),(613,'해골','해골',2,'ㄱ','ㄹ','https://ggomalggomal.s3.ap-southeast-2.amazonaws.com/ggomal/word/ef/ef+(36).png','https://ggomalggomal.s3.ap-southeast-2.amazonaws.com/ggomal/sound/f/%ED%95%B4%EA%B3%A8.mp3','2024-05-08 08:03:03','2024-05-09 07:08:39',NULL),(641,'가재','가재',2,'ㅈ',NULL,'https://ggomalggomal.s3.ap-southeast-2.amazonaws.com/ggomal/word/w/w+(1).png','https://ggomalggomal.s3.ap-southeast-2.amazonaws.com/ggomal/sound/w/%EA%B0%80%EC%9E%AC.mp3','2024-05-08 08:15:15','2024-05-09 07:08:57',NULL),(642,'거미줄','거미줄',3,'ㅈ','ㄹ','https://ggomalggomal.s3.ap-southeast-2.amazonaws.com/ggomal/word/w/w+(2).png','https://ggomalggomal.s3.ap-southeast-2.amazonaws.com/ggomal/sound/rkz/%EA%B1%B0%EB%AF%B8%EC%A4%84.mp3','2024-05-08 08:15:15','2024-05-09 07:08:44',NULL),(643,'뒤집개','뒤집깨',3,'ㅈ','ㅂ','https://ggomalggomal.s3.ap-southeast-2.amazonaws.com/ggomal/word/w/w+(3).png','https://ggomalggomal.s3.ap-southeast-2.amazonaws.com/ggomal/sound/eEx/%EB%92%A4%EC%A7%91%EA%B0%9C.mp3','2024-05-08 08:15:15','2024-05-09 07:08:34',NULL),(644,'모자','모자',2,'ㅈ',NULL,'https://ggomalggomal.s3.ap-southeast-2.amazonaws.com/ggomal/word/w/w+(4).png','https://ggomalggomal.s3.ap-southeast-2.amazonaws.com/ggomal/sound/a/%EB%AA%A8%EC%9E%90.mp3','2024-05-08 08:15:15','2024-05-09 07:06:46',NULL),(645,'무지개','무지개',3,'ㅈ',NULL,'https://ggomalggomal.s3.ap-southeast-2.amazonaws.com/ggomal/word/w/w+(5).png','https://ggomalggomal.s3.ap-southeast-2.amazonaws.com/ggomal/sound/a/%EB%AC%B4%EC%A7%80%EA%B0%9C.mp3','2024-05-08 08:15:15','2024-05-09 07:06:46',NULL),(646,'박쥐','박:쮜',2,'ㅈ',NULL,'https://ggomalggomal.s3.ap-southeast-2.amazonaws.com/ggomal/word/w/w+(6).png','https://ggomalggomal.s3.ap-southeast-2.amazonaws.com/ggomal/sound/rkz/%EB%B0%95%EC%A5%90.mp3','2024-05-08 08:15:15','2024-05-09 07:08:46',NULL),(647,'사자','사자',2,'ㅈ',NULL,'https://ggomalggomal.s3.ap-southeast-2.amazonaws.com/ggomal/word/w/w+(7).png','https://ggomalggomal.s3.ap-southeast-2.amazonaws.com/ggomal/sound/tT/%EC%82%AC%EC%9E%90.mp3','2024-05-08 08:15:15','2024-05-09 07:08:52',NULL),(648,'상자','상자',2,'ㅈ','ㅇ','https://ggomalggomal.s3.ap-southeast-2.amazonaws.com/ggomal/word/w/w+(8).png','https://ggomalggomal.s3.ap-southeast-2.amazonaws.com/ggomal/sound/tT/%EC%83%81%EC%9E%90.mp3','2024-05-08 08:15:15','2024-05-09 07:08:52',NULL),(649,'선인장','서닌장',3,'ㅈ','ㄴ','https://ggomalggomal.s3.ap-southeast-2.amazonaws.com/ggomal/word/w/w+(9).png','https://ggomalggomal.s3.ap-southeast-2.amazonaws.com/ggomal/sound/d/%EC%84%A0%EC%9D%B8%EC%9E%A5.mp3','2024-05-08 08:15:16','2024-05-09 07:08:32',NULL),(650,'소시지','소시지',3,'ㅈ',NULL,'https://ggomalggomal.s3.ap-southeast-2.amazonaws.com/ggomal/word/w/w+(10).png','https://ggomalggomal.s3.ap-southeast-2.amazonaws.com/ggomal/sound/tT/%EC%86%8C%EC%8B%9C%EC%A7%80.mp3','2024-05-08 08:15:16','2024-05-09 07:08:53',NULL),(651,'의자','의자',2,'ㅈ',NULL,'https://ggomalggomal.s3.ap-southeast-2.amazonaws.com/ggomal/word/w/w+(11).png','https://ggomalggomal.s3.ap-southeast-2.amazonaws.com/ggomal/sound/w/%EC%9D%98%EC%9E%90.mp3','2024-05-08 08:15:16','2024-05-09 07:08:57',NULL),(652,'자동차','자동차',3,'ㅈ','ㅇ','https://ggomalggomal.s3.ap-southeast-2.amazonaws.com/ggomal/word/w/w+(12).png','https://ggomalggomal.s3.ap-southeast-2.amazonaws.com/ggomal/sound/d/%EC%9E%90%EB%8F%99%EC%B0%A8.mp3','2024-05-08 08:15:16','2024-05-09 07:08:32',NULL),(653,'자두','자두',2,'ㅈ',NULL,'https://ggomalggomal.s3.ap-southeast-2.amazonaws.com/ggomal/word/w/w+(13).png','https://ggomalggomal.s3.ap-southeast-2.amazonaws.com/ggomal/sound/w/%EC%9E%90%EB%91%90.mp3','2024-05-08 08:15:16','2024-05-09 07:08:57',NULL),(654,'자전거','자전거',3,'ㅈ','ㄴ','https://ggomalggomal.s3.ap-southeast-2.amazonaws.com/ggomal/word/w/w+(14).png','https://ggomalggomal.s3.ap-southeast-2.amazonaws.com/ggomal/sound/rkz/%EC%9E%90%EC%A0%84%EA%B1%B0.mp3','2024-05-08 08:15:16','2024-05-09 07:08:45',NULL),(655,'잠바','잠바',2,'ㅈ','ㅁ','https://ggomalggomal.s3.ap-southeast-2.amazonaws.com/ggomal/word/w/w+(15).png','https://ggomalggomal.s3.ap-southeast-2.amazonaws.com/ggomal/sound/qQv/%EC%9E%A0%EB%B0%94.mp3','2024-05-08 08:15:16','2024-05-09 07:08:41',NULL),(656,'잠옷','자몯',2,'ㅈ','ㄷ','https://ggomalggomal.s3.ap-southeast-2.amazonaws.com/ggomal/word/w/w+(16).png','https://ggomalggomal.s3.ap-southeast-2.amazonaws.com/ggomal/sound/w/%EC%9E%A0%EC%98%B7.mp3','2024-05-08 08:15:16','2024-05-09 07:08:57',NULL),(657,'잠자리','잠자리',3,'ㅈ','ㅁ','https://ggomalggomal.s3.ap-southeast-2.amazonaws.com/ggomal/word/w/w+(17).png','https://ggomalggomal.s3.ap-southeast-2.amazonaws.com/ggomal/sound/a/%EC%9E%A0%EC%9E%90%EB%A6%AC.mp3','2024-05-08 08:15:16','2024-05-09 07:06:47',NULL),(658,'장갑','장:갑',2,'ㅈ','ㅂ','https://ggomalggomal.s3.ap-southeast-2.amazonaws.com/ggomal/word/w/w+(18).png','https://ggomalggomal.s3.ap-southeast-2.amazonaws.com/ggomal/sound/d/%EC%9E%A5%EA%B0%91.mp3','2024-05-08 08:15:16','2024-05-09 07:08:32',NULL),(659,'장미','장미',2,'ㅈ','ㅇ','https://ggomalggomal.s3.ap-southeast-2.amazonaws.com/ggomal/word/w/w+(19).png','https://ggomalggomal.s3.ap-southeast-2.amazonaws.com/ggomal/sound/d/%EC%9E%A5%EB%AF%B8.mp3','2024-05-08 08:15:16','2024-05-09 07:08:32',NULL),(660,'절구','절구',2,'ㅈ','ㄹ','https://ggomalggomal.s3.ap-southeast-2.amazonaws.com/ggomal/word/w/w+(20).png','https://ggomalggomal.s3.ap-southeast-2.amazonaws.com/ggomal/sound/w/%EC%A0%88%EA%B5%AC.mp3','2024-05-08 08:15:16','2024-05-09 07:08:58',NULL),(661,'젓가락','저까락',3,'ㅈ','ㄱ','https://ggomalggomal.s3.ap-southeast-2.amazonaws.com/ggomal/word/w/w+(21).png','https://ggomalggomal.s3.ap-southeast-2.amazonaws.com/ggomal/sound/f/%EC%A0%93%EA%B0%80%EB%9D%BD.mp3','2024-05-08 08:15:16','2024-05-09 07:08:38',NULL),(662,'젖소','젇쏘',2,'ㅈ','ㄷ','https://ggomalggomal.s3.ap-southeast-2.amazonaws.com/ggomal/word/w/w+(22).png','https://ggomalggomal.s3.ap-southeast-2.amazonaws.com/ggomal/sound/tT/%EC%A0%96%EC%86%8C.mp3','2024-05-08 08:15:16','2024-05-09 07:08:53',NULL),(663,'조개','조개',2,'ㅈ',NULL,'https://ggomalggomal.s3.ap-southeast-2.amazonaws.com/ggomal/word/w/w+(23).png','https://ggomalggomal.s3.ap-southeast-2.amazonaws.com/ggomal/sound/rkz/%EC%A1%B0%EA%B0%9C.mp3','2024-05-08 08:15:16','2024-05-09 07:08:45',NULL),(664,'조끼','조끼',2,'ㅈ',NULL,'https://ggomalggomal.s3.ap-southeast-2.amazonaws.com/ggomal/word/w/w+(24).png','https://ggomalggomal.s3.ap-southeast-2.amazonaws.com/ggomal/sound/rkz/%EC%A1%B0%EB%81%BC.mp3','2024-05-08 08:15:16','2024-05-09 07:08:45',NULL),(665,'종','종',1,'ㅈ','ㅇ','https://ggomalggomal.s3.ap-southeast-2.amazonaws.com/ggomal/word/w/w+(25).png','https://ggomalggomal.s3.ap-southeast-2.amazonaws.com/ggomal/sound/d/%EC%A2%85.mp3','2024-05-08 08:15:16','2024-05-09 07:08:32',NULL),(666,'주사기','주:사기',3,'ㅈ',NULL,'https://ggomalggomal.s3.ap-southeast-2.amazonaws.com/ggomal/word/w/w+(26).png','https://ggomalggomal.s3.ap-southeast-2.amazonaws.com/ggomal/sound/w/%EC%A3%BC%EC%82%AC%EA%B8%B0.mp3','2024-05-08 08:15:16','2024-05-09 07:08:58',NULL),(667,'주사위','주사위',3,'ㅈ',NULL,'https://ggomalggomal.s3.ap-southeast-2.amazonaws.com/ggomal/word/w/w+(27).png','https://ggomalggomal.s3.ap-southeast-2.amazonaws.com/ggomal/sound/tT/%EC%A3%BC%EC%82%AC%EC%9C%84.mp3','2024-05-08 08:15:16','2024-05-09 07:08:52',NULL),(668,'주스','주스',2,'ㅈ',NULL,'https://ggomalggomal.s3.ap-southeast-2.amazonaws.com/ggomal/word/w/w+(28).png','https://ggomalggomal.s3.ap-southeast-2.amazonaws.com/ggomal/sound/tT/%EC%A3%BC%EC%8A%A4.mp3','2024-05-08 08:15:16','2024-05-09 07:08:53',NULL),(669,'주전자','주전자',3,'ㅈ','ㄴ','https://ggomalggomal.s3.ap-southeast-2.amazonaws.com/ggomal/word/w/w+(29).png','https://ggomalggomal.s3.ap-southeast-2.amazonaws.com/ggomal/sound/w/%EC%A3%BC%EC%A0%84%EC%9E%90.mp3','2024-05-08 08:15:16','2024-05-09 07:08:58',NULL),(670,'지구','지구',2,'ㅈ',NULL,'https://ggomalggomal.s3.ap-southeast-2.amazonaws.com/ggomal/word/w/w+(30).png','https://ggomalggomal.s3.ap-southeast-2.amazonaws.com/ggomal/sound/rkz/%EC%A7%80%EA%B5%AC.mp3','2024-05-08 08:15:16','2024-05-09 07:08:45',NULL),(671,'지렁이','지:렁이',3,'ㅈ','ㅇ','https://ggomalggomal.s3.ap-southeast-2.amazonaws.com/ggomal/word/w/w+(31).png','https://ggomalggomal.s3.ap-southeast-2.amazonaws.com/ggomal/sound/d/%EC%A7%80%EB%A0%81%EC%9D%B4.mp3','2024-05-08 08:15:16','2024-05-09 07:08:32',NULL),(672,'지우개','지우개',3,'ㅈ',NULL,'https://ggomalggomal.s3.ap-southeast-2.amazonaws.com/ggomal/word/w/w+(32).png','https://ggomalggomal.s3.ap-southeast-2.amazonaws.com/ggomal/sound/rkz/%EC%A7%80%EC%9A%B0%EA%B0%9C.mp3','2024-05-08 08:15:16','2024-05-09 07:08:45',NULL),(673,'편지','편지',2,'ㅈ','ㄴ','https://ggomalggomal.s3.ap-southeast-2.amazonaws.com/ggomal/word/w/w+(33).png','https://ggomalggomal.s3.ap-southeast-2.amazonaws.com/ggomal/sound/qQv/%ED%8E%B8%EC%A7%80.mp3','2024-05-08 08:15:16','2024-05-09 07:08:42',NULL),(674,'피자','피자',2,'ㅈ',NULL,'https://ggomalggomal.s3.ap-southeast-2.amazonaws.com/ggomal/word/w/w+(34).png','https://ggomalggomal.s3.ap-southeast-2.amazonaws.com/ggomal/sound/qQv/%ED%94%BC%EC%9E%90.mp3','2024-05-08 08:15:16','2024-05-09 07:08:42',NULL),(675,'할아버지','하라버지',4,'ㅈ','ㄹ','https://ggomalggomal.s3.ap-southeast-2.amazonaws.com/ggomal/word/w/w+(35).png','https://ggomalggomal.s3.ap-southeast-2.amazonaws.com/ggomal/sound/qQv/%ED%95%A0%EC%95%84%EB%B2%84%EC%A7%80.mp3','2024-05-08 08:15:16','2024-05-09 07:08:42',NULL),(676,'경찰서','경찰써',3,'ㅊ','ㅇ','https://ggomalggomal.s3.ap-southeast-2.amazonaws.com/ggomal/word/c/c+(1).png','https://ggomalggomal.s3.ap-southeast-2.amazonaws.com/ggomal/sound/c/%EA%B2%BD%EC%B0%B0%EC%84%9C.mp3','2024-05-08 08:16:13','2024-05-09 07:08:28',NULL),(677,'고슴도치','고슴도치',4,'ㅊ','ㅁ','https://ggomalggomal.s3.ap-southeast-2.amazonaws.com/ggomal/word/c/c+(2).png','https://ggomalggomal.s3.ap-southeast-2.amazonaws.com/ggomal/sound/c/%EA%B3%A0%EC%8A%B4%EB%8F%84%EC%B9%98.mp3','2024-05-08 08:16:13','2024-05-09 07:08:28',NULL),(678,'고추','고추',2,'ㅊ',NULL,'https://ggomalggomal.s3.ap-southeast-2.amazonaws.com/ggomal/word/c/c+(3).png','https://ggomalggomal.s3.ap-southeast-2.amazonaws.com/ggomal/sound/c/%EA%B3%A0%EC%B6%94.mp3','2024-05-08 08:16:13','2024-05-09 07:08:28',NULL),(679,'구급차','구급차',3,'ㅊ','ㅂ','https://ggomalggomal.s3.ap-southeast-2.amazonaws.com/ggomal/word/c/c+(4).png','https://ggomalggomal.s3.ap-southeast-2.amazonaws.com/ggomal/sound/c/%EA%B5%AC%EA%B8%89%EC%B0%A8.mp3','2024-05-08 08:16:13','2024-05-09 07:08:28',NULL),(680,'기차','기차',2,'ㅊ',NULL,'https://ggomalggomal.s3.ap-southeast-2.amazonaws.com/ggomal/word/c/c+(5).png','https://ggomalggomal.s3.ap-southeast-2.amazonaws.com/ggomal/sound/c/%EA%B8%B0%EC%B0%A8.mp3','2024-05-08 08:16:13','2024-05-09 07:08:28',NULL),(681,'까치','까치',2,'ㅊ',NULL,'https://ggomalggomal.s3.ap-southeast-2.amazonaws.com/ggomal/word/c/c+(6).png','https://ggomalggomal.s3.ap-southeast-2.amazonaws.com/ggomal/sound/c/%EA%B9%8C%EC%B9%98.mp3','2024-05-08 08:16:13','2024-05-09 07:08:28',NULL),(682,'망치','망치',2,'ㅊ','ㅇ','https://ggomalggomal.s3.ap-southeast-2.amazonaws.com/ggomal/word/c/c+(7).png','https://ggomalggomal.s3.ap-southeast-2.amazonaws.com/ggomal/sound/a/%EB%A7%9D%EC%B9%98.mp3','2024-05-08 08:16:13','2024-05-09 07:06:46',NULL),(683,'배추','배추',2,'ㅊ',NULL,'https://ggomalggomal.s3.ap-southeast-2.amazonaws.com/ggomal/word/c/c+(8).png','https://ggomalggomal.s3.ap-southeast-2.amazonaws.com/ggomal/sound/c/%EB%B0%B0%EC%B6%94.mp3','2024-05-08 08:16:13','2024-05-09 07:08:29',NULL),(684,'상추','상추',2,'ㅊ','ㅇ','https://ggomalggomal.s3.ap-southeast-2.amazonaws.com/ggomal/word/c/c+(9).png','https://ggomalggomal.s3.ap-southeast-2.amazonaws.com/ggomal/sound/c/%EC%83%81%EC%B6%94.mp3','2024-05-08 08:16:13','2024-05-09 07:08:29',NULL),(685,'스케치북','스케치북',4,'ㅊ','ㄱ','https://ggomalggomal.s3.ap-southeast-2.amazonaws.com/ggomal/word/c/c+(10).png','https://ggomalggomal.s3.ap-southeast-2.amazonaws.com/ggomal/sound/c/%EC%8A%A4%EC%BC%80%EC%B9%98%EB%B6%81.mp3','2024-05-08 08:16:13','2024-05-09 07:08:29',NULL),(686,'우체국','우체국',3,'ㅊ','ㄱ','https://ggomalggomal.s3.ap-southeast-2.amazonaws.com/ggomal/word/c/c+(11).png','https://ggomalggomal.s3.ap-southeast-2.amazonaws.com/ggomal/sound/c/%EC%9A%B0%EC%B2%B4%EA%B5%AD.mp3','2024-05-08 08:16:13','2024-05-09 07:08:29',NULL),(687,'유치원','유치원',3,'ㅊ','ㄴ','https://ggomalggomal.s3.ap-southeast-2.amazonaws.com/ggomal/word/c/c+(12).png','https://ggomalggomal.s3.ap-southeast-2.amazonaws.com/ggomal/sound/c/%EC%9C%A0%EC%B9%98%EC%9B%90.mp3','2024-05-08 08:16:13','2024-05-09 07:08:29',NULL),(688,'참새','참새',2,'ㅊ','ㅁ','https://ggomalggomal.s3.ap-southeast-2.amazonaws.com/ggomal/word/c/c+(13).png','https://ggomalggomal.s3.ap-southeast-2.amazonaws.com/ggomal/sound/a/%EC%B0%B8%EC%83%88.mp3','2024-05-08 08:16:13','2024-05-09 07:06:47',NULL),(689,'참외','차뫼',2,'ㅊ',NULL,'https://ggomalggomal.s3.ap-southeast-2.amazonaws.com/ggomal/word/c/c+(14).png','https://ggomalggomal.s3.ap-southeast-2.amazonaws.com/ggomal/sound/c/%EC%B0%B8%EC%99%B8.mp3','2024-05-08 08:16:13','2024-05-09 07:08:29',NULL),(690,'책','책',1,'ㅊ','ㄱ','https://ggomalggomal.s3.ap-southeast-2.amazonaws.com/ggomal/word/c/c+(15).png','https://ggomalggomal.s3.ap-southeast-2.amazonaws.com/ggomal/sound/c/%EC%B1%85.mp3','2024-05-08 08:16:13','2024-05-09 07:08:29',NULL),(691,'천원','처눤',2,'ㅊ','ㄴ','https://ggomalggomal.s3.ap-southeast-2.amazonaws.com/ggomal/word/c/c+(16).png','https://ggomalggomal.s3.ap-southeast-2.amazonaws.com/ggomal/sound/c/%EC%B2%9C%EC%9B%90.mp3','2024-05-08 08:16:13','2024-05-09 07:08:29',NULL),(692,'청진기','청진기',3,'ㅊ','ㅇ','https://ggomalggomal.s3.ap-southeast-2.amazonaws.com/ggomal/word/c/c+(17).png','https://ggomalggomal.s3.ap-southeast-2.amazonaws.com/ggomal/sound/c/%EC%B2%AD%EC%A7%84%EA%B8%B0.mp3','2024-05-08 08:16:13','2024-05-09 07:08:29',NULL),(693,'체리','체리',2,'ㅊ',NULL,'https://ggomalggomal.s3.ap-southeast-2.amazonaws.com/ggomal/word/c/c+(18).png','https://ggomalggomal.s3.ap-southeast-2.amazonaws.com/ggomal/sound/c/%EC%B2%B4%EB%A6%AC.mp3','2024-05-08 08:16:13','2024-05-09 07:08:29',NULL),(694,'체온계','체온계',3,'ㅊ','ㄴ','https://ggomalggomal.s3.ap-southeast-2.amazonaws.com/ggomal/word/c/c+(19).png','https://ggomalggomal.s3.ap-southeast-2.amazonaws.com/ggomal/sound/c/%EC%B2%B4%EC%98%A8%EA%B3%84.mp3','2024-05-08 08:16:13','2024-05-09 07:08:29',NULL),(695,'촛불','초뿔',2,'ㅊ','ㄹ','https://ggomalggomal.s3.ap-southeast-2.amazonaws.com/ggomal/word/c/c+(20).png','https://ggomalggomal.s3.ap-southeast-2.amazonaws.com/ggomal/sound/c/%EC%B4%9B%EB%B6%88.mp3','2024-05-08 08:16:13','2024-05-09 07:08:29',NULL),(696,'총','총',1,'ㅊ','ㅇ','https://ggomalggomal.s3.ap-southeast-2.amazonaws.com/ggomal/word/c/c+(21).png','https://ggomalggomal.s3.ap-southeast-2.amazonaws.com/ggomal/sound/c/%EC%B4%9D.mp3','2024-05-08 08:16:13','2024-05-09 07:08:29',NULL),(697,'축구공','축꾸공',3,'ㅊ','ㄱ','https://ggomalggomal.s3.ap-southeast-2.amazonaws.com/ggomal/word/c/c+(22).png','https://ggomalggomal.s3.ap-southeast-2.amazonaws.com/ggomal/sound/c/%EC%B6%95%EA%B5%AC%EA%B3%B5.mp3','2024-05-08 08:16:13','2024-05-09 07:08:29',NULL),(698,'치마','치마',2,'ㅊ',NULL,'https://ggomalggomal.s3.ap-southeast-2.amazonaws.com/ggomal/word/c/c+(23).png','https://ggomalggomal.s3.ap-southeast-2.amazonaws.com/ggomal/sound/c/%EC%B9%98%EB%A7%88.mp3','2024-05-08 08:16:13','2024-05-09 07:08:29',NULL),(699,'치약','치약',2,'ㅊ','ㄱ','https://ggomalggomal.s3.ap-southeast-2.amazonaws.com/ggomal/word/c/c+(24).png','https://ggomalggomal.s3.ap-southeast-2.amazonaws.com/ggomal/sound/c/%EC%B9%98%EC%95%BD.mp3','2024-05-08 08:16:13','2024-05-09 07:08:29',NULL),(700,'칠판','칠판',2,'ㅊ','ㄹ','https://ggomalggomal.s3.ap-southeast-2.amazonaws.com/ggomal/word/c/c+(25).png','https://ggomalggomal.s3.ap-southeast-2.amazonaws.com/ggomal/sound/c/%EC%B9%A0%ED%8C%90.mp3','2024-05-08 08:16:13','2024-05-09 07:08:29',NULL),(701,'칫솔','치쏠',2,'ㅊ','ㄹ','https://ggomalggomal.s3.ap-southeast-2.amazonaws.com/ggomal/word/c/c+(26).png','https://ggomalggomal.s3.ap-southeast-2.amazonaws.com/ggomal/sound/c/%EC%B9%AB%EC%86%94.mp3','2024-05-08 08:16:13','2024-05-09 07:08:29',NULL),(702,'케첩','케첩',2,'ㅊ','ㅂ','https://ggomalggomal.s3.ap-southeast-2.amazonaws.com/ggomal/word/c/c+(27).png','https://ggomalggomal.s3.ap-southeast-2.amazonaws.com/ggomal/sound/c/%EC%BC%80%EC%B2%A9.mp3','2024-05-08 08:16:13','2024-05-09 07:08:29',NULL),(703,'개나리','개ː나리',3,'ㄴ',NULL,'https://ggomalggomal.s3.ap-southeast-2.amazonaws.com/ggomal/word/s/s+(1).png','https://ggomalggomal.s3.ap-southeast-2.amazonaws.com/ggomal/sound/f/%EA%B0%9C%EB%82%98%EB%A6%AC.mp3','2024-05-08 13:05:47','2024-05-09 07:08:37',NULL),(704,'군인','구닌',2,'ㄴ','ㄴ','https://ggomalggomal.s3.ap-southeast-2.amazonaws.com/ggomal/word/s/s+(2).png','https://ggomalggomal.s3.ap-southeast-2.amazonaws.com/ggomal/sound/s/%EA%B5%B0%EC%9D%B8.mp3','2024-05-08 13:05:47','2024-05-09 07:08:49',NULL),(705,'그네','그ː네',2,'ㄴ',NULL,'https://ggomalggomal.s3.ap-southeast-2.amazonaws.com/ggomal/word/s/s+(3).png','https://ggomalggomal.s3.ap-southeast-2.amazonaws.com/ggomal/sound/rkz/%EA%B7%B8%EB%84%A4.mp3','2024-05-08 13:05:47','2024-05-09 07:08:45',NULL),(706,'나누기','나누기',3,'ㄴ',NULL,'https://ggomalggomal.s3.ap-southeast-2.amazonaws.com/ggomal/word/s/s+(4).png','https://ggomalggomal.s3.ap-southeast-2.amazonaws.com/ggomal/sound/s/%EB%82%98%EB%88%84%EA%B8%B0.mp3','2024-05-08 13:05:47','2024-05-09 07:08:49',NULL),(707,'나무','나무',2,'ㄴ',NULL,'https://ggomalggomal.s3.ap-southeast-2.amazonaws.com/ggomal/word/s/s+(5).png','https://ggomalggomal.s3.ap-southeast-2.amazonaws.com/ggomal/sound/a/%EB%82%98%EB%AC%B4.mp3','2024-05-08 13:05:47','2024-05-09 07:06:46',NULL),(708,'나뭇잎','나문닙',3,'ㄴ','ㅂ','https://ggomalggomal.s3.ap-southeast-2.amazonaws.com/ggomal/word/s/s+(6).png','https://ggomalggomal.s3.ap-southeast-2.amazonaws.com/ggomal/sound/qQv/%EB%82%98%EB%AD%87%EC%9E%8E.mp3','2024-05-08 13:05:48','2024-05-09 07:08:43',NULL),(709,'나비','나비',2,'ㄴ',NULL,'https://ggomalggomal.s3.ap-southeast-2.amazonaws.com/ggomal/word/s/s+(7).png','https://ggomalggomal.s3.ap-southeast-2.amazonaws.com/ggomal/sound/qQv/%EB%82%98%EB%B9%84.mp3','2024-05-08 13:05:48','2024-05-09 07:08:41',NULL),(710,'나침반','나침반',3,'ㄴ','ㄴ','https://ggomalggomal.s3.ap-southeast-2.amazonaws.com/ggomal/word/s/s+(8).png','https://ggomalggomal.s3.ap-southeast-2.amazonaws.com/ggomal/sound/s/%EB%82%98%EC%B9%A8%EB%B0%98.mp3','2024-05-08 13:05:48','2024-05-09 07:08:49',NULL),(711,'나팔','나팔',2,'ㄴ','ㄹ','https://ggomalggomal.s3.ap-southeast-2.amazonaws.com/ggomal/word/s/s+(9).png','https://ggomalggomal.s3.ap-southeast-2.amazonaws.com/ggomal/sound/s/%EB%82%98%ED%8C%94.mp3','2024-05-08 13:05:48','2024-05-09 07:08:49',NULL),(712,'낙타','낙타',2,'ㄴ','ㄱ','https://ggomalggomal.s3.ap-southeast-2.amazonaws.com/ggomal/word/s/s+(10).png','https://ggomalggomal.s3.ap-southeast-2.amazonaws.com/ggomal/sound/eEx/%EB%82%99%ED%83%80.mp3','2024-05-08 13:05:48','2024-05-09 07:08:34',NULL),(713,'낙하산','나카산',3,'ㄴ','ㄴ','https://ggomalggomal.s3.ap-southeast-2.amazonaws.com/ggomal/word/s/s+(11).png','https://ggomalggomal.s3.ap-southeast-2.amazonaws.com/ggomal/sound/s/%EB%82%99%ED%95%98%EC%82%B0.mp3','2024-05-08 13:05:48','2024-05-09 07:08:49',NULL),(714,'낚싯대','낙씨때',3,'ㄴ','ㄱ','https://ggomalggomal.s3.ap-southeast-2.amazonaws.com/ggomal/word/s/s+(12).png','https://ggomalggomal.s3.ap-southeast-2.amazonaws.com/ggomal/sound/eEx/%EB%82%9A%EC%8B%AF%EB%8C%80.mp3','2024-05-08 13:05:48','2024-05-09 07:08:35',NULL),(715,'난로','날ː로',2,'ㄴ','ㄹ','https://ggomalggomal.s3.ap-southeast-2.amazonaws.com/ggomal/word/s/s+(13).png','https://ggomalggomal.s3.ap-southeast-2.amazonaws.com/ggomal/sound/s/%EB%82%9C%EB%A1%9C.mp3','2024-05-08 13:05:48','2024-05-09 07:08:49',NULL),(716,'냄비','냄비',2,'ㄴ','ㅁ','https://ggomalggomal.s3.ap-southeast-2.amazonaws.com/ggomal/word/s/s+(14).png','https://ggomalggomal.s3.ap-southeast-2.amazonaws.com/ggomal/sound/a/%EB%83%84%EB%B9%84.mp3','2024-05-08 13:05:48','2024-05-09 07:06:47',NULL),(717,'냉장고','냉ː장고',3,'ㄴ','ㅇ','https://ggomalggomal.s3.ap-southeast-2.amazonaws.com/ggomal/word/s/s+(15).png','https://ggomalggomal.s3.ap-southeast-2.amazonaws.com/ggomal/sound/d/%EB%83%89%EC%9E%A5%EA%B3%A0.mp3','2024-05-08 13:05:48','2024-05-09 07:08:31',NULL),(718,'너구리','너구리',3,'ㄴ',NULL,'https://ggomalggomal.s3.ap-southeast-2.amazonaws.com/ggomal/word/s/s+(16).png','https://ggomalggomal.s3.ap-southeast-2.amazonaws.com/ggomal/sound/f/%EB%84%88%EA%B5%AC%EB%A6%AC.mp3','2024-05-08 13:05:48','2024-05-09 07:08:37',NULL),(719,'네모','네ː모',2,'ㄴ',NULL,'https://ggomalggomal.s3.ap-southeast-2.amazonaws.com/ggomal/word/s/s+(17).png','https://ggomalggomal.s3.ap-southeast-2.amazonaws.com/ggomal/sound/s/%EB%84%A4%EB%AA%A8.mp3','2024-05-08 13:05:48','2024-05-09 07:08:49',NULL),(720,'넥타이','넥타이',3,'ㄴ','ㄱ','https://ggomalggomal.s3.ap-southeast-2.amazonaws.com/ggomal/word/s/s+(18).png','https://ggomalggomal.s3.ap-southeast-2.amazonaws.com/ggomal/sound/s/%EB%84%A5%ED%83%80%EC%9D%B4.mp3','2024-05-08 13:05:48','2024-05-09 07:08:49',NULL),(721,'노랑','노랑',2,'ㄴ','ㅇ','https://ggomalggomal.s3.ap-southeast-2.amazonaws.com/ggomal/word/s/s+(19).png','https://ggomalggomal.s3.ap-southeast-2.amazonaws.com/ggomal/sound/s/%EB%85%B8%EB%9E%91.mp3','2024-05-08 13:05:48','2024-05-09 07:08:49',NULL),(722,'농구공','농구공',3,'ㄴ','ㅇ','https://ggomalggomal.s3.ap-southeast-2.amazonaws.com/ggomal/word/s/s+(20).png','https://ggomalggomal.s3.ap-southeast-2.amazonaws.com/ggomal/sound/d/%EB%86%8D%EA%B5%AC%EA%B3%B5.mp3','2024-05-08 13:05:48','2024-05-09 07:08:31',NULL),(723,'농부','농부',2,'ㄴ','ㅇ','https://ggomalggomal.s3.ap-southeast-2.amazonaws.com/ggomal/word/s/s+(21).png','https://ggomalggomal.s3.ap-southeast-2.amazonaws.com/ggomal/sound/s/%EB%86%8D%EB%B6%80.mp3','2024-05-08 13:05:48','2024-05-09 07:08:49',NULL),(724,'눈','눈',1,'ㄴ','ㄴ','https://ggomalggomal.s3.ap-southeast-2.amazonaws.com/ggomal/word/s/s+(22).png','https://ggomalggomal.s3.ap-southeast-2.amazonaws.com/ggomal/sound/s/%EB%88%88.mp3','2024-05-08 13:05:48','2024-05-09 07:08:49',NULL),(725,'느낌표','느낌표',3,'ㄴ','ㅁ','https://ggomalggomal.s3.ap-southeast-2.amazonaws.com/ggomal/word/s/s+(23).png','https://ggomalggomal.s3.ap-southeast-2.amazonaws.com/ggomal/sound/s/%EB%8A%90%EB%82%8C%ED%91%9C.mp3','2024-05-08 13:05:48','2024-05-09 07:08:49',NULL),(726,'마늘','마늘',2,'ㄴ','ㄹ','https://ggomalggomal.s3.ap-southeast-2.amazonaws.com/ggomal/word/s/s+(24).png','https://ggomalggomal.s3.ap-southeast-2.amazonaws.com/ggomal/sound/a/%EB%A7%88%EB%8A%98.mp3','2024-05-08 13:05:48','2024-05-09 07:06:46',NULL),(727,'문어','무너',2,'ㄴ',NULL,'https://ggomalggomal.s3.ap-southeast-2.amazonaws.com/ggomal/word/s/s+(25).png','https://ggomalggomal.s3.ap-southeast-2.amazonaws.com/ggomal/sound/s/%EB%AC%B8%EC%96%B4.mp3','2024-05-08 13:05:48','2024-05-09 07:08:49',NULL),(728,'바구니','바구니',3,'ㄴ',NULL,'https://ggomalggomal.s3.ap-southeast-2.amazonaws.com/ggomal/word/s/s+(26).png','https://ggomalggomal.s3.ap-southeast-2.amazonaws.com/ggomal/sound/rkz/%EB%B0%94%EA%B5%AC%EB%8B%88.mp3','2024-05-08 13:05:48','2024-05-09 07:08:45',NULL),(729,'바나나','바나나',3,'ㄴ',NULL,'https://ggomalggomal.s3.ap-southeast-2.amazonaws.com/ggomal/word/s/s+(27).png','https://ggomalggomal.s3.ap-southeast-2.amazonaws.com/ggomal/sound/qQv/%EB%B0%94%EB%82%98%EB%82%98.mp3','2024-05-08 13:05:48','2024-05-09 07:08:41',NULL),(730,'바늘','바늘',2,'ㄴ','ㄹ','https://ggomalggomal.s3.ap-southeast-2.amazonaws.com/ggomal/word/s/s+(28).png','https://ggomalggomal.s3.ap-southeast-2.amazonaws.com/ggomal/sound/f/%EB%B0%94%EB%8A%98.mp3','2024-05-08 13:05:48','2024-05-09 07:08:38',NULL),(731,'비누','비누',2,'ㄴ',NULL,'https://ggomalggomal.s3.ap-southeast-2.amazonaws.com/ggomal/word/s/s+(29).png','https://ggomalggomal.s3.ap-southeast-2.amazonaws.com/ggomal/sound/s/%EB%B9%84%EB%88%84.mp3','2024-05-08 13:05:48','2024-05-09 07:08:49',NULL),(732,'선인장','서닌장',3,'ㄴ','ㄴ','https://ggomalggomal.s3.ap-southeast-2.amazonaws.com/ggomal/word/s/s+(30).png','https://ggomalggomal.s3.ap-southeast-2.amazonaws.com/ggomal/sound/d/%EC%84%A0%EC%9D%B8%EC%9E%A5.mp3','2024-05-08 13:05:48','2024-05-09 07:08:32',NULL),(733,'신호등','신ː호등',3,'ㄴ','ㅇ','https://ggomalggomal.s3.ap-southeast-2.amazonaws.com/ggomal/word/s/s+(31).png','https://ggomalggomal.s3.ap-southeast-2.amazonaws.com/ggomal/sound/eEx/%EC%8B%A0%ED%98%B8%EB%93%B1.mp3','2024-05-08 13:05:48','2024-05-09 07:08:35',NULL),(734,'카네이션','카네이션',4,'ㄴ','ㄴ','https://ggomalggomal.s3.ap-southeast-2.amazonaws.com/ggomal/word/s/s+(32).png','https://ggomalggomal.s3.ap-southeast-2.amazonaws.com/ggomal/sound/s/%EC%B9%B4%EB%84%A4%EC%9D%B4%EC%85%98.mp3','2024-05-08 13:05:48','2024-05-09 07:08:49',NULL),(735,'피노키오','피노키오',4,'ㄴ',NULL,'https://ggomalggomal.s3.ap-southeast-2.amazonaws.com/ggomal/word/s/s+(33).png','https://ggomalggomal.s3.ap-southeast-2.amazonaws.com/ggomal/sound/s/%ED%94%BC%EB%85%B8%ED%82%A4%EC%98%A4.mp3','2024-05-08 13:05:48','2024-05-09 07:08:49',NULL),(736,'피아노','피아노',3,'ㄴ',NULL,'https://ggomalggomal.s3.ap-southeast-2.amazonaws.com/ggomal/word/s/s+(34).png','https://ggomalggomal.s3.ap-southeast-2.amazonaws.com/ggomal/sound/qQv/%ED%94%BC%EC%95%84%EB%85%B8.mp3','2024-05-08 13:05:48','2024-05-09 07:08:42',NULL),(737,'계단','계단',2,'ㄱ','ㄴ','https://ggomalggomal.s3.ap-southeast-2.amazonaws.com/ggomal/word/es/es+(1).png','https://ggomalggomal.s3.ap-southeast-2.amazonaws.com/ggomal/sound/eEx/%EA%B3%84%EB%8B%A8.mp3','2024-05-08 13:05:48','2024-05-09 07:08:34',NULL),(738,'계란','계란',2,'ㄱ','ㄴ','https://ggomalggomal.s3.ap-southeast-2.amazonaws.com/ggomal/word/es/es+(2).png','https://ggomalggomal.s3.ap-southeast-2.amazonaws.com/ggomal/sound/rkz/%EA%B3%84%EB%9E%80.mp3','2024-05-08 13:05:48','2024-05-09 07:08:44',NULL),(739,'귀신','귀ː신',2,'ㄱ','ㄴ','https://ggomalggomal.s3.ap-southeast-2.amazonaws.com/ggomal/word/es/es+(3).png','https://ggomalggomal.s3.ap-southeast-2.amazonaws.com/ggomal/sound/rkz/%EA%B7%80%EC%8B%A0.mp3','2024-05-08 13:05:48','2024-05-09 07:08:45',NULL),(740,'기린','기린',2,'ㄱ','ㄴ','https://ggomalggomal.s3.ap-southeast-2.amazonaws.com/ggomal/word/es/es+(4).png','https://ggomalggomal.s3.ap-southeast-2.amazonaws.com/ggomal/sound/f/%EA%B8%B0%EB%A6%B0.mp3','2024-05-08 13:05:48','2024-05-09 07:08:37',NULL),(741,'눈사람','눈ː싸람',3,'ㄴ','ㄴ','https://ggomalggomal.s3.ap-southeast-2.amazonaws.com/ggomal/word/es/es+(5).png','https://ggomalggomal.s3.ap-southeast-2.amazonaws.com/ggomal/sound/a/%EB%88%88%EC%82%AC%EB%9E%8C.mp3','2024-05-08 13:05:48','2024-05-09 07:06:47',NULL),(742,'단추','단추',2,'ㄷ','ㄴ','https://ggomalggomal.s3.ap-southeast-2.amazonaws.com/ggomal/word/es/es+(6).png','https://ggomalggomal.s3.ap-southeast-2.amazonaws.com/ggomal/sound/s/%EB%8B%A8%EC%B6%94.mp3','2024-05-08 13:05:48','2024-05-09 07:08:50',NULL),(743,'단풍','단풍',2,'ㄷ','ㄴ','https://ggomalggomal.s3.ap-southeast-2.amazonaws.com/ggomal/word/es/es+(7).png','https://ggomalggomal.s3.ap-southeast-2.amazonaws.com/ggomal/sound/d/%EB%8B%A8%ED%92%8D.mp3','2024-05-08 13:05:48','2024-05-09 07:08:31',NULL),(744,'당근','당근',2,'ㄷ','ㄴ','https://ggomalggomal.s3.ap-southeast-2.amazonaws.com/ggomal/word/es/es+(8).png','https://ggomalggomal.s3.ap-southeast-2.amazonaws.com/ggomal/sound/eEx/%EB%8B%B9%EA%B7%BC.mp3','2024-05-08 13:05:48','2024-05-09 07:08:34',NULL),(745,'돈','돈',1,'ㄷ','ㄴ','https://ggomalggomal.s3.ap-southeast-2.amazonaws.com/ggomal/word/es/es+(9).png','https://ggomalggomal.s3.ap-southeast-2.amazonaws.com/ggomal/sound/eEx/%EB%8F%88.mp3','2024-05-08 13:05:48','2024-05-09 07:08:34',NULL),(746,'레몬','레몬',2,'ㄹ','ㄴ','https://ggomalggomal.s3.ap-southeast-2.amazonaws.com/ggomal/word/es/es+(10).png','https://ggomalggomal.s3.ap-southeast-2.amazonaws.com/ggomal/sound/a/%EB%A0%88%EB%AA%AC.mp3','2024-05-08 13:05:48','2024-05-09 07:06:46',NULL),(747,'리모컨','리모컨',3,'ㄹ','ㄴ','https://ggomalggomal.s3.ap-southeast-2.amazonaws.com/ggomal/word/es/es+(11).png','https://ggomalggomal.s3.ap-southeast-2.amazonaws.com/ggomal/sound/f/%EB%A6%AC%EB%AA%A8%EC%BB%A8.mp3','2024-05-08 13:05:49','2024-05-09 07:08:37',NULL),(748,'리본','리본',2,'ㄹ','ㄴ','https://ggomalggomal.s3.ap-southeast-2.amazonaws.com/ggomal/word/es/es+(12).png','https://ggomalggomal.s3.ap-southeast-2.amazonaws.com/ggomal/sound/f/%EB%A6%AC%EB%B3%B8.mp3','2024-05-08 13:05:49','2024-05-09 07:08:37',NULL),(749,'만두','만두',2,'ㅁ','ㄴ','https://ggomalggomal.s3.ap-southeast-2.amazonaws.com/ggomal/word/es/es+(13).png','https://ggomalggomal.s3.ap-southeast-2.amazonaws.com/ggomal/sound/a/%EB%A7%8C%EB%91%90.mp3','2024-05-08 13:05:49','2024-05-09 07:06:46',NULL),(750,'망원경','망ː원경',3,'ㅁ','ㄴ','https://ggomalggomal.s3.ap-southeast-2.amazonaws.com/ggomal/word/es/es+(14).png','https://ggomalggomal.s3.ap-southeast-2.amazonaws.com/ggomal/sound/d/%EB%A7%9D%EC%9B%90%EA%B2%BD.mp3','2024-05-08 13:05:49','2024-05-09 07:08:31',NULL),(751,'메론','메론',2,'ㅁ','ㄴ','https://ggomalggomal.s3.ap-southeast-2.amazonaws.com/ggomal/word/es/es+(15).png','https://ggomalggomal.s3.ap-southeast-2.amazonaws.com/ggomal/sound/s/%EB%A9%94%EB%A1%A0.mp3','2024-05-08 13:05:49','2024-05-09 07:08:50',NULL),(752,'면도기','면ː도기',3,'ㅁ','ㄴ','https://ggomalggomal.s3.ap-southeast-2.amazonaws.com/ggomal/word/es/es+(16).png','https://ggomalggomal.s3.ap-southeast-2.amazonaws.com/ggomal/sound/s/%EB%A9%B4%EB%8F%84%EA%B8%B0.mp3','2024-05-08 13:05:49','2024-05-09 07:08:50',NULL),(753,'반지','반지',2,'ㅂ','ㄴ','https://ggomalggomal.s3.ap-southeast-2.amazonaws.com/ggomal/word/es/es+(17).png','https://ggomalggomal.s3.ap-southeast-2.amazonaws.com/ggomal/sound/qQv/%EB%B0%98%EC%A7%80.mp3','2024-05-08 13:05:49','2024-05-09 07:08:41',NULL),(754,'병원','병ː원',2,'ㅂ','ㄴ','https://ggomalggomal.s3.ap-southeast-2.amazonaws.com/ggomal/word/es/es+(18).png','https://ggomalggomal.s3.ap-southeast-2.amazonaws.com/ggomal/sound/d/%EB%B3%91%EC%9B%90.mp3','2024-05-08 13:05:49','2024-05-09 07:08:31',NULL),(755,'산','산',1,'ㅅ','ㄴ','https://ggomalggomal.s3.ap-southeast-2.amazonaws.com/ggomal/word/es/es+(19).png','https://ggomalggomal.s3.ap-southeast-2.amazonaws.com/ggomal/sound/s/%EC%82%B0.mp3','2024-05-08 13:05:49','2024-05-09 07:08:50',NULL),(756,'산타','산타',2,'ㅅ','ㄴ','https://ggomalggomal.s3.ap-southeast-2.amazonaws.com/ggomal/word/es/es+(20).png','https://ggomalggomal.s3.ap-southeast-2.amazonaws.com/ggomal/sound/eEx/%EC%82%B0%ED%83%80.mp3','2024-05-08 13:05:49','2024-05-09 07:08:35',NULL),(757,'샌드위치','샌드위치',4,'ㅅ','ㄴ','https://ggomalggomal.s3.ap-southeast-2.amazonaws.com/ggomal/word/es/es+(21).png','https://ggomalggomal.s3.ap-southeast-2.amazonaws.com/ggomal/sound/eEx/%EC%83%8C%EB%93%9C%EC%9C%84%EC%B9%98.mp3','2024-05-08 13:05:49','2024-05-09 07:08:35',NULL),(759,'선풍기','선풍기',3,'ㅅ','ㄴ','https://ggomalggomal.s3.ap-southeast-2.amazonaws.com/ggomal/word/es/es+(23).png','https://ggomalggomal.s3.ap-southeast-2.amazonaws.com/ggomal/sound/d/%EC%84%A0%ED%92%8D%EA%B8%B0.mp3','2024-05-08 13:05:49','2024-05-09 07:08:32',NULL),(760,'세면대','세ː면대',3,'ㅅ','ㄴ','https://ggomalggomal.s3.ap-southeast-2.amazonaws.com/ggomal/word/es/es+(24).png','https://ggomalggomal.s3.ap-southeast-2.amazonaws.com/ggomal/sound/a/%EC%84%B8%EB%A9%B4%EB%8C%80.mp3','2024-05-08 13:05:49','2024-05-09 07:06:46',NULL),(761,'소방관','소방관',3,'ㅅ','ㄴ','https://ggomalggomal.s3.ap-southeast-2.amazonaws.com/ggomal/word/es/es+(25).png','https://ggomalggomal.s3.ap-southeast-2.amazonaws.com/ggomal/sound/qQv/%EC%86%8C%EB%B0%A9%EA%B4%80.mp3','2024-05-08 13:05:49','2024-05-09 07:08:41',NULL),(762,'송편','송편',2,'ㅅ','ㄴ','https://ggomalggomal.s3.ap-southeast-2.amazonaws.com/ggomal/word/es/es+(26).png','https://ggomalggomal.s3.ap-southeast-2.amazonaws.com/ggomal/sound/d/%EC%86%A1%ED%8E%B8.mp3','2024-05-08 13:05:49','2024-05-09 07:08:32',NULL),(763,'신발','신발',2,'ㅅ','ㄴ','https://ggomalggomal.s3.ap-southeast-2.amazonaws.com/ggomal/word/es/es+(27).png','https://ggomalggomal.s3.ap-southeast-2.amazonaws.com/ggomal/sound/s/%EC%8B%A0%EB%B0%9C.mp3','2024-05-08 13:05:49','2024-05-09 07:08:50',NULL),(764,'실로폰','실로폰',3,'ㅅ','ㄴ','https://ggomalggomal.s3.ap-southeast-2.amazonaws.com/ggomal/word/es/es+(28).png','https://ggomalggomal.s3.ap-southeast-2.amazonaws.com/ggomal/sound/f/%EC%8B%A4%EB%A1%9C%ED%8F%B0.mp3','2024-05-08 13:05:49','2024-05-09 07:08:38',NULL),(765,'에어컨','에어컨',3,'ㅇ','ㄴ','https://ggomalggomal.s3.ap-southeast-2.amazonaws.com/ggomal/word/es/es+(29).png','https://ggomalggomal.s3.ap-southeast-2.amazonaws.com/ggomal/sound/rkz/%EC%97%90%EC%96%B4%EC%BB%A8.mp3','2024-05-08 13:05:49','2024-05-09 07:08:46',NULL),(766,'연필','연필',2,'ㅇ','ㄴ','https://ggomalggomal.s3.ap-southeast-2.amazonaws.com/ggomal/word/es/es+(30).png','https://ggomalggomal.s3.ap-southeast-2.amazonaws.com/ggomal/sound/f/%EC%97%B0%ED%95%84.mp3','2024-05-08 13:05:49','2024-05-09 07:08:38',NULL),(767,'오렌지','오렌지',3,'ㅇ','ㄴ','https://ggomalggomal.s3.ap-southeast-2.amazonaws.com/ggomal/word/es/es+(31).png','https://ggomalggomal.s3.ap-southeast-2.amazonaws.com/ggomal/sound/f/%EC%98%A4%EB%A0%8C%EC%A7%80.mp3','2024-05-08 13:05:49','2024-05-09 07:08:38',NULL),(768,'왕관','왕관',2,'ㅇ','ㄴ','https://ggomalggomal.s3.ap-southeast-2.amazonaws.com/ggomal/word/es/es+(32).png','https://ggomalggomal.s3.ap-southeast-2.amazonaws.com/ggomal/sound/d/%EC%99%95%EA%B4%80.mp3','2024-05-08 13:05:49','2024-05-09 07:08:32',NULL),(769,'우산','우ː산',2,'ㅇ','ㄴ','https://ggomalggomal.s3.ap-southeast-2.amazonaws.com/ggomal/word/es/es+(33).png','https://ggomalggomal.s3.ap-southeast-2.amazonaws.com/ggomal/sound/s/%EC%9A%B0%EC%82%B0.mp3','2024-05-08 13:05:49','2024-05-09 07:08:50',NULL),(770,'원숭이','원ː숭이',3,'ㅇ','ㄴ','https://ggomalggomal.s3.ap-southeast-2.amazonaws.com/ggomal/word/es/es+(34).png','https://ggomalggomal.s3.ap-southeast-2.amazonaws.com/ggomal/sound/s/%EC%9B%90%EC%88%AD%EC%9D%B4.mp3','2024-05-08 13:05:49','2024-05-09 07:08:50',NULL),(771,'자전거','자전거',3,'ㅈ','ㄴ','https://ggomalggomal.s3.ap-southeast-2.amazonaws.com/ggomal/word/es/es+(35).png','https://ggomalggomal.s3.ap-southeast-2.amazonaws.com/ggomal/sound/rkz/%EC%9E%90%EC%A0%84%EA%B1%B0.mp3','2024-05-08 13:05:49','2024-05-09 07:08:45',NULL),(772,'전구','전ː구',2,'ㅈ','ㄴ','https://ggomalggomal.s3.ap-southeast-2.amazonaws.com/ggomal/word/es/es+(36).png','https://ggomalggomal.s3.ap-southeast-2.amazonaws.com/ggomal/sound/s/%EC%A0%84%EA%B5%AC.mp3','2024-05-08 13:05:49','2024-05-09 07:08:50',NULL),(773,'찐빵','찐빵',2,'ㅉ','ㄴ','https://ggomalggomal.s3.ap-southeast-2.amazonaws.com/ggomal/word/es/es+(37).png','https://ggomalggomal.s3.ap-southeast-2.amazonaws.com/ggomal/sound/s/%EC%B0%90%EB%B9%B5.mp3','2024-05-08 13:05:49','2024-05-09 07:08:50',NULL),(774,'창문','창문',2,'ㅊ','ㄴ','https://ggomalggomal.s3.ap-southeast-2.amazonaws.com/ggomal/word/es/es+(38).png','https://ggomalggomal.s3.ap-southeast-2.amazonaws.com/ggomal/sound/s/%EC%B0%BD%EB%AC%B8.mp3','2024-05-08 13:05:49','2024-05-09 07:08:50',NULL),(775,'천사','천사',2,'ㅊ','ㄴ','https://ggomalggomal.s3.ap-southeast-2.amazonaws.com/ggomal/word/es/es+(39).png','https://ggomalggomal.s3.ap-southeast-2.amazonaws.com/ggomal/sound/s/%EC%B2%9C%EC%82%AC.mp3','2024-05-08 13:05:49','2024-05-09 07:08:50',NULL),(776,'칠판','칠판',2,'ㅊ','ㄴ','https://ggomalggomal.s3.ap-southeast-2.amazonaws.com/ggomal/word/es/es+(40).png','https://ggomalggomal.s3.ap-southeast-2.amazonaws.com/ggomal/sound/c/%EC%B9%A0%ED%8C%90.mp3','2024-05-08 13:05:49','2024-05-09 07:08:29',NULL),(777,'탬버린','탬버린',3,'ㅌ','ㄴ','https://ggomalggomal.s3.ap-southeast-2.amazonaws.com/ggomal/word/es/es+(41).png','https://ggomalggomal.s3.ap-southeast-2.amazonaws.com/ggomal/sound/a/%ED%83%AC%EB%B2%84%EB%A6%B0.mp3','2024-05-08 13:05:49','2024-05-09 07:06:47',NULL),(778,'판다','판다',2,'ㅍ','ㄴ','https://ggomalggomal.s3.ap-southeast-2.amazonaws.com/ggomal/word/es/es+(42).png','https://ggomalggomal.s3.ap-southeast-2.amazonaws.com/ggomal/sound/qQv/%ED%8C%90%EB%8B%A4.mp3','2024-05-08 13:05:49','2024-05-09 07:08:42',NULL),(779,'팬티','팬티',2,'ㅍ','ㄴ','https://ggomalggomal.s3.ap-southeast-2.amazonaws.com/ggomal/word/es/es+(43).png','https://ggomalggomal.s3.ap-southeast-2.amazonaws.com/ggomal/sound/eEx/%ED%8C%AC%ED%8B%B0.mp3','2024-05-08 13:05:49','2024-05-09 07:08:35',NULL),(780,'펭귄','펭귄',2,'ㅍ','ㄴ','https://ggomalggomal.s3.ap-southeast-2.amazonaws.com/ggomal/word/es/es+(44).png','https://ggomalggomal.s3.ap-southeast-2.amazonaws.com/ggomal/sound/d/%ED%8E%AD%EA%B7%84.mp3','2024-05-08 13:05:49','2024-05-09 07:08:32',NULL),(781,'편지','편ː지',2,'ㅍ','ㄴ','https://ggomalggomal.s3.ap-southeast-2.amazonaws.com/ggomal/word/es/es+(45).png','https://ggomalggomal.s3.ap-southeast-2.amazonaws.com/ggomal/sound/qQv/%ED%8E%B8%EC%A7%80.mp3','2024-05-08 13:05:49','2024-05-09 07:08:42',NULL),(782,'포크레인','포크레인',4,'ㅍ','ㄴ','https://ggomalggomal.s3.ap-southeast-2.amazonaws.com/ggomal/word/es/es+(46).png','https://ggomalggomal.s3.ap-southeast-2.amazonaws.com/ggomal/sound/f/%ED%8F%AC%ED%81%AC%EB%A0%88%EC%9D%B8.mp3','2024-05-08 13:05:49','2024-05-09 07:08:38',NULL),(783,'표지판','표지판',3,'ㅍ','ㄴ','https://ggomalggomal.s3.ap-southeast-2.amazonaws.com/ggomal/word/es/es+(47).png','https://ggomalggomal.s3.ap-southeast-2.amazonaws.com/ggomal/sound/qQv/%ED%91%9C%EC%A7%80%ED%8C%90.mp3','2024-05-08 13:05:49','2024-05-09 07:08:42',NULL),(784,'풍선','풍선',2,'ㅍ','ㄴ','https://ggomalggomal.s3.ap-southeast-2.amazonaws.com/ggomal/word/es/es+(48).png','https://ggomalggomal.s3.ap-southeast-2.amazonaws.com/ggomal/sound/d/%ED%92%8D%EC%84%A0.mp3','2024-05-08 13:05:49','2024-05-09 07:08:32',NULL),(785,'화분','화분',2,'ㅎ','ㄴ','https://ggomalggomal.s3.ap-southeast-2.amazonaws.com/ggomal/word/es/es+(49).png','https://ggomalggomal.s3.ap-southeast-2.amazonaws.com/ggomal/sound/qQv/%ED%99%94%EB%B6%84.mp3','2024-05-08 13:05:49','2024-05-09 07:08:42',NULL),(786,'회전목마','회전몽마',4,'ㅎ','ㄴ','https://ggomalggomal.s3.ap-southeast-2.amazonaws.com/ggomal/word/es/es+(50).png','https://ggomalggomal.s3.ap-southeast-2.amazonaws.com/ggomal/sound/s/%ED%9A%8C%EC%A0%84%EB%AA%A9%EB%A7%88.mp3','2024-05-08 13:05:49','2024-05-09 07:08:50',NULL),(787,'휴대폰','휴대폰',3,'ㅎ','ㄴ','https://ggomalggomal.s3.ap-southeast-2.amazonaws.com/ggomal/word/es/es+(51).png','https://ggomalggomal.s3.ap-southeast-2.amazonaws.com/ggomal/sound/qQv/%ED%9C%B4%EB%8C%80%ED%8F%B0.mp3','2024-05-08 13:05:50','2024-05-09 07:08:43',NULL);
/*!40000 ALTER TABLE `word` ENABLE KEYS */;
UNLOCK TABLES;
/*!40103 SET TIME_ZONE=@OLD_TIME_ZONE */;

/*!40101 SET SQL_MODE=@OLD_SQL_MODE */;
/*!40014 SET FOREIGN_KEY_CHECKS=@OLD_FOREIGN_KEY_CHECKS */;
/*!40014 SET UNIQUE_CHECKS=@OLD_UNIQUE_CHECKS */;
/*!40101 SET CHARACTER_SET_CLIENT=@OLD_CHARACTER_SET_CLIENT */;
/*!40101 SET CHARACTER_SET_RESULTS=@OLD_CHARACTER_SET_RESULTS */;
/*!40101 SET COLLATION_CONNECTION=@OLD_COLLATION_CONNECTION */;
/*!40111 SET SQL_NOTES=@OLD_SQL_NOTES */;

-- Dump completed on 2024-05-20  0:43:42
